,date,category,connections
0,2026-06-29,ending in parts of a tree,"['embark', 'groot', 'nudibranch', 'strunk']"
1,2026-06-29,parts of a speaker,"['cabinet', 'cone', 'magnet', 'woofer']"
2,2026-06-29,consume with gusto,"['crush', 'guzzle', 'inhale', 'snarf']"
3,2026-06-29,old timey troublemakers,"['miscreant', 'rogue', 'ruffian', 'scoundrel']"
4,2026-06-30,"what ""draft"" might refer to","['breeze', 'on tap', 'recruit', 'sketch']"
5,2026-06-30,common recyclables,"['bottle', 'box', 'can', 'newspaper']"
6,2026-06-30,participate in some winter olympics,"['curl', 'luge', 'skate', 'ski']"
7,2026-06-30,dividing structures,"['fence', 'gate', 'hedge', 'wall']"
8,2026-07-01,starting with countries,"['dominican republic', 'guinea-bissau', 'indianapolis', 'nigeria']"
9,2026-07-01,places in cocktail names,"['cuba', 'long island', 'moscow', 'singapore']"
10,2026-07-01,best picture winners/nominees,"['casablanca', 'chicago', 'fargo', 'munich']"
11,2026-07-01,things named after places,"['champagne', 'china', 'cologne', 'limerick']"
12,2026-07-02,starting with sports venues,"['court jester', 'diamond ring', 'field mouse', 'track record']"
13,2026-07-02,starting with nicknames,"['billy goat', 'dan dan noodles', 'rich text', 'tom-tom']"
14,2026-07-02,old-timey names for things we still use,"['looking glass', 'spectacles', 'talkie', 'water closet']"
15,2026-07-02,they impersonate other things,"['copycat', 'mime', 'mockingbird', 't-1000']"
16,2026-07-03,"what things pronounced ""t"" might refer to","['golf accessory', 'gossip', 'hot drink', 'shirt']"
17,2026-07-03,bad things to give someone,"['cold shoulder', 'dirty look', 'hard time', 'runaround']"
18,2026-07-03,retro expressions of approval,"['cool beans', 'far out', 'groovy', 'right on']"
19,2026-07-03,positive feelings,"['bliss', 'felicity', 'happiness', 'warm fuzzies']"
20,2026-07-04,sweet ___,"['dreams', 'nothings', 'pea', 'spot']"
21,2026-07-04,tropical drinks,"['hurricane', 'painkiller', 'scorpion', 'zombie']"
22,2026-07-04,kinds of poems,"['ballad', 'epic', 'ode', 'villanelle']"
23,2026-07-04,persist,"['continue', 'last', 'linger', 'stay']"
24,2026-07-05,"what ""w"" might stand for","['tungsten', 'west', 'win', 'with']"
25,2026-07-05,amex card types,"['centurion', 'gold', 'green', 'platinum']"
26,2026-07-05,payment methods,"['card', 'cash', 'check', 'wire']"
27,2026-07-05,granola ingredients,"['honey', 'nuts', 'oats', 'seeds']"
28,2026-07-06,starting with dating apps,"['bumblebee', 'grind rail', 'matcha', 'tinderbox']"
29,2026-07-06,acme products used by wile e. coyote,"['earthquake pills', 'iron bird seed', 'rocket skates', 'tnt']"
30,2026-07-06,science fair model subjects,"['atom', 'dna', 'solar system', 'volcano']"
31,2026-07-06,stunning news,"['bombshell', 'revelation', 'shocker', 'thunderbolt']"
32,2026-07-07,"ending in ""sesame street"" characters","['bernie', 'colbert', 'discount', 'san anselmo']"
33,2026-07-07,___ twist,"['french', 'lemon', 'oliver', 'plot']"
34,2026-07-07,student-athlete designations,"['all-american', 'jock', 'letterman', 'team captain']"
35,2026-07-07,rooms in clue,"['conservatory', 'hall', 'kitchen', 'study']"
36,2026-07-08,house of ___,"['cards', 'lords', 'wax', 'worship']"
37,2026-07-08,guitar-playing techniques,"['pick', 'pluck', 'strum', 'tap']"
38,2026-07-08,motif,"['drift', 'plot', 'theme', 'thread']"
39,2026-07-08,cut into thin pieces,"['grate', 'plane', 'shave', 'sliver']"
40,2026-07-09,pontiac models,"['firebird', 'g6', 'grand prix', 'trans am']"
41,2026-07-09,kinds of rugs,"['persian', 'prayer', 'shag', 'throw']"
42,2026-07-09,music publications,"['billboard', 'pitchfork', 'rolling stone', 'spin']"
43,2026-07-09,non-alcoholic designators,"['na', 'spirit-free', 'virgin', 'zero-proof']"
44,2026-07-10,starting with baseball calls,"['ball gown', 'outkast', 'safe mode', 'strike a pose']"
45,2026-07-10,'80s synth-pop bands,"['depeche mode', 'erasure', 'new order', 'pet shop boys']"
46,2026-07-10,dessert menu descriptors,"['decadent', 'fresh-baked', 'molten', 'à la mode']"
47,2026-07-10,smartphone settings,"['airplane mode', 'do not disturb', 'hotspot', 'location services']"
48,2026-07-11,double letters appearing in that letter's alphabetical position,"['aardvark', 'bocce', 'ebbing', 'twiddle']"
49,2026-07-11,"""toy story"" characters","['bo peep', 'jessie', 'slinky', 'woody']"
50,2026-07-11,"undisturbed, as water","['calm', 'flat', 'glassy', 'still']"
51,2026-07-11,circus equipment,"['cannon', 'stilts', 'trapeze', 'unicycle']"
52,2026-07-12,starts of u.s. capitals,"['den', 'mad', 'pho', 'sac']"
53,2026-07-12,verbs in a college life slogan,"['party', 'repeat', 'sleep', 'study']"
54,2026-07-12,bit of fruit-flavored candy,"['dot', 'nerd', 'runt', 'spree']"
55,2026-07-12,reproductive part of fruit,"['pip', 'pit', 'seed', 'stone']"
56,2026-07-13,starting with smooches,"['bussin', 'kisser', 'peckish', 'smackdown']"
57,2026-07-13,fictional cats,"['figaro', 'puss', 'salem', 'tom']"
58,2026-07-13,things with handles,"['bucket', 'drawer', 'mug', 'umbrella']"
59,2026-07-13,interrogate,"['examine', 'grill', 'pump', 'question']"
60,2026-07-14,symbolized with arrows,"['recycling', 'shuffle', 'this side up', 'u-turn']"
61,2026-07-14,kinds of baskets,"['easter', 'grocery', 'laundry', 'picnic']"
62,2026-07-14,edit menu options,"['copy', 'cut', 'delete', 'paste']"
63,2026-07-14,contract,"['agreement', 'bargain', 'deal', 'understanding']"
64,2026-07-15,"words before ""room"" to indicate extra space","['breathing', 'elbow', 'head', 'wiggle']"
65,2026-07-15,kinds of sports,"['extreme', 'motor', 'racket', 'water']"
66,2026-07-15,things with laces,"['baseball glove', 'corset', 'football', 'shoe']"
67,2026-07-15,terms for the legal system,"['bar', 'bench', 'court', 'tribunal']"
68,2026-07-16,starting with tiny marks,"['dot matrix', 'period piece', 'point break', 'spot remover']"
69,2026-07-16,associated with precision,"['bullseye', 'clockwork', 'laser', 'needle']"
70,2026-07-16,shades of black,"['charcoal', 'ink', 'jet', 'pitch']"
71,2026-07-16,skincare products,"['clay mask', 'eye cream', 'peel', 'toner']"
72,2026-07-17,ending in parts of a car,"['plot spoiler', 'robin hood', 'satires', 'tree trunk']"
73,2026-07-17,four groups of four,"['cardinal directions', 'classical elements', 'seasons', 'suits']"
74,2026-07-17,seen in an arcade,"['crane game', 'pinball', 'tickets', 'tokens']"
75,2026-07-17,grand finale,"['epilogue', 'farewell', 'last dance', 'swan song']"
76,2026-07-18,"words after ""pop""","['culture', 'fly', 'quiz', 'tart']"
77,2026-07-18,things tracked in video games,"['health', 'lives', 'score', 'time']"
78,2026-07-18,belief,"['attitude', 'mind', 'opinion', 'view']"
79,2026-07-18,commit a basketball violation,"['carry', 'double dribble', 'goaltend', 'travel']"
80,2026-07-19,___ face expressions,"['game', 'long', 'poker', 'straight']"
81,2026-07-19,things toilets do,"['drain', 'flush', 'refill', 'swirl']"
82,2026-07-19,digital coupling verbs,"['connect', 'join', 'pair', 'sync']"
83,2026-07-19,circuit components,"['breaker', 'fuse', 'relay', 'switch']"
84,2026-07-20,starting with alcoholic beverages,"['alexa', 'meadow', 'portobello', 'sakes']"
85,2026-07-20,associated with pearls,"['bubble tea', 'oyster', 'swine', 'wisdom']"
86,2026-07-20,things to click,"['button', 'icon', 'link', 'menu']"
87,2026-07-20,announce,"['blare', 'herald', 'sound', 'trumpet']"
88,2026-07-21,tele___,"['gram', 'kinesis', 'prompter', 'vision']"
89,2026-07-21,elements of a musical,"['book', 'lyrics', 'music', 'orchestration']"
90,2026-07-21,software downloads,"['app', 'driver', 'extension', 'plugin']"
91,2026-07-21,kinds of tops,"['crop', 'halter', 'tank', 'tube']"
92,2026-07-22,features of a zebra,"['hooves', 'mane', 'tail', 'white stripes']"
93,2026-07-22,platform-specific posts,"['pins', 'snaps', 'tweets', 'vines']"
94,2026-07-22,on a golf scorecard,"['hole', 'par', 'score', 'strokes']"
95,2026-07-22,symptoms of an allergic reaction,"['hives', 'itching', 'rash', 'redness']"
96,2026-07-23,ending in geometry terms,"['appoint', 'deplane', 'feline', 'jangle']"
97,2026-07-23,parts of an airport,"['apron', 'hangar', 'runway', 'terminal']"
98,2026-07-23,in an anxious state,"['excited', 'febrile', 'frenetic', 'intense']"
99,2026-07-23,spherical things,"['baseball', 'globe', 'marble', 'orange']"
100,2026-07-24,homophones of religious roles,"['canter', 'fryer', 'llama', 'none']"
101,2026-07-24,"bring to mind, as a memory","['jog', 'prompt', 'refresh', 'spark']"
102,2026-07-24,outcomes for a batter,"['home run', 'single', 'strikeout', 'walk']"
103,2026-07-24,talk at length,"['babble', 'drone', 'ramble', 'yak']"
104,2026-07-25,strip ___,"['club', 'mall', 'poker', 'steak']"
105,2026-07-25,african currencies,"['kwanza', 'leone', 'naira', 'rand']"
106,2026-07-25,"start to cry, with ""up""","['choke', 'mist', 'tear', 'well']"
107,2026-07-25,spanish relatives,"['abuela', 'hijo', 'madre', 'primo']"
108,2026-07-26,"what ""shell"" might refer to","['carapace', 'gas station', 'pastry crust', 'rowing boat']"
109,2026-07-26,expressions for rain,"['april showers', 'liquid sunshine', 'scotch mist', 'wet weather']"
110,2026-07-26,outmoded consumer tech,"['blackberry', 'discman', 'dvd player', 'plasma tv']"
111,2026-07-26,baby milestones,"['crawling', 'first words', 'rolling over', 'solid food']"
112,2026-07-27,icons on a shopping site,"['bell', 'cart', 'heart', 'magnifying glass']"
113,2026-07-27,kinds of shifts,"['doppler', 'graveyard', 'paradigm', 'stick']"
114,2026-07-27,long tapered things,"['carrot', 'icicle', 'knitting needle', 'stalactite']"
115,2026-07-27,gymnastics apparatus,"['beam', 'horse', 'rings', 'vault']"
116,2026-07-28,starting with palindromic names,"['annapolis', 'bobsled', 'everest', 'ottoman']"
117,2026-07-28,"shoe brands starting with ""c""","['camper', 'clarks', 'converse', 'crocs']"
118,2026-07-28,how do you like them apples,"['empire', 'fuji', 'gala', 'honeycrisp']"
119,2026-07-28,command,"['captain', 'direct', 'head', 'lead']"
120,2026-07-29,___boards in a classroom,"['black', 'chalk', 'cork', 'white']"
121,2026-07-29,units of wisdom,"['gem', 'nugget', 'pearl', 'word']"
122,2026-07-29,nondescript,"['basic', 'mid', 'plain', 'vanilla']"
123,2026-07-29,fasteners,"['nail', 'rivet', 'screw', 'staple']"
124,2026-07-30,"on the ___, to mean ""precise""","['dot', 'mark', 'money', 'nose']"
125,2026-07-30,cruise lines,"['carnival', 'celebrity', 'princess', 'viking']"
126,2026-07-30,activities with multiple balls,"['beer pong', 'bingo', 'juggling', 'pool']"
127,2026-07-30,virtuous,"['fair', 'good', 'just', 'right']"
128,2026-07-31,starting with merriments,"['cheerios', 'fungus', 'gleek', 'joystick']"
129,2026-07-31,fruits plus starting letter,"['dapple', 'jdate', 'slime', 'spear']"
130,2026-07-31,super mario figures,"['dinosaur', 'mushroom', 'plumber', 'princess']"
131,2026-07-31,construct,"['fashion', 'model', 'mold', 'shape']"
132,2026-08-01,starting with bread shapes,"['boulevard', 'bundle', 'loafer', 'rolls-royce']"
133,2026-08-01,perform some hole machining operations,"['bore', 'countersink', 'drill', 'ream']"
134,2026-08-01,oscar-winning actors since 2010,"['bale', 'jordan', 'phoenix', 'waltz']"
135,2026-08-01,bedding,"['comforter', 'sham', 'sheet', 'throw']"
136,2026-08-02,u.s. airport codes plus starting letter,"['asea', 'flax', 'lord', 'olga']"
137,2026-08-02,___ mode,"['airplane', 'beast', 'dark', 'à la']"
138,2026-08-02,by means of,"['by', 'per', 'through', 'via']"
139,2026-08-02,filler words,"['actually', 'like', 'so', 'well']"
140,2026-08-03,"starting with synonyms for ""pester""","['bug fix', 'nag champa', 'needless', 'tea set']"
141,2026-08-03,"""y"" is the only vowel","['fly by', 'myrrh', 'nsync', 'rhythm']"
142,2026-08-03,shades of green,"['forest', 'hunter', 'mint', 'sage']"
143,2026-08-03,road less traveled,"['alley', 'backstreet', 'byway', 'lane']"
144,2026-08-04,v-shaped things,"['angle bracket', 'chevron', 'goose formation', 'peace sign']"
145,2026-08-04,things with pedals,"['piano', 'sewing machine', 'swan boat', 'unicycle']"
146,2026-08-04,iconic nyc sights,"['bodega', 'pigeon', 'subway station', 'taxi cab']"
147,2026-08-04,long cylindrical things,"['cigarette', 'foam roller', 'pool noodle', 'pretzel rod']"
148,2026-08-05,"what ""stock"" might refer to","['broth', 'cattle', 'investment', 'merchandise']"
149,2026-08-05,house styles,"['cape cod', 'mission', 'ranch', 'tudor']"
150,2026-08-05,jeans brands,"['diesel', 'gap', 'lucky', 'wrangler']"
151,2026-08-05,navigate,"['drive', 'maneuver', 'pilot', 'steer']"
152,2026-08-06,places with nets,"['barclays center', 'fishing boat', 'hockey rink', 'tennis court']"
153,2026-08-06,iconic roman landmarks,"['colosseum', 'pantheon', 'spanish steps', 'trevi fountain']"
154,2026-08-06,places with lanes,"['bowling alley', 'freeway', 'supermarket', 'swimming pool']"
155,2026-08-06,classic wooden toys,"['alphabet blocks', 'cup-and-ball', ""jacob's ladder"", 'lincoln logs']"
156,2026-08-07,starting with male animals,"['buckyball', 'jackpot', 'rambo', 'tomatillo']"
157,2026-08-07,parts of an elevator,"['buttons', 'cables', 'motor', 'shaft']"
158,2026-08-07,cold things,"['liquid nitrogen', 'refrigerator', 'snow', 'sundae']"
159,2026-08-07,components of a candle,"['fragrance', 'jar', 'wax', 'wick']"
160,2026-08-08,safety ___,"['belt', 'goggles', 'pin', 'razor']"
161,2026-08-08,words abbreviated with letters as homophones,"['cutie', 'easy', 'effects', 'i owe you']"
162,2026-08-08,convey,"['couch', 'express', 'frame', 'phrase']"
163,2026-08-08,quaint expressions of excitement,"['hot dog', 'hurrah', 'whoopee', 'yahoo']"
164,2026-08-09,things people try to get out of,"['bad dream', 'escape room', 'jury duty', 'labyrinth']"
165,2026-08-09,movie subgenres,"['buddy cop', 'neo-noir', 'space opera', 'spaghetti western']"
166,2026-08-09,classic children's books,"['caps for sale', 'corduroy', 'goodnight moon', 'madeline']"
167,2026-08-09,take a different approach,"['change tack', 'course-correct', 'recalibrate', 'shift gears']"
168,2026-08-10,famous goatees,"['billy goat', 'colonel sanders', 'doctor strange', 'the devil']"
169,2026-08-10,sections on an invoice,"['balance due', 'bill to', 'order number', 'unit price']"
170,2026-08-10,ways to receive event tickets,"['mail delivery', 'mobile ticket', 'print-at-home', 'will call']"
171,2026-08-10,haphazardly,"['any old how', 'at random', 'helter-skelter', 'willy-nilly']"
172,2026-08-11,homophones of facial features,"['aye', 'hare', 'knows', 'tung']"
173,2026-08-11,words in an auctioneer's chant,"['going', 'once', 'sold', 'twice']"
174,2026-08-11,basic cable channels,"['bet', 'bravo', 'history', 'usa']"
175,2026-08-11,doomed,"['done', 'sunk', 'through', 'toast']"
176,2026-08-12,starting with affirmative responses,"['fine print', 'goodbye', 'great white', 'okayama']"
177,2026-08-12,nbc sitcom surnames,"['benes', 'bing', 'lemon', 'scott']"
178,2026-08-12,kinds of frogs,"['bull', 'green', 'poison dart', 'tree']"
179,2026-08-12,"hold onto, as a feeling","['foster', 'harbor', 'maintain', 'nurse']"
180,2026-08-13,"""cold"" things, in idioms","['comfort', 'feet', 'shoulder', 'turkey']"
181,2026-08-13,airline status perks,"['checked bags', 'lounge', 'miles', 'upgrade']"
182,2026-08-13,move slowly (up to),"['creep', 'ease', 'edge', 'inch']"
183,2026-08-13,persevere,"['carry on', 'continue', 'make it', 'persist']"
184,2026-08-14,triangle logos,"['bass ale', 'citgo', 'delta airlines', 'google drive']"
185,2026-08-14,comic book artist's tools,"['bristol board', 'dip pen', 'india ink', 'straightedge']"
186,2026-08-14,places where everyone thinks the same ways,"['bubble', 'echo chamber', 'hivemind', 'silo']"
187,2026-08-14,black-and-yellow,"['bumblebee', 'caution tape', 'charlie brown', 'wolverine']"
188,2026-08-15,ending in synonyms for follow secretly,"['beanstalk', 'eyeshadow', 'hightail', 'soundtrack']"
189,2026-08-15,ending in units of length,"['chamomile', 'grinch', 'hotfoot', 'lanyard']"
190,2026-08-15,segment,"['leg', 'phase', 'stage', 'stretch']"
191,2026-08-15,exhausted,"['beat', 'fried', 'spent', 'worn out']"
192,2026-08-16,descriptors for our human ancestors,"['from neander', 'handy', 'upright', 'wise']"
193,2026-08-16,family relationship modifiers,"['grand', 'great', 'half', 'step']"
194,2026-08-16,participant,"['actor', 'agent', 'party', 'player']"
195,2026-08-16,musical performance,"['concert', 'gig', 'set', 'show']"
196,2026-08-17,starting with pets,"['birdie', 'cattle', 'dogie', 'fisheye']"
197,2026-08-17,first names of country music legends,"['dolly', 'johnny', 'patsy', 'willie']"
198,2026-08-17,spreadsheet features,"['formula', 'function', 'macro', 'script']"
199,2026-08-17,video call platforms,"['huddle', 'meet', 'teams', 'zoom']"
200,2026-08-18,things that are gritty,"['cowboy coffee', 'film noir', 'flyers mascot', 'sandpaper']"
201,2026-08-18,things that are orange,"['basketball', 'orangutan', 'sweet potato', 'traffic cone']"
202,2026-08-18,pjs,"['petroleum jelly', 'poetic justice', 'practical joke', 'private jet']"
203,2026-08-18,seen at a movie premiere,"['limousine', 'paparazzi', 'red carpet', 'velvet rope']"
204,2026-08-19,homophones of cgi-animated films,"['ants', 'cocoa', 'rheo', 'seoul']"
205,2026-08-19,"words before ""ball"" in sport names","['base', 'basket', 'foot', 'pickle']"
206,2026-08-19,conceal,"['blanket', 'hide', 'mask', 'obscure']"
207,2026-08-19,piece of cake,"['breeze', 'cinch', 'picnic', 'snap']"
208,2026-08-20,starting with chinese zodiac animals,"['dragonfly', 'oxford', 'pigment', 'ratchet']"
209,2026-08-20,similarly shaped typographical marks,"['apostrophe', 'cedilla', 'comma', 'okina']"
210,2026-08-20,kinds of numbers,"['atomic', 'serial', 'social security', 'telephone']"
211,2026-08-20,kinds of pizza,"['diavola', 'hawaiian', 'meat lovers', 'white']"
212,2026-08-21,once in a ___,"['blue moon', 'generation', 'lifetime', 'while']"
213,2026-08-21,___ kids,"['comeback', 'karate', 'sundance', 'wimpy']"
214,2026-08-21,calls to begin a performance,"['action', 'curtain up', 'places', 'showtime']"
215,2026-08-21,things most animals need,"['nutrition', 'oxygen', 'sleep', 'water']"
216,2026-08-22,___ girls of pop culture,"['gilmore', 'golden', 'mean', 'spice']"
217,2026-08-22,garden hose settings,"['cone', 'jet', 'mist', 'shower']"
218,2026-08-22,kinds of melon,"['bitter', 'musk', 'water', 'winter']"
219,2026-08-22,carpentry tools,"['chisel', 'hammer', 'plane', 'saw']"
220,2026-08-23,household stain removers,"['baking soda', 'club soda', 'hydrogen peroxide', 'vinegar']"
221,2026-08-23,made with potatoes,"['home fries', 'potato battery', 'vischyssoise', 'vodka']"
222,2026-08-23,double vowels,"['antifreeze', 'bazaar', 'skiing', 'vacuum']"
223,2026-08-23,potentially explosive things,"['powder keg', 'time bomb', 'tinderbox', 'volcano']"
224,2026-08-24,letter homophone plus tennis term,"['beset', 'deserve', 'ex-love', 'eyelet']"
225,2026-08-24,pro-wrestling lingo,"['face', 'heel', 'jobber', 'kayfabe']"
226,2026-08-24,principal,"['arch', 'chief', 'main', 'prime']"
227,2026-08-24,fish,"['mullet', 'pike', 'sole', 'tang']"
228,2026-08-25,ending in ice cream orders,"['harlem shake', 'inside scoop', 'lickety-split', 'traffic cone']"
229,2026-08-25,"stephen king film adaptations, with ""the""","['green mile', 'long walk', 'running man', 'shawshank redemption']"
230,2026-08-25,sci-fi phenomena,"['hyperspace', 'parallel universe', 'teleportation', 'time warp']"
231,2026-08-25,surface-level,"['cosmetic', 'one-dimensional', 'skin-deep', 'superficial']"
232,2026-08-26,key ___,"['chain', 'largo', 'lime', 'signature']"
233,2026-08-26,"what ""p"" might stand for","['page', 'park', 'phosphorus', 'piano']"
234,2026-08-26,knack,"['forte', 'gift', 'strength', 'talent']"
235,2026-08-26,"""there you have it!""","['behold', 'presto', 'shazam', 'voilà']"
236,2026-08-27,music genre plus starting letter,"['brock', 'nemo', 'spunk', 'wrap']"
237,2026-08-27,shades of gray,"['ash', 'dove', 'pewter', 'slate']"
238,2026-08-27,moved to tears,"['choked up', 'emotional', 'misty', 'overcome']"
239,2026-08-27,electric things,"['electric eel', 'lightning', 'live wire', 'pikachu']"
240,2026-08-28,top of the ___,"['hour', 'line', 'morning', 'pops']"
241,2026-08-28,modern add-ons/combining forms,"['bro', 'coded', 'era', 'maxxing']"
242,2026-08-28,palindromes,"['mom', 'noon', 'sis', 'top spot']"
243,2026-08-28,bedtime parting words,"['night', 'rest easy', 'sleep tight', 'sweet dreams']"
244,2026-08-29,starting with figures from greek myth,"['at last', 'herald', 'hydrant', 'tritone']"
245,2026-08-29,keyboard keys,"['control', 'escape', 'shift', 'space']"
246,2026-08-29,kinds of salad,"['chopped', 'greek', 'house', 'wedge']"
247,2026-08-29,under the hood of a car,"['alternator', 'battery', 'engine', 'radiator']"
248,2026-08-30,words on an old west wanted poster,"['alias', 'outlaw', 'reward', 'wanted']"
249,2026-08-30,brands with bunny rabbit mascots,"['cadbury', 'energizer', 'playboy', 'trix']"
250,2026-08-30,wine accessories,"['aerator', 'corkscrew', 'decanter', 'stopper']"
251,2026-08-30,exercise facilities,"['gymnasium', 'health club', 'rec center', 'ymca']"
252,2026-08-31,___ bowl,"['dust', 'poke', 'salad', 'super']"
253,2026-08-31,historical sovereign titles,"['caliph', 'khan', 'pharaoh', 'shogun']"
254,2026-08-31,warnings on a shipping box,"['fragile', 'heavy', 'perishable', 'this side up']"
255,2026-08-31,things that come in tubes,"['lipstick', 'poster', 'tennis balls', 'toothpaste']"
256,2026-09-01,starting with words of intention,"['aimee mann', 'hope diamond', 'planetarium', 'wishy-washy']"
257,2026-09-01,private investigators of fiction,"['hercule poirot', 'mike hammer', 'sam spade', 'sherlock holmes']"
258,2026-09-01,"long, skinny things often seen together","['arrow', 'golf club', 'pick-up stick', 'spaghetto']"
259,2026-09-01,"""i promise!""","['cross my heart', 'for real', 'on god', 'pinky swear']"
260,2026-09-02,___ dogs (that aren't dogs),"['corn', 'prairie', 'salty', 'top']"
261,2026-09-02,___ dogs (that are dogs),"['hunting', 'rescue', 'sausage', 'sheep']"
262,2026-09-02,things in a violin case,"['bow', 'mute', 'rosin', 'shoulder rest']"
263,2026-09-02,flabbergast,"['dazzle', 'floor', 'stun', 'wow']"
264,2026-09-03,spreadsheet functions,"['average', 'count', 'max', 'sum']"
265,2026-09-03,toy car brands,"['hot wheels', 'matchbox', 'micro machines', 'tonka']"
266,2026-09-03,shades of red,"['carmine', 'cinnabar', 'maroon', 'vermillion']"
267,2026-09-03,two shakes of a lamb's tail,"['blink', 'flash', 'heartbeat', 'trice']"
268,2026-09-04,accessories inside starting and ending letters,"['cringy', 'opine', 'stied', ""that's""]"
269,2026-09-04,kinds of eels,"['conger', 'gulper', 'moray', 'ribbon']"
270,2026-09-04,food whose name is two foods,"['cake donut', 'candy corn', 'cherry tomato', 'pizza pie']"
271,2026-09-04,spherical things,"['bowling ball', 'eye', 'moon', 'orange']"
272,2026-09-05,desserts minus last letter,"['cobble', 'pi', 'tar', 'tort']"
273,2026-09-05,___head,"['bobble', 'hammer', 'jug', 'sleepy']"
274,2026-09-05,bird onomatopoeia,"['coo', 'gobble', 'honk', 'warble']"
275,2026-09-05,move unsteadily,"['sway', 'toddle', 'totter', 'wobble']"
276,2026-09-06,ending with ways to carve a surface,"['court scribe', ""director's cut"", 'pizza slice', 'sat score']"
277,2026-09-06,abbreviations followed by redundant word,"['atm machine', 'lcd display', 'pin number', 'upc code']"
278,2026-09-06,places to insert something into on a computer,"['card slot', 'headphone jack', 'optical drive', 'usb port']"
279,2026-09-06,unrestricted permission,"['blank check', 'carte blanche', 'free reign', 'full authority']"
280,2026-09-07,starting with disney characters,"['plutonium', 'scar tissue', 'stitch marker', 'trampoline']"
281,2026-09-07,associated with pine trees,"['car air freshener', 'christmas', 'needles', 'turpentine']"
282,2026-09-07,parts of a bra,"['cup', 'hook', 'strap', 'underwire']"
283,2026-09-07,quite the saga,"['fabrication', 'fish story', 'tall tale', 'yarn']"
284,2026-09-08,candy bars plus a letter,"['doves', 'marsh', 'skort', 'twixt']"
285,2026-09-08,___ heart,"['artichoke', 'purple', 'sacred', 'take to']"
286,2026-09-08,features of a mime costume,"['beret', 'gloves', 'stripes', 'suspenders']"
287,2026-09-08,classic american performance cars,"['corvette', 'firebird', 'mustang', 'viper']"
288,2026-09-09,"words before ""force""","['brute', 'electromagnetic', 'g', 'task']"
289,2026-09-09,horror movies,"['arachnophobia', 'halloween', 'it', 'saw']"
290,2026-09-09,"words with ""small"" prefixes","['microbrewery', 'minivan', 'nanotechnology', 'picosecond']"
291,2026-09-09,hard to understand,"['bewildering', 'esoteric', 'incomprehensible', 'opaque']"
292,2026-09-10,"ending in synonyms for ""happening now""","['adult contemporary', 'alternating current', 'represent', 'sextant']"
293,2026-09-10,bruce springsteen classics,"['atlantic city', 'badlands', 'born to run', 'thunder road']"
294,2026-09-10,what you might see sticking out of a window,"['air conditioner', 'catio', 'clothesline', 'flower box']"
295,2026-09-10,chemical elements,"['actinium', 'krypton', 'lead', 'sulfur']"
296,2026-09-11,things that are pushed metaphorically,"['agenda', 'envelope', 'limits', 'luck']"
297,2026-09-11,ways to practice self-care,"['exercise', 'journal', 'meditate', 'unplug']"
298,2026-09-11,internalize,"['absorb', 'digest', 'process', 'take in']"
299,2026-09-11,people hired for an event,"['band', 'florist', 'photographer', 'planner']"
300,2026-09-12,___ alert,"['nerd', 'red', 'spoiler', 'weather']"
301,2026-09-12,things that blink,"['cursor', 'eyelids', 'smoke detector', 'turn signal']"
302,2026-09-12,people in an online forum,"['lurker', 'poster', 'spammer', 'troll']"
303,2026-09-12,ways to personalize a car,"['bumper sticker', 'fuzzy dice', 'hood ornament', 'vanity plate']"
304,2026-09-13,ending in elevated landforms,"['doublespeak', 'heathcliff', 'paramount', 'porridge']"
305,2026-09-13,words that sound like two letters,"['empty', 'excess', 'kewpie', 'odie']"
306,2026-09-13,u.s. presidents,"['cleveland', 'garfield', 'grant', 'madison']"
307,2026-09-13,lacking in firmness,"['droopy', 'flaccid', 'sagging', 'slack']"
308,2026-09-14,___grass,"['blue', 'crab', 'lemon', 'wheat']"
309,2026-09-14,common single-use plastic items,"['bag', 'cutlery', 'stirrer', 'straw']"
310,2026-09-14,informant,"['canary', 'rat', 'snitch', 'stoolie']"
311,2026-09-14,waterbirds,"['coot', 'goose', 'loon', 'teal']"
312,2026-09-15,things that appear at the end,"['caboose', 'december', 'dessert', 'epilogue']"
313,2026-09-15,undercover operative,"['asset', 'mole', 'plant', 'sleeper']"
314,2026-09-15,parts of a whistling kettle,"['handle', 'lid', 'spout', 'whistle']"
315,2026-09-15,instruct,"['coach', 'direct', 'guide', 'train']"
316,2026-09-16,sausages plus a letter,"['borat', 'clink', 'frank-n-furter', 'widener']"
317,2026-09-16,poets' middle names,"['barrett', 'carlos', 'st. vincent', 'wadsworth']"
318,2026-09-16,starting with u.s. coins,"['dimension', 'nickelodeon', 'pennywise', 'quarterback']"
319,2026-09-16,ending in metal elements,"['latin', 'long john silver', 'marigold', 'steam iron']"
320,2026-09-17,love ___,"['handles', 'language', 'tap', 'triangle']"
321,2026-09-17,"hugh jackman movies, with ""the""","['fountain', 'prestige', 'sheep detectives', 'wolverine']"
322,2026-09-17,things that are underground,"['mine shaft', 'sewer line', 'subway station', 'well']"
323,2026-09-17,elasticity,"['bounce', 'flexibility', 'give', 'spring']"
324,2026-09-18,___case,"['brief', 'pillow', 'stair', 'upper']"
325,2026-09-18,parts of a flight,"['boarding', 'cruise', 'landing', 'takeoff']"
326,2026-09-18,assortments of food/drink,"['flight', 'medley', 'platter', 'sampler']"
327,2026-09-18,segment of a process,"['phase', 'round', 'stage', 'step']"
328,2026-09-19,starting with abbreviated math functions,"['cos lettuce', 'log cabin', 'sin city', 'tan line']"
329,2026-09-19,associated with swinging london in the 1960s,"['carnaby street', 'miniskirt', 'mod', 'twiggy']"
330,2026-09-19,features of a kid's drawing,"['house', 'stick figure', 'sun', 'tree']"
331,2026-09-19,widen one's scope,"['branch out', 'diversify', 'expand', 'grow']"
332,2026-09-20,___boards you ride on,"['hover', 'skate', 'snow', 'surf']"
333,2026-09-20,vampire movies,"['blade', 'near dark', 'sinners', 'twilight']"
334,2026-09-20,associated with kentucky,"['bluegrass', 'bourbon', 'derby', 'fried chicken']"
335,2026-09-20,round flat things,"['blu-ray', 'coaster', 'sand dollar', 'tortilla']"
336,2026-09-21,starts of composers' names,"['beet', 'brah', 'chop', 'viva']"
337,2026-09-21,chess verbs,"['capture', 'castle', 'check', 'mate']"
338,2026-09-21,ways to attract fish,"['chum', 'fly', 'spinner', 'worm']"
339,2026-09-21,email buttons,"['compose', 'drafts', 'sent', 'spam']"
340,2026-09-22,beverages with acute accents removed,"['cafe', 'patron', 'rose', 'the']"
341,2026-09-22,options on a multiple choice survey,"['agree', 'disagree', 'neutral', 'other']"
342,2026-09-22,embellishment,"['accent', 'detail', 'flourish', 'touch']"
343,2026-09-22,demonstratives,"['that', 'these', 'this', 'those']"
344,2026-09-23,"ending in synonyms for ""term""","['bitcoin', 'record label', 'rub-a-dub', 'suriname']"
345,2026-09-23,things that come in cans,"['condensed milk', 'paint', 'shaving cream', 'spam']"
346,2026-09-23,website hurdles,"['age verification', 'captcha', 'cookie consent', 'paywall']"
347,2026-09-23,things you grab before leaving the house,"['keys', 'phone', 'sunglasses', 'wallet']"
348,2026-09-24,anagrams,"['beer hat', 'breathe', 'herb tea', 'the bear']"
349,2026-09-24,featuring pointing,"['creation of adam', 'foam finger', ""i'm with stupid shirt"", 'uncle sam']"
350,2026-09-24,things with spring/s,"['bobblehead', 'pogo stick', 'snakes in a can', 'trampoline']"
351,2026-09-24,parts of a vampire costume,"['cape', 'face paint', 'fake blood', 'fangs']"
352,2026-09-25,taxonomic ranks plus a letter,"['border', 'classy', 'foamily', 'genius']"
353,2026-09-25,famous dans,"['aykroyd', 'levy', 'rather', 'savage']"
354,2026-09-25,parts of a mechanical clock,"['escapement', 'pendulum', 'ratchet', 'spring']"
355,2026-09-25,luxe,"['bougie', 'fancy', 'posh', 'swank']"
356,2026-09-26,"""cool"" things, in expressions","['beans', 'cat', 'cucumber', 'customer']"
357,2026-09-26,features of wood,"['burl', 'grain', 'knots', 'rings']"
358,2026-09-26,things done to a dress shirt at the laundry,"['fold', 'press', 'starch', 'wash']"
359,2026-09-26,breath fresheners,"['gum', 'mint', 'mouthwash', 'spray']"
360,2026-09-27,ending in chinese dynasties,"['bbqing', 'homing', 'lohan', 'wu-tang']"
361,2026-09-27,telecom,"['carrier', 'network', 'operator', 'provider']"
362,2026-09-27,restaurant seating options,"['banquette', 'booth', 'chair', 'stool']"
363,2026-09-27,sculpture media,"['bronze', 'clay', 'marble', 'plaster']"
364,2026-09-28,three letters plus repeated trigrams,"['arkansans', 'chihuahua', 'possesses', 'springing']"
365,2026-09-28,dodge models,"['challenger', 'charger', 'durango', 'viper']"
366,2026-09-28,oyster condiments,"['horseradish', 'lemon', 'mignonette', 'tabasco']"
367,2026-09-28,things with stalks,"['bamboo', 'celery', 'corn', 'wheat']"
368,2026-09-29,phrases hiding greek letters,"['freeze tag', 'home game', 'model tank', 'oral phase']"
369,2026-09-29,first words of pixar films,"['finding', 'inside', 'monsters', 'toy']"
370,2026-09-29,river features,"['delta', 'drainage basin', 'mouth', 'stream bed']"
371,2026-09-29,secluded,"['hidden', 'remote', 'secret', 'tucked away']"
372,2026-09-30,starting with month abbreviations,"['decent', 'novelty', 'octopussy', 'septum']"
373,2026-09-30,gangster movies,"['bugsy', 'casino', 'donnie brasco', 'scarface']"
374,2026-09-30,things that are shaken (not stirred),"['etch a sketch', 'martini', 'spray paint', 'tambourine']"
375,2026-09-30,securities,"['bond', 'future', 'option', 'stock']"
376,2026-10-01,starts of nyt print puzzles,"['acro', 'cross', 'ken', 'sud']"
377,2026-10-01,"2000s indie rock bands, with ""the""","['decemberists', 'national', 'shins', 'walkmen']"
378,2026-10-01,dress shirt measurements,"['chest', 'neck', 'sleeve', 'waist']"
379,2026-10-01,put,"['place', 'position', 'situate', 'stick']"
380,2026-10-02,prime ___,"['number', 'real estate', 'rib', 'time']"
381,2026-10-02,customary,"['common', 'routine', 'standard', 'stock']"
382,2026-10-02,fingers,"['index', 'little', 'middle', 'ring']"
383,2026-10-02,finance,"['back', 'bankroll', 'fund', 'support']"
384,2026-10-03,ending in fantasy creatures,"['diet sprite', 'merv griffin', 'ny giant', 'river phoenix']"
385,2026-10-03,starting with u.s. museums,"['broad bean', 'getty images', 'met halfway', 'whitney houston']"
386,2026-10-03,ending in musicals,"['elbow grease', 'fat cats', 'linda hamilton', 'something wicked']"
387,2026-10-03,"starting with terms for ""toilet""","['can opener', 'head waiter', 'john denver', 'w.c. fields']"
388,2026-10-04,silent ___,"['auction', 'film', 'partner', 'treatment']"
389,2026-10-04,parts of a judge costume,"['collar', 'gavel', 'robe', 'wig']"
390,2026-10-04,table tennis needs,"['ball', 'net', 'paddle', 'table']"
391,2026-10-04,considerable amount,"['bunch', 'heap', 'lot', 'stack']"
392,2026-10-05,ending in ways to temporarily acquire,"['parent', 'please', 'sapphire', 'sloan']"
393,2026-10-05,kinds of boards,"['advisory', 'chess', 'ironing', 'message']"
394,2026-10-05,adjectives for mature content,"['explicit', 'graphic', 'strong', 'suggestive']"
395,2026-10-05,calm,"['content', 'peaceful', 'placid', 'serene']"
396,2026-10-06,ending in talents,"['catskill', 'knickknack', 'pianoforte', 'stability']"
397,2026-10-06,___ inn hotels,"['comfort', 'days', 'hampton', 'holiday']"
398,2026-10-06,kinds of chairs,"['adirondack', 'eames', 'windsor', 'wingback']"
399,2026-10-06,"financial firms, for short","['berkshire', 'citi', 'goldman', 'merrill']"
400,2026-06-29,ending in parts of a tree,"['embark', 'groot', 'nudibranch', 'strunk']"
401,2026-06-29,parts of a speaker,"['cabinet', 'cone', 'magnet', 'woofer']"
402,2026-06-29,consume with gusto,"['crush', 'guzzle', 'inhale', 'snarf']"
403,2026-06-29,old timey troublemakers,"['miscreant', 'rogue', 'ruffian', 'scoundrel']"
404,2026-06-30,"what ""draft"" might refer to","['breeze', 'on tap', 'recruit', 'sketch']"
405,2026-06-30,common recyclables,"['bottle', 'box', 'can', 'newspaper']"
406,2026-06-30,participate in some winter olympics,"['curl', 'luge', 'skate', 'ski']"
407,2026-06-30,dividing structures,"['fence', 'gate', 'hedge', 'wall']"
408,2026-07-01,starting with countries,"['dominican republic', 'guinea-bissau', 'indianapolis', 'nigeria']"
409,2026-07-01,places in cocktail names,"['cuba', 'long island', 'moscow', 'singapore']"
410,2026-07-01,best picture winners/nominees,"['casablanca', 'chicago', 'fargo', 'munich']"
411,2026-07-01,things named after places,"['champagne', 'china', 'cologne', 'limerick']"
412,2026-07-02,starting with sports venues,"['court jester', 'diamond ring', 'field mouse', 'track record']"
413,2026-07-02,starting with nicknames,"['billy goat', 'dan dan noodles', 'rich text', 'tom-tom']"
414,2026-07-02,old-timey names for things we still use,"['looking glass', 'spectacles', 'talkie', 'water closet']"
415,2026-07-02,they impersonate other things,"['copycat', 'mime', 'mockingbird', 't-1000']"
416,2026-07-03,"what things pronounced ""t"" might refer to","['golf accessory', 'gossip', 'hot drink', 'shirt']"
417,2026-07-03,bad things to give someone,"['cold shoulder', 'dirty look', 'hard time', 'runaround']"
418,2026-07-03,retro expressions of approval,"['cool beans', 'far out', 'groovy', 'right on']"
419,2026-07-03,positive feelings,"['bliss', 'felicity', 'happiness', 'warm fuzzies']"
420,2026-07-04,sweet ___,"['dreams', 'nothings', 'pea', 'spot']"
421,2026-07-04,tropical drinks,"['hurricane', 'painkiller', 'scorpion', 'zombie']"
422,2026-07-04,kinds of poems,"['ballad', 'epic', 'ode', 'villanelle']"
423,2026-07-04,persist,"['continue', 'last', 'linger', 'stay']"
424,2026-07-05,"what ""w"" might stand for","['tungsten', 'west', 'win', 'with']"
425,2026-07-05,amex card types,"['centurion', 'gold', 'green', 'platinum']"
426,2026-07-05,payment methods,"['card', 'cash', 'check', 'wire']"
427,2026-07-05,granola ingredients,"['honey', 'nuts', 'oats', 'seeds']"
428,2026-07-06,starting with dating apps,"['bumblebee', 'grind rail', 'matcha', 'tinderbox']"
429,2026-07-06,acme products used by wile e. coyote,"['earthquake pills', 'iron bird seed', 'rocket skates', 'tnt']"
430,2026-07-06,science fair model subjects,"['atom', 'dna', 'solar system', 'volcano']"
431,2026-07-06,stunning news,"['bombshell', 'revelation', 'shocker', 'thunderbolt']"
432,2026-07-07,"ending in ""sesame street"" characters","['bernie', 'colbert', 'discount', 'san anselmo']"
433,2026-07-07,___ twist,"['french', 'lemon', 'oliver', 'plot']"
434,2026-07-07,student-athlete designations,"['all-american', 'jock', 'letterman', 'team captain']"
435,2026-07-07,rooms in clue,"['conservatory', 'hall', 'kitchen', 'study']"
436,2026-07-08,house of ___,"['cards', 'lords', 'wax', 'worship']"
437,2026-07-08,guitar-playing techniques,"['pick', 'pluck', 'strum', 'tap']"
438,2026-07-08,motif,"['drift', 'plot', 'theme', 'thread']"
439,2026-07-08,cut into thin pieces,"['grate', 'plane', 'shave', 'sliver']"
440,2026-07-09,pontiac models,"['firebird', 'g6', 'grand prix', 'trans am']"
441,2026-07-09,kinds of rugs,"['persian', 'prayer', 'shag', 'throw']"
442,2026-07-09,music publications,"['billboard', 'pitchfork', 'rolling stone', 'spin']"
443,2026-07-09,non-alcoholic designators,"['na', 'spirit-free', 'virgin', 'zero-proof']"
444,2026-07-10,starting with baseball calls,"['ball gown', 'outkast', 'safe mode', 'strike a pose']"
445,2026-07-10,'80s synth-pop bands,"['depeche mode', 'erasure', 'new order', 'pet shop boys']"
446,2026-07-10,dessert menu descriptors,"['decadent', 'fresh-baked', 'molten', 'à la mode']"
447,2026-07-10,smartphone settings,"['airplane mode', 'do not disturb', 'hotspot', 'location services']"
448,2026-07-11,double letters appearing in that letter's alphabetical position,"['aardvark', 'bocce', 'ebbing', 'twiddle']"
449,2026-07-11,"""toy story"" characters","['bo peep', 'jessie', 'slinky', 'woody']"
450,2026-07-11,"undisturbed, as water","['calm', 'flat', 'glassy', 'still']"
451,2026-07-11,circus equipment,"['cannon', 'stilts', 'trapeze', 'unicycle']"
452,2026-07-12,starts of u.s. capitals,"['den', 'mad', 'pho', 'sac']"
453,2026-07-12,verbs in a college life slogan,"['party', 'repeat', 'sleep', 'study']"
454,2026-07-12,bit of fruit-flavored candy,"['dot', 'nerd', 'runt', 'spree']"
455,2026-07-12,reproductive part of fruit,"['pip', 'pit', 'seed', 'stone']"
456,2026-07-13,starting with smooches,"['bussin', 'kisser', 'peckish', 'smackdown']"
457,2026-07-13,fictional cats,"['figaro', 'puss', 'salem', 'tom']"
458,2026-07-13,things with handles,"['bucket', 'drawer', 'mug', 'umbrella']"
459,2026-07-13,interrogate,"['examine', 'grill', 'pump', 'question']"
460,2026-07-14,symbolized with arrows,"['recycling', 'shuffle', 'this side up', 'u-turn']"
461,2026-07-14,kinds of baskets,"['easter', 'grocery', 'laundry', 'picnic']"
462,2026-07-14,edit menu options,"['copy', 'cut', 'delete', 'paste']"
463,2026-07-14,contract,"['agreement', 'bargain', 'deal', 'understanding']"
464,2026-07-15,"words before ""room"" to indicate extra space","['breathing', 'elbow', 'head', 'wiggle']"
465,2026-07-15,kinds of sports,"['extreme', 'motor', 'racket', 'water']"
466,2026-07-15,things with laces,"['baseball glove', 'corset', 'football', 'shoe']"
467,2026-07-15,terms for the legal system,"['bar', 'bench', 'court', 'tribunal']"
468,2026-07-16,starting with tiny marks,"['dot matrix', 'period piece', 'point break', 'spot remover']"
469,2026-07-16,associated with precision,"['bullseye', 'clockwork', 'laser', 'needle']"
470,2026-07-16,shades of black,"['charcoal', 'ink', 'jet', 'pitch']"
471,2026-07-16,skincare products,"['clay mask', 'eye cream', 'peel', 'toner']"
472,2026-07-17,ending in parts of a car,"['plot spoiler', 'robin hood', 'satires', 'tree trunk']"
473,2026-07-17,four groups of four,"['cardinal directions', 'classical elements', 'seasons', 'suits']"
474,2026-07-17,seen in an arcade,"['crane game', 'pinball', 'tickets', 'tokens']"
475,2026-07-17,grand finale,"['epilogue', 'farewell', 'last dance', 'swan song']"
476,2026-07-18,"words after ""pop""","['culture', 'fly', 'quiz', 'tart']"
477,2026-07-18,things tracked in video games,"['health', 'lives', 'score', 'time']"
478,2026-07-18,belief,"['attitude', 'mind', 'opinion', 'view']"
479,2026-07-18,commit a basketball violation,"['carry', 'double dribble', 'goaltend', 'travel']"
480,2026-07-19,___ face expressions,"['game', 'long', 'poker', 'straight']"
481,2026-07-19,things toilets do,"['drain', 'flush', 'refill', 'swirl']"
482,2026-07-19,digital coupling verbs,"['connect', 'join', 'pair', 'sync']"
483,2026-07-19,circuit components,"['breaker', 'fuse', 'relay', 'switch']"
484,2026-07-20,starting with alcoholic beverages,"['alexa', 'meadow', 'portobello', 'sakes']"
485,2026-07-20,associated with pearls,"['bubble tea', 'oyster', 'swine', 'wisdom']"
486,2026-07-20,things to click,"['button', 'icon', 'link', 'menu']"
487,2026-07-20,announce,"['blare', 'herald', 'sound', 'trumpet']"
488,2026-07-21,tele___,"['gram', 'kinesis', 'prompter', 'vision']"
489,2026-07-21,elements of a musical,"['book', 'lyrics', 'music', 'orchestration']"
490,2026-07-21,software downloads,"['app', 'driver', 'extension', 'plugin']"
491,2026-07-21,kinds of tops,"['crop', 'halter', 'tank', 'tube']"
492,2026-07-22,features of a zebra,"['hooves', 'mane', 'tail', 'white stripes']"
493,2026-07-22,platform-specific posts,"['pins', 'snaps', 'tweets', 'vines']"
494,2026-07-22,on a golf scorecard,"['hole', 'par', 'score', 'strokes']"
495,2026-07-22,symptoms of an allergic reaction,"['hives', 'itching', 'rash', 'redness']"
496,2026-07-23,ending in geometry terms,"['appoint', 'deplane', 'feline', 'jangle']"
497,2026-07-23,parts of an airport,"['apron', 'hangar', 'runway', 'terminal']"
498,2026-07-23,in an anxious state,"['excited', 'febrile', 'frenetic', 'intense']"
499,2026-07-23,spherical things,"['baseball', 'globe', 'marble', 'orange']"
500,2026-07-24,homophones of religious roles,"['canter', 'fryer', 'llama', 'none']"
501,2026-07-24,"bring to mind, as a memory","['jog', 'prompt', 'refresh', 'spark']"
502,2026-07-24,outcomes for a batter,"['home run', 'single', 'strikeout', 'walk']"
503,2026-07-24,talk at length,"['babble', 'drone', 'ramble', 'yak']"
504,2026-07-25,strip ___,"['club', 'mall', 'poker', 'steak']"
505,2026-07-25,african currencies,"['kwanza', 'leone', 'naira', 'rand']"
506,2026-07-25,"start to cry, with ""up""","['choke', 'mist', 'tear', 'well']"
507,2026-07-25,spanish relatives,"['abuela', 'hijo', 'madre', 'primo']"
508,2026-07-26,"what ""shell"" might refer to","['carapace', 'gas station', 'pastry crust', 'rowing boat']"
509,2026-07-26,expressions for rain,"['april showers', 'liquid sunshine', 'scotch mist', 'wet weather']"
510,2026-07-26,outmoded consumer tech,"['blackberry', 'discman', 'dvd player', 'plasma tv']"
511,2026-07-26,baby milestones,"['crawling', 'first words', 'rolling over', 'solid food']"
512,2026-07-27,icons on a shopping site,"['bell', 'cart', 'heart', 'magnifying glass']"
513,2026-07-27,kinds of shifts,"['doppler', 'graveyard', 'paradigm', 'stick']"
514,2026-07-27,long tapered things,"['carrot', 'icicle', 'knitting needle', 'stalactite']"
515,2026-07-27,gymnastics apparatus,"['beam', 'horse', 'rings', 'vault']"
516,2026-07-28,starting with palindromic names,"['annapolis', 'bobsled', 'everest', 'ottoman']"
517,2026-07-28,"shoe brands starting with ""c""","['camper', 'clarks', 'converse', 'crocs']"
518,2026-07-28,how do you like them apples,"['empire', 'fuji', 'gala', 'honeycrisp']"
519,2026-07-28,command,"['captain', 'direct', 'head', 'lead']"
520,2026-07-29,___boards in a classroom,"['black', 'chalk', 'cork', 'white']"
521,2026-07-29,units of wisdom,"['gem', 'nugget', 'pearl', 'word']"
522,2026-07-29,nondescript,"['basic', 'mid', 'plain', 'vanilla']"
523,2026-07-29,fasteners,"['nail', 'rivet', 'screw', 'staple']"
524,2026-07-30,"on the ___, to mean ""precise""","['dot', 'mark', 'money', 'nose']"
525,2026-07-30,cruise lines,"['carnival', 'celebrity', 'princess', 'viking']"
526,2026-07-30,activities with multiple balls,"['beer pong', 'bingo', 'juggling', 'pool']"
527,2026-07-30,virtuous,"['fair', 'good', 'just', 'right']"
528,2026-07-31,starting with merriments,"['cheerios', 'fungus', 'gleek', 'joystick']"
529,2026-07-31,fruits plus starting letter,"['dapple', 'jdate', 'slime', 'spear']"
530,2026-07-31,super mario figures,"['dinosaur', 'mushroom', 'plumber', 'princess']"
531,2026-07-31,construct,"['fashion', 'model', 'mold', 'shape']"
532,2026-08-01,starting with bread shapes,"['boulevard', 'bundle', 'loafer', 'rolls-royce']"
533,2026-08-01,perform some hole machining operations,"['bore', 'countersink', 'drill', 'ream']"
534,2026-08-01,oscar-winning actors since 2010,"['bale', 'jordan', 'phoenix', 'waltz']"
535,2026-08-01,bedding,"['comforter', 'sham', 'sheet', 'throw']"
536,2026-08-02,u.s. airport codes plus starting letter,"['asea', 'flax', 'lord', 'olga']"
537,2026-08-02,___ mode,"['airplane', 'beast', 'dark', 'à la']"
538,2026-08-02,by means of,"['by', 'per', 'through', 'via']"
539,2026-08-02,filler words,"['actually', 'like', 'so', 'well']"
540,2026-08-03,"starting with synonyms for ""pester""","['bug fix', 'nag champa', 'needless', 'tea set']"
541,2026-08-03,"""y"" is the only vowel","['fly by', 'myrrh', 'nsync', 'rhythm']"
542,2026-08-03,shades of green,"['forest', 'hunter', 'mint', 'sage']"
543,2026-08-03,road less traveled,"['alley', 'backstreet', 'byway', 'lane']"
544,2026-08-04,v-shaped things,"['angle bracket', 'chevron', 'goose formation', 'peace sign']"
545,2026-08-04,things with pedals,"['piano', 'sewing machine', 'swan boat', 'unicycle']"
546,2026-08-04,iconic nyc sights,"['bodega', 'pigeon', 'subway station', 'taxi cab']"
547,2026-08-04,long cylindrical things,"['cigarette', 'foam roller', 'pool noodle', 'pretzel rod']"
548,2026-08-05,"what ""stock"" might refer to","['broth', 'cattle', 'investment', 'merchandise']"
549,2026-08-05,house styles,"['cape cod', 'mission', 'ranch', 'tudor']"
550,2026-08-05,jeans brands,"['diesel', 'gap', 'lucky', 'wrangler']"
551,2026-08-05,navigate,"['drive', 'maneuver', 'pilot', 'steer']"
552,2026-08-06,places with nets,"['barclays center', 'fishing boat', 'hockey rink', 'tennis court']"
553,2026-08-06,iconic roman landmarks,"['colosseum', 'pantheon', 'spanish steps', 'trevi fountain']"
554,2026-08-06,places with lanes,"['bowling alley', 'freeway', 'supermarket', 'swimming pool']"
555,2026-08-06,classic wooden toys,"['alphabet blocks', 'cup-and-ball', ""jacob's ladder"", 'lincoln logs']"
556,2026-08-07,starting with male animals,"['buckyball', 'jackpot', 'rambo', 'tomatillo']"
557,2026-08-07,parts of an elevator,"['buttons', 'cables', 'motor', 'shaft']"
558,2026-08-07,cold things,"['liquid nitrogen', 'refrigerator', 'snow', 'sundae']"
559,2026-08-07,components of a candle,"['fragrance', 'jar', 'wax', 'wick']"
560,2026-08-08,safety ___,"['belt', 'goggles', 'pin', 'razor']"
561,2026-08-08,words abbreviated with letters as homophones,"['cutie', 'easy', 'effects', 'i owe you']"
562,2026-08-08,convey,"['couch', 'express', 'frame', 'phrase']"
563,2026-08-08,quaint expressions of excitement,"['hot dog', 'hurrah', 'whoopee', 'yahoo']"
564,2026-08-09,things people try to get out of,"['bad dream', 'escape room', 'jury duty', 'labyrinth']"
565,2026-08-09,movie subgenres,"['buddy cop', 'neo-noir', 'space opera', 'spaghetti western']"
566,2026-08-09,classic children's books,"['caps for sale', 'corduroy', 'goodnight moon', 'madeline']"
567,2026-08-09,take a different approach,"['change tack', 'course-correct', 'recalibrate', 'shift gears']"
568,2026-08-10,famous goatees,"['billy goat', 'colonel sanders', 'doctor strange', 'the devil']"
569,2026-08-10,sections on an invoice,"['balance due', 'bill to', 'order number', 'unit price']"
570,2026-08-10,ways to receive event tickets,"['mail delivery', 'mobile ticket', 'print-at-home', 'will call']"
571,2026-08-10,haphazardly,"['any old how', 'at random', 'helter-skelter', 'willy-nilly']"
572,2026-08-11,homophones of facial features,"['aye', 'hare', 'knows', 'tung']"
573,2026-08-11,words in an auctioneer's chant,"['going', 'once', 'sold', 'twice']"
574,2026-08-11,basic cable channels,"['bet', 'bravo', 'history', 'usa']"
575,2026-08-11,doomed,"['done', 'sunk', 'through', 'toast']"
576,2026-08-12,starting with affirmative responses,"['fine print', 'goodbye', 'great white', 'okayama']"
577,2026-08-12,nbc sitcom surnames,"['benes', 'bing', 'lemon', 'scott']"
578,2026-08-12,kinds of frogs,"['bull', 'green', 'poison dart', 'tree']"
579,2026-08-12,"hold onto, as a feeling","['foster', 'harbor', 'maintain', 'nurse']"
580,2026-08-13,"""cold"" things, in idioms","['comfort', 'feet', 'shoulder', 'turkey']"
581,2026-08-13,airline status perks,"['checked bags', 'lounge', 'miles', 'upgrade']"
582,2026-08-13,move slowly (up to),"['creep', 'ease', 'edge', 'inch']"
583,2026-08-13,persevere,"['carry on', 'continue', 'make it', 'persist']"
584,2026-08-14,triangle logos,"['bass ale', 'citgo', 'delta airlines', 'google drive']"
585,2026-08-14,comic book artist's tools,"['bristol board', 'dip pen', 'india ink', 'straightedge']"
586,2026-08-14,places where everyone thinks the same ways,"['bubble', 'echo chamber', 'hivemind', 'silo']"
587,2026-08-14,black-and-yellow,"['bumblebee', 'caution tape', 'charlie brown', 'wolverine']"
588,2026-08-15,ending in synonyms for follow secretly,"['beanstalk', 'eyeshadow', 'hightail', 'soundtrack']"
589,2026-08-15,ending in units of length,"['chamomile', 'grinch', 'hotfoot', 'lanyard']"
590,2026-08-15,segment,"['leg', 'phase', 'stage', 'stretch']"
591,2026-08-15,exhausted,"['beat', 'fried', 'spent', 'worn out']"
592,2026-08-16,descriptors for our human ancestors,"['from neander', 'handy', 'upright', 'wise']"
593,2026-08-16,family relationship modifiers,"['grand', 'great', 'half', 'step']"
594,2026-08-16,participant,"['actor', 'agent', 'party', 'player']"
595,2026-08-16,musical performance,"['concert', 'gig', 'set', 'show']"
596,2026-08-17,starting with pets,"['birdie', 'cattle', 'dogie', 'fisheye']"
597,2026-08-17,first names of country music legends,"['dolly', 'johnny', 'patsy', 'willie']"
598,2026-08-17,spreadsheet features,"['formula', 'function', 'macro', 'script']"
599,2026-08-17,video call platforms,"['huddle', 'meet', 'teams', 'zoom']"
600,2026-08-18,things that are gritty,"['cowboy coffee', 'film noir', 'flyers mascot', 'sandpaper']"
601,2026-08-18,things that are orange,"['basketball', 'orangutan', 'sweet potato', 'traffic cone']"
602,2026-08-18,pjs,"['petroleum jelly', 'poetic justice', 'practical joke', 'private jet']"
603,2026-08-18,seen at a movie premiere,"['limousine', 'paparazzi', 'red carpet', 'velvet rope']"
604,2026-08-19,homophones of cgi-animated films,"['ants', 'cocoa', 'rheo', 'seoul']"
605,2026-08-19,"words before ""ball"" in sport names","['base', 'basket', 'foot', 'pickle']"
606,2026-08-19,conceal,"['blanket', 'hide', 'mask', 'obscure']"
607,2026-08-19,piece of cake,"['breeze', 'cinch', 'picnic', 'snap']"
608,2026-08-20,starting with chinese zodiac animals,"['dragonfly', 'oxford', 'pigment', 'ratchet']"
609,2026-08-20,similarly shaped typographical marks,"['apostrophe', 'cedilla', 'comma', 'okina']"
610,2026-08-20,kinds of numbers,"['atomic', 'serial', 'social security', 'telephone']"
611,2026-08-20,kinds of pizza,"['diavola', 'hawaiian', 'meat lovers', 'white']"
612,2026-08-21,once in a ___,"['blue moon', 'generation', 'lifetime', 'while']"
613,2026-08-21,___ kids,"['comeback', 'karate', 'sundance', 'wimpy']"
614,2026-08-21,calls to begin a performance,"['action', 'curtain up', 'places', 'showtime']"
615,2026-08-21,things most animals need,"['nutrition', 'oxygen', 'sleep', 'water']"
616,2026-08-22,___ girls of pop culture,"['gilmore', 'golden', 'mean', 'spice']"
617,2026-08-22,garden hose settings,"['cone', 'jet', 'mist', 'shower']"
618,2026-08-22,kinds of melon,"['bitter', 'musk', 'water', 'winter']"
619,2026-08-22,carpentry tools,"['chisel', 'hammer', 'plane', 'saw']"
620,2026-08-23,household stain removers,"['baking soda', 'club soda', 'hydrogen peroxide', 'vinegar']"
621,2026-08-23,made with potatoes,"['home fries', 'potato battery', 'vischyssoise', 'vodka']"
622,2026-08-23,double vowels,"['antifreeze', 'bazaar', 'skiing', 'vacuum']"
623,2026-08-23,potentially explosive things,"['powder keg', 'time bomb', 'tinderbox', 'volcano']"
624,2026-08-24,letter homophone plus tennis term,"['beset', 'deserve', 'ex-love', 'eyelet']"
625,2026-08-24,pro-wrestling lingo,"['face', 'heel', 'jobber', 'kayfabe']"
626,2026-08-24,principal,"['arch', 'chief', 'main', 'prime']"
627,2026-08-24,fish,"['mullet', 'pike', 'sole', 'tang']"
628,2026-08-25,ending in ice cream orders,"['harlem shake', 'inside scoop', 'lickety-split', 'traffic cone']"
629,2026-08-25,"stephen king film adaptations, with ""the""","['green mile', 'long walk', 'running man', 'shawshank redemption']"
630,2026-08-25,sci-fi phenomena,"['hyperspace', 'parallel universe', 'teleportation', 'time warp']"
631,2026-08-25,surface-level,"['cosmetic', 'one-dimensional', 'skin-deep', 'superficial']"
632,2026-08-26,key ___,"['chain', 'largo', 'lime', 'signature']"
633,2026-08-26,"what ""p"" might stand for","['page', 'park', 'phosphorus', 'piano']"
634,2026-08-26,knack,"['forte', 'gift', 'strength', 'talent']"
635,2026-08-26,"""there you have it!""","['behold', 'presto', 'shazam', 'voilà']"
636,2026-08-27,music genre plus starting letter,"['brock', 'nemo', 'spunk', 'wrap']"
637,2026-08-27,shades of gray,"['ash', 'dove', 'pewter', 'slate']"
638,2026-08-27,moved to tears,"['choked up', 'emotional', 'misty', 'overcome']"
639,2026-08-27,electric things,"['electric eel', 'lightning', 'live wire', 'pikachu']"
640,2026-08-28,top of the ___,"['hour', 'line', 'morning', 'pops']"
641,2026-08-28,modern add-ons/combining forms,"['bro', 'coded', 'era', 'maxxing']"
642,2026-08-28,palindromes,"['mom', 'noon', 'sis', 'top spot']"
643,2026-08-28,bedtime parting words,"['night', 'rest easy', 'sleep tight', 'sweet dreams']"
644,2026-08-29,starting with figures from greek myth,"['at last', 'herald', 'hydrant', 'tritone']"
645,2026-08-29,keyboard keys,"['control', 'escape', 'shift', 'space']"
646,2026-08-29,kinds of salad,"['chopped', 'greek', 'house', 'wedge']"
647,2026-08-29,under the hood of a car,"['alternator', 'battery', 'engine', 'radiator']"
648,2026-08-30,words on an old west wanted poster,"['alias', 'outlaw', 'reward', 'wanted']"
649,2026-08-30,brands with bunny rabbit mascots,"['cadbury', 'energizer', 'playboy', 'trix']"
650,2026-08-30,wine accessories,"['aerator', 'corkscrew', 'decanter', 'stopper']"
651,2026-08-30,exercise facilities,"['gymnasium', 'health club', 'rec center', 'ymca']"
652,2026-08-31,___ bowl,"['dust', 'poke', 'salad', 'super']"
653,2026-08-31,historical sovereign titles,"['caliph', 'khan', 'pharaoh', 'shogun']"
654,2026-08-31,warnings on a shipping box,"['fragile', 'heavy', 'perishable', 'this side up']"
655,2026-08-31,things that come in tubes,"['lipstick', 'poster', 'tennis balls', 'toothpaste']"
656,2026-09-01,starting with words of intention,"['aimee mann', 'hope diamond', 'planetarium', 'wishy-washy']"
657,2026-09-01,private investigators of fiction,"['hercule poirot', 'mike hammer', 'sam spade', 'sherlock holmes']"
658,2026-09-01,"long, skinny things often seen together","['arrow', 'golf club', 'pick-up stick', 'spaghetto']"
659,2026-09-01,"""i promise!""","['cross my heart', 'for real', 'on god', 'pinky swear']"
660,2026-09-02,___ dogs (that aren't dogs),"['corn', 'prairie', 'salty', 'top']"
661,2026-09-02,___ dogs (that are dogs),"['hunting', 'rescue', 'sausage', 'sheep']"
662,2026-09-02,things in a violin case,"['bow', 'mute', 'rosin', 'shoulder rest']"
663,2026-09-02,flabbergast,"['dazzle', 'floor', 'stun', 'wow']"
664,2026-09-03,spreadsheet functions,"['average', 'count', 'max', 'sum']"
665,2026-09-03,toy car brands,"['hot wheels', 'matchbox', 'micro machines', 'tonka']"
666,2026-09-03,shades of red,"['carmine', 'cinnabar', 'maroon', 'vermillion']"
667,2026-09-03,two shakes of a lamb's tail,"['blink', 'flash', 'heartbeat', 'trice']"
668,2026-09-04,accessories inside starting and ending letters,"['cringy', 'opine', 'stied', ""that's""]"
669,2026-09-04,kinds of eels,"['conger', 'gulper', 'moray', 'ribbon']"
670,2026-09-04,food whose name is two foods,"['cake donut', 'candy corn', 'cherry tomato', 'pizza pie']"
671,2026-09-04,spherical things,"['bowling ball', 'eye', 'moon', 'orange']"
672,2026-09-05,desserts minus last letter,"['cobble', 'pi', 'tar', 'tort']"
673,2026-09-05,___head,"['bobble', 'hammer', 'jug', 'sleepy']"
674,2026-09-05,bird onomatopoeia,"['coo', 'gobble', 'honk', 'warble']"
675,2026-09-05,move unsteadily,"['sway', 'toddle', 'totter', 'wobble']"
676,2026-09-06,ending with ways to carve a surface,"['court scribe', ""director's cut"", 'pizza slice', 'sat score']"
677,2026-09-06,abbreviations followed by redundant word,"['atm machine', 'lcd display', 'pin number', 'upc code']"
678,2026-09-06,places to insert something into on a computer,"['card slot', 'headphone jack', 'optical drive', 'usb port']"
679,2026-09-06,unrestricted permission,"['blank check', 'carte blanche', 'free reign', 'full authority']"
680,2026-09-07,starting with disney characters,"['plutonium', 'scar tissue', 'stitch marker', 'trampoline']"
681,2026-09-07,associated with pine trees,"['car air freshener', 'christmas', 'needles', 'turpentine']"
682,2026-09-07,parts of a bra,"['cup', 'hook', 'strap', 'underwire']"
683,2026-09-07,quite the saga,"['fabrication', 'fish story', 'tall tale', 'yarn']"
684,2026-09-08,candy bars plus a letter,"['doves', 'marsh', 'skort', 'twixt']"
685,2026-09-08,___ heart,"['artichoke', 'purple', 'sacred', 'take to']"
686,2026-09-08,features of a mime costume,"['beret', 'gloves', 'stripes', 'suspenders']"
687,2026-09-08,classic american performance cars,"['corvette', 'firebird', 'mustang', 'viper']"
688,2026-09-09,"words before ""force""","['brute', 'electromagnetic', 'g', 'task']"
689,2026-09-09,horror movies,"['arachnophobia', 'halloween', 'it', 'saw']"
690,2026-09-09,"words with ""small"" prefixes","['microbrewery', 'minivan', 'nanotechnology', 'picosecond']"
691,2026-09-09,hard to understand,"['bewildering', 'esoteric', 'incomprehensible', 'opaque']"
692,2026-09-10,"ending in synonyms for ""happening now""","['adult contemporary', 'alternating current', 'represent', 'sextant']"
693,2026-09-10,bruce springsteen classics,"['atlantic city', 'badlands', 'born to run', 'thunder road']"
694,2026-09-10,what you might see sticking out of a window,"['air conditioner', 'catio', 'clothesline', 'flower box']"
695,2026-09-10,chemical elements,"['actinium', 'krypton', 'lead', 'sulfur']"
696,2026-09-11,things that are pushed metaphorically,"['agenda', 'envelope', 'limits', 'luck']"
697,2026-09-11,ways to practice self-care,"['exercise', 'journal', 'meditate', 'unplug']"
698,2026-09-11,internalize,"['absorb', 'digest', 'process', 'take in']"
699,2026-09-11,people hired for an event,"['band', 'florist', 'photographer', 'planner']"
700,2026-09-12,___ alert,"['nerd', 'red', 'spoiler', 'weather']"
701,2026-09-12,things that blink,"['cursor', 'eyelids', 'smoke detector', 'turn signal']"
702,2026-09-12,people in an online forum,"['lurker', 'poster', 'spammer', 'troll']"
703,2026-09-12,ways to personalize a car,"['bumper sticker', 'fuzzy dice', 'hood ornament', 'vanity plate']"
704,2026-09-13,ending in elevated landforms,"['doublespeak', 'heathcliff', 'paramount', 'porridge']"
705,2026-09-13,words that sound like two letters,"['empty', 'excess', 'kewpie', 'odie']"
706,2026-09-13,u.s. presidents,"['cleveland', 'garfield', 'grant', 'madison']"
707,2026-09-13,lacking in firmness,"['droopy', 'flaccid', 'sagging', 'slack']"
708,2026-09-14,___grass,"['blue', 'crab', 'lemon', 'wheat']"
709,2026-09-14,common single-use plastic items,"['bag', 'cutlery', 'stirrer', 'straw']"
710,2026-09-14,informant,"['canary', 'rat', 'snitch', 'stoolie']"
711,2026-09-14,waterbirds,"['coot', 'goose', 'loon', 'teal']"
712,2026-09-15,things that appear at the end,"['caboose', 'december', 'dessert', 'epilogue']"
713,2026-09-15,undercover operative,"['asset', 'mole', 'plant', 'sleeper']"
714,2026-09-15,parts of a whistling kettle,"['handle', 'lid', 'spout', 'whistle']"
715,2026-09-15,instruct,"['coach', 'direct', 'guide', 'train']"
716,2026-09-16,sausages plus a letter,"['borat', 'clink', 'frank-n-furter', 'widener']"
717,2026-09-16,poets' middle names,"['barrett', 'carlos', 'st. vincent', 'wadsworth']"
718,2026-09-16,starting with u.s. coins,"['dimension', 'nickelodeon', 'pennywise', 'quarterback']"
719,2026-09-16,ending in metal elements,"['latin', 'long john silver', 'marigold', 'steam iron']"
720,2026-09-17,love ___,"['handles', 'language', 'tap', 'triangle']"
721,2026-09-17,"hugh jackman movies, with ""the""","['fountain', 'prestige', 'sheep detectives', 'wolverine']"
722,2026-09-17,things that are underground,"['mine shaft', 'sewer line', 'subway station', 'well']"
723,2026-09-17,elasticity,"['bounce', 'flexibility', 'give', 'spring']"
724,2026-09-18,___case,"['brief', 'pillow', 'stair', 'upper']"
725,2026-09-18,parts of a flight,"['boarding', 'cruise', 'landing', 'takeoff']"
726,2026-09-18,assortments of food/drink,"['flight', 'medley', 'platter', 'sampler']"
727,2026-09-18,segment of a process,"['phase', 'round', 'stage', 'step']"
728,2026-09-19,starting with abbreviated math functions,"['cos lettuce', 'log cabin', 'sin city', 'tan line']"
729,2026-09-19,associated with swinging london in the 1960s,"['carnaby street', 'miniskirt', 'mod', 'twiggy']"
730,2026-09-19,features of a kid's drawing,"['house', 'stick figure', 'sun', 'tree']"
731,2026-09-19,widen one's scope,"['branch out', 'diversify', 'expand', 'grow']"
732,2026-09-20,___boards you ride on,"['hover', 'skate', 'snow', 'surf']"
733,2026-09-20,vampire movies,"['blade', 'near dark', 'sinners', 'twilight']"
734,2026-09-20,associated with kentucky,"['bluegrass', 'bourbon', 'derby', 'fried chicken']"
735,2026-09-20,round flat things,"['blu-ray', 'coaster', 'sand dollar', 'tortilla']"
736,2026-09-21,starts of composers' names,"['beet', 'brah', 'chop', 'viva']"
737,2026-09-21,chess verbs,"['capture', 'castle', 'check', 'mate']"
738,2026-09-21,ways to attract fish,"['chum', 'fly', 'spinner', 'worm']"
739,2026-09-21,email buttons,"['compose', 'drafts', 'sent', 'spam']"
740,2026-09-22,beverages with acute accents removed,"['cafe', 'patron', 'rose', 'the']"
741,2026-09-22,options on a multiple choice survey,"['agree', 'disagree', 'neutral', 'other']"
742,2026-09-22,embellishment,"['accent', 'detail', 'flourish', 'touch']"
743,2026-09-22,demonstratives,"['that', 'these', 'this', 'those']"
744,2026-09-23,"ending in synonyms for ""term""","['bitcoin', 'record label', 'rub-a-dub', 'suriname']"
745,2026-09-23,things that come in cans,"['condensed milk', 'paint', 'shaving cream', 'spam']"
746,2026-09-23,website hurdles,"['age verification', 'captcha', 'cookie consent', 'paywall']"
747,2026-09-23,things you grab before leaving the house,"['keys', 'phone', 'sunglasses', 'wallet']"
748,2026-09-24,anagrams,"['beer hat', 'breathe', 'herb tea', 'the bear']"
749,2026-09-24,featuring pointing,"['creation of adam', 'foam finger', ""i'm with stupid shirt"", 'uncle sam']"
750,2026-09-24,things with spring/s,"['bobblehead', 'pogo stick', 'snakes in a can', 'trampoline']"
751,2026-09-24,parts of a vampire costume,"['cape', 'face paint', 'fake blood', 'fangs']"
752,2026-09-25,taxonomic ranks plus a letter,"['border', 'classy', 'foamily', 'genius']"
753,2026-09-25,famous dans,"['aykroyd', 'levy', 'rather', 'savage']"
754,2026-09-25,parts of a mechanical clock,"['escapement', 'pendulum', 'ratchet', 'spring']"
755,2026-09-25,luxe,"['bougie', 'fancy', 'posh', 'swank']"
756,2026-09-26,"""cool"" things, in expressions","['beans', 'cat', 'cucumber', 'customer']"
757,2026-09-26,features of wood,"['burl', 'grain', 'knots', 'rings']"
758,2026-09-26,things done to a dress shirt at the laundry,"['fold', 'press', 'starch', 'wash']"
759,2026-09-26,breath fresheners,"['gum', 'mint', 'mouthwash', 'spray']"
760,2026-09-27,ending in chinese dynasties,"['bbqing', 'homing', 'lohan', 'wu-tang']"
761,2026-09-27,telecom,"['carrier', 'network', 'operator', 'provider']"
762,2026-09-27,restaurant seating options,"['banquette', 'booth', 'chair', 'stool']"
763,2026-09-27,sculpture media,"['bronze', 'clay', 'marble', 'plaster']"
764,2026-09-28,three letters plus repeated trigrams,"['arkansans', 'chihuahua', 'possesses', 'springing']"
765,2026-09-28,dodge models,"['challenger', 'charger', 'durango', 'viper']"
766,2026-09-28,oyster condiments,"['horseradish', 'lemon', 'mignonette', 'tabasco']"
767,2026-09-28,things with stalks,"['bamboo', 'celery', 'corn', 'wheat']"
768,2026-09-29,phrases hiding greek letters,"['freeze tag', 'home game', 'model tank', 'oral phase']"
769,2026-09-29,first words of pixar films,"['finding', 'inside', 'monsters', 'toy']"
770,2026-09-29,river features,"['delta', 'drainage basin', 'mouth', 'stream bed']"
771,2026-09-29,secluded,"['hidden', 'remote', 'secret', 'tucked away']"
772,2026-09-30,starting with month abbreviations,"['decent', 'novelty', 'octopussy', 'septum']"
773,2026-09-30,gangster movies,"['bugsy', 'casino', 'donnie brasco', 'scarface']"
774,2026-09-30,things that are shaken (not stirred),"['etch a sketch', 'martini', 'spray paint', 'tambourine']"
775,2026-09-30,securities,"['bond', 'future', 'option', 'stock']"
776,2026-10-01,starts of nyt print puzzles,"['acro', 'cross', 'ken', 'sud']"
777,2026-10-01,"2000s indie rock bands, with ""the""","['decemberists', 'national', 'shins', 'walkmen']"
778,2026-10-01,dress shirt measurements,"['chest', 'neck', 'sleeve', 'waist']"
779,2026-10-01,put,"['place', 'position', 'situate', 'stick']"
780,2026-10-02,prime ___,"['number', 'real estate', 'rib', 'time']"
781,2026-10-02,customary,"['common', 'routine', 'standard', 'stock']"
782,2026-10-02,fingers,"['index', 'little', 'middle', 'ring']"
783,2026-10-02,finance,"['back', 'bankroll', 'fund', 'support']"
784,2026-10-03,ending in fantasy creatures,"['diet sprite', 'merv griffin', 'ny giant', 'river phoenix']"
785,2026-10-03,starting with u.s. museums,"['broad bean', 'getty images', 'met halfway', 'whitney houston']"
786,2026-10-03,ending in musicals,"['elbow grease', 'fat cats', 'linda hamilton', 'something wicked']"
787,2026-10-03,"starting with terms for ""toilet""","['can opener', 'head waiter', 'john denver', 'w.c. fields']"
788,2026-10-04,silent ___,"['auction', 'film', 'partner', 'treatment']"
789,2026-10-04,parts of a judge costume,"['collar', 'gavel', 'robe', 'wig']"
790,2026-10-04,table tennis needs,"['ball', 'net', 'paddle', 'table']"
791,2026-10-04,considerable amount,"['bunch', 'heap', 'lot', 'stack']"
792,2026-10-05,ending in ways to temporarily acquire,"['parent', 'please', 'sapphire', 'sloan']"
793,2026-10-05,kinds of boards,"['advisory', 'chess', 'ironing', 'message']"
794,2026-10-05,adjectives for mature content,"['explicit', 'graphic', 'strong', 'suggestive']"
795,2026-10-05,calm,"['content', 'peaceful', 'placid', 'serene']"
796,2026-10-06,ending in talents,"['catskill', 'knickknack', 'pianoforte', 'stability']"
797,2026-10-06,___ inn hotels,"['comfort', 'days', 'hampton', 'holiday']"
798,2026-10-06,kinds of chairs,"['adirondack', 'eames', 'windsor', 'wingback']"
799,2026-10-06,"financial firms, for short","['berkshire', 'citi', 'goldman', 'merrill']"
800,2026-06-29,ending in parts of a tree,"['embark', 'groot', 'nudibranch', 'strunk']"
801,2026-06-29,parts of a speaker,"['cabinet', 'cone', 'magnet', 'woofer']"
802,2026-06-29,consume with gusto,"['crush', 'guzzle', 'inhale', 'snarf']"
803,2026-06-29,old timey troublemakers,"['miscreant', 'rogue', 'ruffian', 'scoundrel']"
804,2026-06-30,"what ""draft"" might refer to","['breeze', 'on tap', 'recruit', 'sketch']"
805,2026-06-30,common recyclables,"['bottle', 'box', 'can', 'newspaper']"
806,2026-06-30,participate in some winter olympics,"['curl', 'luge', 'skate', 'ski']"
807,2026-06-30,dividing structures,"['fence', 'gate', 'hedge', 'wall']"
808,2026-07-01,starting with countries,"['dominican republic', 'guinea-bissau', 'indianapolis', 'nigeria']"
809,2026-07-01,places in cocktail names,"['cuba', 'long island', 'moscow', 'singapore']"
810,2026-07-01,best picture winners/nominees,"['casablanca', 'chicago', 'fargo', 'munich']"
811,2026-07-01,things named after places,"['champagne', 'china', 'cologne', 'limerick']"
812,2026-07-02,starting with sports venues,"['court jester', 'diamond ring', 'field mouse', 'track record']"
813,2026-07-02,starting with nicknames,"['billy goat', 'dan dan noodles', 'rich text', 'tom-tom']"
814,2026-07-02,old-timey names for things we still use,"['looking glass', 'spectacles', 'talkie', 'water closet']"
815,2026-07-02,they impersonate other things,"['copycat', 'mime', 'mockingbird', 't-1000']"
816,2026-07-03,"what things pronounced ""t"" might refer to","['golf accessory', 'gossip', 'hot drink', 'shirt']"
817,2026-07-03,bad things to give someone,"['cold shoulder', 'dirty look', 'hard time', 'runaround']"
818,2026-07-03,retro expressions of approval,"['cool beans', 'far out', 'groovy', 'right on']"
819,2026-07-03,positive feelings,"['bliss', 'felicity', 'happiness', 'warm fuzzies']"
820,2026-07-04,sweet ___,"['dreams', 'nothings', 'pea', 'spot']"
821,2026-07-04,tropical drinks,"['hurricane', 'painkiller', 'scorpion', 'zombie']"
822,2026-07-04,kinds of poems,"['ballad', 'epic', 'ode', 'villanelle']"
823,2026-07-04,persist,"['continue', 'last', 'linger', 'stay']"
824,2026-07-05,"what ""w"" might stand for","['tungsten', 'west', 'win', 'with']"
825,2026-07-05,amex card types,"['centurion', 'gold', 'green', 'platinum']"
826,2026-07-05,payment methods,"['card', 'cash', 'check', 'wire']"
827,2026-07-05,granola ingredients,"['honey', 'nuts', 'oats', 'seeds']"
828,2026-07-06,starting with dating apps,"['bumblebee', 'grind rail', 'matcha', 'tinderbox']"
829,2026-07-06,acme products used by wile e. coyote,"['earthquake pills', 'iron bird seed', 'rocket skates', 'tnt']"
830,2026-07-06,science fair model subjects,"['atom', 'dna', 'solar system', 'volcano']"
831,2026-07-06,stunning news,"['bombshell', 'revelation', 'shocker', 'thunderbolt']"
832,2026-07-07,"ending in ""sesame street"" characters","['bernie', 'colbert', 'discount', 'san anselmo']"
833,2026-07-07,___ twist,"['french', 'lemon', 'oliver', 'plot']"
834,2026-07-07,student-athlete designations,"['all-american', 'jock', 'letterman', 'team captain']"
835,2026-07-07,rooms in clue,"['conservatory', 'hall', 'kitchen', 'study']"
836,2026-07-08,house of ___,"['cards', 'lords', 'wax', 'worship']"
837,2026-07-08,guitar-playing techniques,"['pick', 'pluck', 'strum', 'tap']"
838,2026-07-08,motif,"['drift', 'plot', 'theme', 'thread']"
839,2026-07-08,cut into thin pieces,"['grate', 'plane', 'shave', 'sliver']"
840,2026-07-09,pontiac models,"['firebird', 'g6', 'grand prix', 'trans am']"
841,2026-07-09,kinds of rugs,"['persian', 'prayer', 'shag', 'throw']"
842,2026-07-09,music publications,"['billboard', 'pitchfork', 'rolling stone', 'spin']"
843,2026-07-09,non-alcoholic designators,"['na', 'spirit-free', 'virgin', 'zero-proof']"
844,2026-07-10,starting with baseball calls,"['ball gown', 'outkast', 'safe mode', 'strike a pose']"
845,2026-07-10,'80s synth-pop bands,"['depeche mode', 'erasure', 'new order', 'pet shop boys']"
846,2026-07-10,dessert menu descriptors,"['decadent', 'fresh-baked', 'molten', 'à la mode']"
847,2026-07-10,smartphone settings,"['airplane mode', 'do not disturb', 'hotspot', 'location services']"
848,2026-07-11,double letters appearing in that letter's alphabetical position,"['aardvark', 'bocce', 'ebbing', 'twiddle']"
849,2026-07-11,"""toy story"" characters","['bo peep', 'jessie', 'slinky', 'woody']"
850,2026-07-11,"undisturbed, as water","['calm', 'flat', 'glassy', 'still']"
851,2026-07-11,circus equipment,"['cannon', 'stilts', 'trapeze', 'unicycle']"
852,2026-07-12,starts of u.s. capitals,"['den', 'mad', 'pho', 'sac']"
853,2026-07-12,verbs in a college life slogan,"['party', 'repeat', 'sleep', 'study']"
854,2026-07-12,bit of fruit-flavored candy,"['dot', 'nerd', 'runt', 'spree']"
855,2026-07-12,reproductive part of fruit,"['pip', 'pit', 'seed', 'stone']"
856,2026-07-13,starting with smooches,"['bussin', 'kisser', 'peckish', 'smackdown']"
857,2026-07-13,fictional cats,"['figaro', 'puss', 'salem', 'tom']"
858,2026-07-13,things with handles,"['bucket', 'drawer', 'mug', 'umbrella']"
859,2026-07-13,interrogate,"['examine', 'grill', 'pump', 'question']"
860,2026-07-14,symbolized with arrows,"['recycling', 'shuffle', 'this side up', 'u-turn']"
861,2026-07-14,kinds of baskets,"['easter', 'grocery', 'laundry', 'picnic']"
862,2026-07-14,edit menu options,"['copy', 'cut', 'delete', 'paste']"
863,2026-07-14,contract,"['agreement', 'bargain', 'deal', 'understanding']"
864,2026-07-15,"words before ""room"" to indicate extra space","['breathing', 'elbow', 'head', 'wiggle']"
865,2026-07-15,kinds of sports,"['extreme', 'motor', 'racket', 'water']"
866,2026-07-15,things with laces,"['baseball glove', 'corset', 'football', 'shoe']"
867,2026-07-15,terms for the legal system,"['bar', 'bench', 'court', 'tribunal']"
868,2026-07-16,starting with tiny marks,"['dot matrix', 'period piece', 'point break', 'spot remover']"
869,2026-07-16,associated with precision,"['bullseye', 'clockwork', 'laser', 'needle']"
870,2026-07-16,shades of black,"['charcoal', 'ink', 'jet', 'pitch']"
871,2026-07-16,skincare products,"['clay mask', 'eye cream', 'peel', 'toner']"
872,2026-07-17,ending in parts of a car,"['plot spoiler', 'robin hood', 'satires', 'tree trunk']"
873,2026-07-17,four groups of four,"['cardinal directions', 'classical elements', 'seasons', 'suits']"
874,2026-07-17,seen in an arcade,"['crane game', 'pinball', 'tickets', 'tokens']"
875,2026-07-17,grand finale,"['epilogue', 'farewell', 'last dance', 'swan song']"
876,2026-07-18,"words after ""pop""","['culture', 'fly', 'quiz', 'tart']"
877,2026-07-18,things tracked in video games,"['health', 'lives', 'score', 'time']"
878,2026-07-18,belief,"['attitude', 'mind', 'opinion', 'view']"
879,2026-07-18,commit a basketball violation,"['carry', 'double dribble', 'goaltend', 'travel']"
880,2026-07-19,___ face expressions,"['game', 'long', 'poker', 'straight']"
881,2026-07-19,things toilets do,"['drain', 'flush', 'refill', 'swirl']"
882,2026-07-19,digital coupling verbs,"['connect', 'join', 'pair', 'sync']"
883,2026-07-19,circuit components,"['breaker', 'fuse', 'relay', 'switch']"
884,2026-07-20,starting with alcoholic beverages,"['alexa', 'meadow', 'portobello', 'sakes']"
885,2026-07-20,associated with pearls,"['bubble tea', 'oyster', 'swine', 'wisdom']"
886,2026-07-20,things to click,"['button', 'icon', 'link', 'menu']"
887,2026-07-20,announce,"['blare', 'herald', 'sound', 'trumpet']"
888,2026-07-21,tele___,"['gram', 'kinesis', 'prompter', 'vision']"
889,2026-07-21,elements of a musical,"['book', 'lyrics', 'music', 'orchestration']"
890,2026-07-21,software downloads,"['app', 'driver', 'extension', 'plugin']"
891,2026-07-21,kinds of tops,"['crop', 'halter', 'tank', 'tube']"
892,2026-07-22,features of a zebra,"['hooves', 'mane', 'tail', 'white stripes']"
893,2026-07-22,platform-specific posts,"['pins', 'snaps', 'tweets', 'vines']"
894,2026-07-22,on a golf scorecard,"['hole', 'par', 'score', 'strokes']"
895,2026-07-22,symptoms of an allergic reaction,"['hives', 'itching', 'rash', 'redness']"
896,2026-07-23,ending in geometry terms,"['appoint', 'deplane', 'feline', 'jangle']"
897,2026-07-23,parts of an airport,"['apron', 'hangar', 'runway', 'terminal']"
898,2026-07-23,in an anxious state,"['excited', 'febrile', 'frenetic', 'intense']"
899,2026-07-23,spherical things,"['baseball', 'globe', 'marble', 'orange']"
900,2026-07-24,homophones of religious roles,"['canter', 'fryer', 'llama', 'none']"
901,2026-07-24,"bring to mind, as a memory","['jog', 'prompt', 'refresh', 'spark']"
902,2026-07-24,outcomes for a batter,"['home run', 'single', 'strikeout', 'walk']"
903,2026-07-24,talk at length,"['babble', 'drone', 'ramble', 'yak']"
904,2026-07-25,strip ___,"['club', 'mall', 'poker', 'steak']"
905,2026-07-25,african currencies,"['kwanza', 'leone', 'naira', 'rand']"
906,2026-07-25,"start to cry, with ""up""","['choke', 'mist', 'tear', 'well']"
907,2026-07-25,spanish relatives,"['abuela', 'hijo', 'madre', 'primo']"
908,2026-07-26,"what ""shell"" might refer to","['carapace', 'gas station', 'pastry crust', 'rowing boat']"
909,2026-07-26,expressions for rain,"['april showers', 'liquid sunshine', 'scotch mist', 'wet weather']"
910,2026-07-26,outmoded consumer tech,"['blackberry', 'discman', 'dvd player', 'plasma tv']"
911,2026-07-26,baby milestones,"['crawling', 'first words', 'rolling over', 'solid food']"
912,2026-07-27,icons on a shopping site,"['bell', 'cart', 'heart', 'magnifying glass']"
913,2026-07-27,kinds of shifts,"['doppler', 'graveyard', 'paradigm', 'stick']"
914,2026-07-27,long tapered things,"['carrot', 'icicle', 'knitting needle', 'stalactite']"
915,2026-07-27,gymnastics apparatus,"['beam', 'horse', 'rings', 'vault']"
916,2026-07-28,starting with palindromic names,"['annapolis', 'bobsled', 'everest', 'ottoman']"
917,2026-07-28,"shoe brands starting with ""c""","['camper', 'clarks', 'converse', 'crocs']"
918,2026-07-28,how do you like them apples,"['empire', 'fuji', 'gala', 'honeycrisp']"
919,2026-07-28,command,"['captain', 'direct', 'head', 'lead']"
920,2026-07-29,___boards in a classroom,"['black', 'chalk', 'cork', 'white']"
921,2026-07-29,units of wisdom,"['gem', 'nugget', 'pearl', 'word']"
922,2026-07-29,nondescript,"['basic', 'mid', 'plain', 'vanilla']"
923,2026-07-29,fasteners,"['nail', 'rivet', 'screw', 'staple']"
924,2026-07-30,"on the ___, to mean ""precise""","['dot', 'mark', 'money', 'nose']"
925,2026-07-30,cruise lines,"['carnival', 'celebrity', 'princess', 'viking']"
926,2026-07-30,activities with multiple balls,"['beer pong', 'bingo', 'juggling', 'pool']"
927,2026-07-30,virtuous,"['fair', 'good', 'just', 'right']"
928,2026-07-31,starting with merriments,"['cheerios', 'fungus', 'gleek', 'joystick']"
929,2026-07-31,fruits plus starting letter,"['dapple', 'jdate', 'slime', 'spear']"
930,2026-07-31,super mario figures,"['dinosaur', 'mushroom', 'plumber', 'princess']"
931,2026-07-31,construct,"['fashion', 'model', 'mold', 'shape']"
932,2026-08-01,starting with bread shapes,"['boulevard', 'bundle', 'loafer', 'rolls-royce']"
933,2026-08-01,perform some hole machining operations,"['bore', 'countersink', 'drill', 'ream']"
934,2026-08-01,oscar-winning actors since 2010,"['bale', 'jordan', 'phoenix', 'waltz']"
935,2026-08-01,bedding,"['comforter', 'sham', 'sheet', 'throw']"
936,2026-08-02,u.s. airport codes plus starting letter,"['asea', 'flax', 'lord', 'olga']"
937,2026-08-02,___ mode,"['airplane', 'beast', 'dark', 'à la']"
938,2026-08-02,by means of,"['by', 'per', 'through', 'via']"
939,2026-08-02,filler words,"['actually', 'like', 'so', 'well']"
940,2026-08-03,"starting with synonyms for ""pester""","['bug fix', 'nag champa', 'needless', 'tea set']"
941,2026-08-03,"""y"" is the only vowel","['fly by', 'myrrh', 'nsync', 'rhythm']"
942,2026-08-03,shades of green,"['forest', 'hunter', 'mint', 'sage']"
943,2026-08-03,road less traveled,"['alley', 'backstreet', 'byway', 'lane']"
944,2026-08-04,v-shaped things,"['angle bracket', 'chevron', 'goose formation', 'peace sign']"
945,2026-08-04,things with pedals,"['piano', 'sewing machine', 'swan boat', 'unicycle']"
946,2026-08-04,iconic nyc sights,"['bodega', 'pigeon', 'subway station', 'taxi cab']"
947,2026-08-04,long cylindrical things,"['cigarette', 'foam roller', 'pool noodle', 'pretzel rod']"
948,2026-08-05,"what ""stock"" might refer to","['broth', 'cattle', 'investment', 'merchandise']"
949,2026-08-05,house styles,"['cape cod', 'mission', 'ranch', 'tudor']"
950,2026-08-05,jeans brands,"['diesel', 'gap', 'lucky', 'wrangler']"
951,2026-08-05,navigate,"['drive', 'maneuver', 'pilot', 'steer']"
952,2026-08-06,places with nets,"['barclays center', 'fishing boat', 'hockey rink', 'tennis court']"
953,2026-08-06,iconic roman landmarks,"['colosseum', 'pantheon', 'spanish steps', 'trevi fountain']"
954,2026-08-06,places with lanes,"['bowling alley', 'freeway', 'supermarket', 'swimming pool']"
955,2026-08-06,classic wooden toys,"['alphabet blocks', 'cup-and-ball', ""jacob's ladder"", 'lincoln logs']"
956,2026-08-07,starting with male animals,"['buckyball', 'jackpot', 'rambo', 'tomatillo']"
957,2026-08-07,parts of an elevator,"['buttons', 'cables', 'motor', 'shaft']"
958,2026-08-07,cold things,"['liquid nitrogen', 'refrigerator', 'snow', 'sundae']"
959,2026-08-07,components of a candle,"['fragrance', 'jar', 'wax', 'wick']"
960,2026-08-08,safety ___,"['belt', 'goggles', 'pin', 'razor']"
961,2026-08-08,words abbreviated with letters as homophones,"['cutie', 'easy', 'effects', 'i owe you']"
962,2026-08-08,convey,"['couch', 'express', 'frame', 'phrase']"
963,2026-08-08,quaint expressions of excitement,"['hot dog', 'hurrah', 'whoopee', 'yahoo']"
964,2026-08-09,things people try to get out of,"['bad dream', 'escape room', 'jury duty', 'labyrinth']"
965,2026-08-09,movie subgenres,"['buddy cop', 'neo-noir', 'space opera', 'spaghetti western']"
966,2026-08-09,classic children's books,"['caps for sale', 'corduroy', 'goodnight moon', 'madeline']"
967,2026-08-09,take a different approach,"['change tack', 'course-correct', 'recalibrate', 'shift gears']"
968,2026-08-10,famous goatees,"['billy goat', 'colonel sanders', 'doctor strange', 'the devil']"
969,2026-08-10,sections on an invoice,"['balance due', 'bill to', 'order number', 'unit price']"
970,2026-08-10,ways to receive event tickets,"['mail delivery', 'mobile ticket', 'print-at-home', 'will call']"
971,2026-08-10,haphazardly,"['any old how', 'at random', 'helter-skelter', 'willy-nilly']"
972,2026-08-11,homophones of facial features,"['aye', 'hare', 'knows', 'tung']"
973,2026-08-11,words in an auctioneer's chant,"['going', 'once', 'sold', 'twice']"
974,2026-08-11,basic cable channels,"['bet', 'bravo', 'history', 'usa']"
975,2026-08-11,doomed,"['done', 'sunk', 'through', 'toast']"
976,2026-08-12,starting with affirmative responses,"['fine print', 'goodbye', 'great white', 'okayama']"
977,2026-08-12,nbc sitcom surnames,"['benes', 'bing', 'lemon', 'scott']"
978,2026-08-12,kinds of frogs,"['bull', 'green', 'poison dart', 'tree']"
979,2026-08-12,"hold onto, as a feeling","['foster', 'harbor', 'maintain', 'nurse']"
980,2026-08-13,"""cold"" things, in idioms","['comfort', 'feet', 'shoulder', 'turkey']"
981,2026-08-13,airline status perks,"['checked bags', 'lounge', 'miles', 'upgrade']"
982,2026-08-13,move slowly (up to),"['creep', 'ease', 'edge', 'inch']"
983,2026-08-13,persevere,"['carry on', 'continue', 'make it', 'persist']"
984,2026-08-14,triangle logos,"['bass ale', 'citgo', 'delta airlines', 'google drive']"
985,2026-08-14,comic book artist's tools,"['bristol board', 'dip pen', 'india ink', 'straightedge']"
986,2026-08-14,places where everyone thinks the same ways,"['bubble', 'echo chamber', 'hivemind', 'silo']"
987,2026-08-14,black-and-yellow,"['bumblebee', 'caution tape', 'charlie brown', 'wolverine']"
988,2026-08-15,ending in synonyms for follow secretly,"['beanstalk', 'eyeshadow', 'hightail', 'soundtrack']"
989,2026-08-15,ending in units of length,"['chamomile', 'grinch', 'hotfoot', 'lanyard']"
990,2026-08-15,segment,"['leg', 'phase', 'stage', 'stretch']"
991,2026-08-15,exhausted,"['beat', 'fried', 'spent', 'worn out']"
992,2026-08-16,descriptors for our human ancestors,"['from neander', 'handy', 'upright', 'wise']"
993,2026-08-16,family relationship modifiers,"['grand', 'great', 'half', 'step']"
994,2026-08-16,participant,"['actor', 'agent', 'party', 'player']"
995,2026-08-16,musical performance,"['concert', 'gig', 'set', 'show']"
996,2026-08-17,starting with pets,"['birdie', 'cattle', 'dogie', 'fisheye']"
997,2026-08-17,first names of country music legends,"['dolly', 'johnny', 'patsy', 'willie']"
998,2026-08-17,spreadsheet features,"['formula', 'function', 'macro', 'script']"
999,2026-08-17,video call platforms,"['huddle', 'meet', 'teams', 'zoom']"
1000,2026-08-18,things that are gritty,"['cowboy coffee', 'film noir', 'flyers mascot', 'sandpaper']"
1001,2026-08-18,things that are orange,"['basketball', 'orangutan', 'sweet potato', 'traffic cone']"
1002,2026-08-18,pjs,"['petroleum jelly', 'poetic justice', 'practical joke', 'private jet']"
1003,2026-08-18,seen at a movie premiere,"['limousine', 'paparazzi', 'red carpet', 'velvet rope']"
1004,2026-08-19,homophones of cgi-animated films,"['ants', 'cocoa', 'rheo', 'seoul']"
1005,2026-08-19,"words before ""ball"" in sport names","['base', 'basket', 'foot', 'pickle']"
1006,2026-08-19,conceal,"['blanket', 'hide', 'mask', 'obscure']"
1007,2026-08-19,piece of cake,"['breeze', 'cinch', 'picnic', 'snap']"
1008,2026-08-20,starting with chinese zodiac animals,"['dragonfly', 'oxford', 'pigment', 'ratchet']"
1009,2026-08-20,similarly shaped typographical marks,"['apostrophe', 'cedilla', 'comma', 'okina']"
1010,2026-08-20,kinds of numbers,"['atomic', 'serial', 'social security', 'telephone']"
1011,2026-08-20,kinds of pizza,"['diavola', 'hawaiian', 'meat lovers', 'white']"
1012,2026-08-21,once in a ___,"['blue moon', 'generation', 'lifetime', 'while']"
1013,2026-08-21,___ kids,"['comeback', 'karate', 'sundance', 'wimpy']"
1014,2026-08-21,calls to begin a performance,"['action', 'curtain up', 'places', 'showtime']"
1015,2026-08-21,things most animals need,"['nutrition', 'oxygen', 'sleep', 'water']"
1016,2026-08-22,___ girls of pop culture,"['gilmore', 'golden', 'mean', 'spice']"
1017,2026-08-22,garden hose settings,"['cone', 'jet', 'mist', 'shower']"
1018,2026-08-22,kinds of melon,"['bitter', 'musk', 'water', 'winter']"
1019,2026-08-22,carpentry tools,"['chisel', 'hammer', 'plane', 'saw']"
1020,2026-08-23,household stain removers,"['baking soda', 'club soda', 'hydrogen peroxide', 'vinegar']"
1021,2026-08-23,made with potatoes,"['home fries', 'potato battery', 'vischyssoise', 'vodka']"
1022,2026-08-23,double vowels,"['antifreeze', 'bazaar', 'skiing', 'vacuum']"
1023,2026-08-23,potentially explosive things,"['powder keg', 'time bomb', 'tinderbox', 'volcano']"
1024,2026-08-24,letter homophone plus tennis term,"['beset', 'deserve', 'ex-love', 'eyelet']"
1025,2026-08-24,pro-wrestling lingo,"['face', 'heel', 'jobber', 'kayfabe']"
1026,2026-08-24,principal,"['arch', 'chief', 'main', 'prime']"
1027,2026-08-24,fish,"['mullet', 'pike', 'sole', 'tang']"
1028,2026-08-25,ending in ice cream orders,"['harlem shake', 'inside scoop', 'lickety-split', 'traffic cone']"
1029,2026-08-25,"stephen king film adaptations, with ""the""","['green mile', 'long walk', 'running man', 'shawshank redemption']"
1030,2026-08-25,sci-fi phenomena,"['hyperspace', 'parallel universe', 'teleportation', 'time warp']"
1031,2026-08-25,surface-level,"['cosmetic', 'one-dimensional', 'skin-deep', 'superficial']"
1032,2026-08-26,key ___,"['chain', 'largo', 'lime', 'signature']"
1033,2026-08-26,"what ""p"" might stand for","['page', 'park', 'phosphorus', 'piano']"
1034,2026-08-26,knack,"['forte', 'gift', 'strength', 'talent']"
1035,2026-08-26,"""there you have it!""","['behold', 'presto', 'shazam', 'voilà']"
1036,2026-08-27,music genre plus starting letter,"['brock', 'nemo', 'spunk', 'wrap']"
1037,2026-08-27,shades of gray,"['ash', 'dove', 'pewter', 'slate']"
1038,2026-08-27,moved to tears,"['choked up', 'emotional', 'misty', 'overcome']"
1039,2026-08-27,electric things,"['electric eel', 'lightning', 'live wire', 'pikachu']"
1040,2026-08-28,top of the ___,"['hour', 'line', 'morning', 'pops']"
1041,2026-08-28,modern add-ons/combining forms,"['bro', 'coded', 'era', 'maxxing']"
1042,2026-08-28,palindromes,"['mom', 'noon', 'sis', 'top spot']"
1043,2026-08-28,bedtime parting words,"['night', 'rest easy', 'sleep tight', 'sweet dreams']"
1044,2026-08-29,starting with figures from greek myth,"['at last', 'herald', 'hydrant', 'tritone']"
1045,2026-08-29,keyboard keys,"['control', 'escape', 'shift', 'space']"
1046,2026-08-29,kinds of salad,"['chopped', 'greek', 'house', 'wedge']"
1047,2026-08-29,under the hood of a car,"['alternator', 'battery', 'engine', 'radiator']"
1048,2026-08-30,words on an old west wanted poster,"['alias', 'outlaw', 'reward', 'wanted']"
1049,2026-08-30,brands with bunny rabbit mascots,"['cadbury', 'energizer', 'playboy', 'trix']"
1050,2026-08-30,wine accessories,"['aerator', 'corkscrew', 'decanter', 'stopper']"
1051,2026-08-30,exercise facilities,"['gymnasium', 'health club', 'rec center', 'ymca']"
1052,2026-08-31,___ bowl,"['dust', 'poke', 'salad', 'super']"
1053,2026-08-31,historical sovereign titles,"['caliph', 'khan', 'pharaoh', 'shogun']"
1054,2026-08-31,warnings on a shipping box,"['fragile', 'heavy', 'perishable', 'this side up']"
1055,2026-08-31,things that come in tubes,"['lipstick', 'poster', 'tennis balls', 'toothpaste']"
1056,2026-09-01,starting with words of intention,"['aimee mann', 'hope diamond', 'planetarium', 'wishy-washy']"
1057,2026-09-01,private investigators of fiction,"['hercule poirot', 'mike hammer', 'sam spade', 'sherlock holmes']"
1058,2026-09-01,"long, skinny things often seen together","['arrow', 'golf club', 'pick-up stick', 'spaghetto']"
1059,2026-09-01,"""i promise!""","['cross my heart', 'for real', 'on god', 'pinky swear']"
1060,2026-09-02,___ dogs (that aren't dogs),"['corn', 'prairie', 'salty', 'top']"
1061,2026-09-02,___ dogs (that are dogs),"['hunting', 'rescue', 'sausage', 'sheep']"
1062,2026-09-02,things in a violin case,"['bow', 'mute', 'rosin', 'shoulder rest']"
1063,2026-09-02,flabbergast,"['dazzle', 'floor', 'stun', 'wow']"
1064,2026-09-03,spreadsheet functions,"['average', 'count', 'max', 'sum']"
1065,2026-09-03,toy car brands,"['hot wheels', 'matchbox', 'micro machines', 'tonka']"
1066,2026-09-03,shades of red,"['carmine', 'cinnabar', 'maroon', 'vermillion']"
1067,2026-09-03,two shakes of a lamb's tail,"['blink', 'flash', 'heartbeat', 'trice']"
1068,2026-09-04,accessories inside starting and ending letters,"['cringy', 'opine', 'stied', ""that's""]"
1069,2026-09-04,kinds of eels,"['conger', 'gulper', 'moray', 'ribbon']"
1070,2026-09-04,food whose name is two foods,"['cake donut', 'candy corn', 'cherry tomato', 'pizza pie']"
1071,2026-09-04,spherical things,"['bowling ball', 'eye', 'moon', 'orange']"
1072,2026-09-05,desserts minus last letter,"['cobble', 'pi', 'tar', 'tort']"
1073,2026-09-05,___head,"['bobble', 'hammer', 'jug', 'sleepy']"
1074,2026-09-05,bird onomatopoeia,"['coo', 'gobble', 'honk', 'warble']"
1075,2026-09-05,move unsteadily,"['sway', 'toddle', 'totter', 'wobble']"
1076,2026-09-06,ending with ways to carve a surface,"['court scribe', ""director's cut"", 'pizza slice', 'sat score']"
1077,2026-09-06,abbreviations followed by redundant word,"['atm machine', 'lcd display', 'pin number', 'upc code']"
1078,2026-09-06,places to insert something into on a computer,"['card slot', 'headphone jack', 'optical drive', 'usb port']"
1079,2026-09-06,unrestricted permission,"['blank check', 'carte blanche', 'free reign', 'full authority']"
1080,2026-09-07,starting with disney characters,"['plutonium', 'scar tissue', 'stitch marker', 'trampoline']"
1081,2026-09-07,associated with pine trees,"['car air freshener', 'christmas', 'needles', 'turpentine']"
1082,2026-09-07,parts of a bra,"['cup', 'hook', 'strap', 'underwire']"
1083,2026-09-07,quite the saga,"['fabrication', 'fish story', 'tall tale', 'yarn']"
1084,2026-09-08,candy bars plus a letter,"['doves', 'marsh', 'skort', 'twixt']"
1085,2026-09-08,___ heart,"['artichoke', 'purple', 'sacred', 'take to']"
1086,2026-09-08,features of a mime costume,"['beret', 'gloves', 'stripes', 'suspenders']"
1087,2026-09-08,classic american performance cars,"['corvette', 'firebird', 'mustang', 'viper']"
1088,2026-09-09,"words before ""force""","['brute', 'electromagnetic', 'g', 'task']"
1089,2026-09-09,horror movies,"['arachnophobia', 'halloween', 'it', 'saw']"
1090,2026-09-09,"words with ""small"" prefixes","['microbrewery', 'minivan', 'nanotechnology', 'picosecond']"
1091,2026-09-09,hard to understand,"['bewildering', 'esoteric', 'incomprehensible', 'opaque']"
1092,2026-09-10,"ending in synonyms for ""happening now""","['adult contemporary', 'alternating current', 'represent', 'sextant']"
1093,2026-09-10,bruce springsteen classics,"['atlantic city', 'badlands', 'born to run', 'thunder road']"
1094,2026-09-10,what you might see sticking out of a window,"['air conditioner', 'catio', 'clothesline', 'flower box']"
1095,2026-09-10,chemical elements,"['actinium', 'krypton', 'lead', 'sulfur']"
1096,2026-09-11,things that are pushed metaphorically,"['agenda', 'envelope', 'limits', 'luck']"
1097,2026-09-11,ways to practice self-care,"['exercise', 'journal', 'meditate', 'unplug']"
1098,2026-09-11,internalize,"['absorb', 'digest', 'process', 'take in']"
1099,2026-09-11,people hired for an event,"['band', 'florist', 'photographer', 'planner']"
1100,2026-09-12,___ alert,"['nerd', 'red', 'spoiler', 'weather']"
1101,2026-09-12,things that blink,"['cursor', 'eyelids', 'smoke detector', 'turn signal']"
1102,2026-09-12,people in an online forum,"['lurker', 'poster', 'spammer', 'troll']"
1103,2026-09-12,ways to personalize a car,"['bumper sticker', 'fuzzy dice', 'hood ornament', 'vanity plate']"
1104,2026-09-13,ending in elevated landforms,"['doublespeak', 'heathcliff', 'paramount', 'porridge']"
1105,2026-09-13,words that sound like two letters,"['empty', 'excess', 'kewpie', 'odie']"
1106,2026-09-13,u.s. presidents,"['cleveland', 'garfield', 'grant', 'madison']"
1107,2026-09-13,lacking in firmness,"['droopy', 'flaccid', 'sagging', 'slack']"
1108,2026-09-14,___grass,"['blue', 'crab', 'lemon', 'wheat']"
1109,2026-09-14,common single-use plastic items,"['bag', 'cutlery', 'stirrer', 'straw']"
1110,2026-09-14,informant,"['canary', 'rat', 'snitch', 'stoolie']"
1111,2026-09-14,waterbirds,"['coot', 'goose', 'loon', 'teal']"
1112,2026-09-15,things that appear at the end,"['caboose', 'december', 'dessert', 'epilogue']"
1113,2026-09-15,undercover operative,"['asset', 'mole', 'plant', 'sleeper']"
1114,2026-09-15,parts of a whistling kettle,"['handle', 'lid', 'spout', 'whistle']"
1115,2026-09-15,instruct,"['coach', 'direct', 'guide', 'train']"
1116,2026-09-16,sausages plus a letter,"['borat', 'clink', 'frank-n-furter', 'widener']"
1117,2026-09-16,poets' middle names,"['barrett', 'carlos', 'st. vincent', 'wadsworth']"
1118,2026-09-16,starting with u.s. coins,"['dimension', 'nickelodeon', 'pennywise', 'quarterback']"
1119,2026-09-16,ending in metal elements,"['latin', 'long john silver', 'marigold', 'steam iron']"
1120,2026-09-17,love ___,"['handles', 'language', 'tap', 'triangle']"
1121,2026-09-17,"hugh jackman movies, with ""the""","['fountain', 'prestige', 'sheep detectives', 'wolverine']"
1122,2026-09-17,things that are underground,"['mine shaft', 'sewer line', 'subway station', 'well']"
1123,2026-09-17,elasticity,"['bounce', 'flexibility', 'give', 'spring']"
1124,2026-09-18,___case,"['brief', 'pillow', 'stair', 'upper']"
1125,2026-09-18,parts of a flight,"['boarding', 'cruise', 'landing', 'takeoff']"
1126,2026-09-18,assortments of food/drink,"['flight', 'medley', 'platter', 'sampler']"
1127,2026-09-18,segment of a process,"['phase', 'round', 'stage', 'step']"
1128,2026-09-19,starting with abbreviated math functions,"['cos lettuce', 'log cabin', 'sin city', 'tan line']"
1129,2026-09-19,associated with swinging london in the 1960s,"['carnaby street', 'miniskirt', 'mod', 'twiggy']"
1130,2026-09-19,features of a kid's drawing,"['house', 'stick figure', 'sun', 'tree']"
1131,2026-09-19,widen one's scope,"['branch out', 'diversify', 'expand', 'grow']"
1132,2026-09-20,___boards you ride on,"['hover', 'skate', 'snow', 'surf']"
1133,2026-09-20,vampire movies,"['blade', 'near dark', 'sinners', 'twilight']"
1134,2026-09-20,associated with kentucky,"['bluegrass', 'bourbon', 'derby', 'fried chicken']"
1135,2026-09-20,round flat things,"['blu-ray', 'coaster', 'sand dollar', 'tortilla']"
1136,2026-09-21,starts of composers' names,"['beet', 'brah', 'chop', 'viva']"
1137,2026-09-21,chess verbs,"['capture', 'castle', 'check', 'mate']"
1138,2026-09-21,ways to attract fish,"['chum', 'fly', 'spinner', 'worm']"
1139,2026-09-21,email buttons,"['compose', 'drafts', 'sent', 'spam']"
1140,2026-09-22,beverages with acute accents removed,"['cafe', 'patron', 'rose', 'the']"
1141,2026-09-22,options on a multiple choice survey,"['agree', 'disagree', 'neutral', 'other']"
1142,2026-09-22,embellishment,"['accent', 'detail', 'flourish', 'touch']"
1143,2026-09-22,demonstratives,"['that', 'these', 'this', 'those']"
1144,2026-09-23,"ending in synonyms for ""term""","['bitcoin', 'record label', 'rub-a-dub', 'suriname']"
1145,2026-09-23,things that come in cans,"['condensed milk', 'paint', 'shaving cream', 'spam']"
1146,2026-09-23,website hurdles,"['age verification', 'captcha', 'cookie consent', 'paywall']"
1147,2026-09-23,things you grab before leaving the house,"['keys', 'phone', 'sunglasses', 'wallet']"
1148,2026-09-24,anagrams,"['beer hat', 'breathe', 'herb tea', 'the bear']"
1149,2026-09-24,featuring pointing,"['creation of adam', 'foam finger', ""i'm with stupid shirt"", 'uncle sam']"
1150,2026-09-24,things with spring/s,"['bobblehead', 'pogo stick', 'snakes in a can', 'trampoline']"
1151,2026-09-24,parts of a vampire costume,"['cape', 'face paint', 'fake blood', 'fangs']"
1152,2026-09-25,taxonomic ranks plus a letter,"['border', 'classy', 'foamily', 'genius']"
1153,2026-09-25,famous dans,"['aykroyd', 'levy', 'rather', 'savage']"
1154,2026-09-25,parts of a mechanical clock,"['escapement', 'pendulum', 'ratchet', 'spring']"
1155,2026-09-25,luxe,"['bougie', 'fancy', 'posh', 'swank']"
1156,2026-09-26,"""cool"" things, in expressions","['beans', 'cat', 'cucumber', 'customer']"
1157,2026-09-26,features of wood,"['burl', 'grain', 'knots', 'rings']"
1158,2026-09-26,things done to a dress shirt at the laundry,"['fold', 'press', 'starch', 'wash']"
1159,2026-09-26,breath fresheners,"['gum', 'mint', 'mouthwash', 'spray']"
1160,2026-09-27,ending in chinese dynasties,"['bbqing', 'homing', 'lohan', 'wu-tang']"
1161,2026-09-27,telecom,"['carrier', 'network', 'operator', 'provider']"
1162,2026-09-27,restaurant seating options,"['banquette', 'booth', 'chair', 'stool']"
1163,2026-09-27,sculpture media,"['bronze', 'clay', 'marble', 'plaster']"
1164,2026-09-28,three letters plus repeated trigrams,"['arkansans', 'chihuahua', 'possesses', 'springing']"
1165,2026-09-28,dodge models,"['challenger', 'charger', 'durango', 'viper']"
1166,2026-09-28,oyster condiments,"['horseradish', 'lemon', 'mignonette', 'tabasco']"
1167,2026-09-28,things with stalks,"['bamboo', 'celery', 'corn', 'wheat']"
1168,2026-09-29,phrases hiding greek letters,"['freeze tag', 'home game', 'model tank', 'oral phase']"
1169,2026-09-29,first words of pixar films,"['finding', 'inside', 'monsters', 'toy']"
1170,2026-09-29,river features,"['delta', 'drainage basin', 'mouth', 'stream bed']"
1171,2026-09-29,secluded,"['hidden', 'remote', 'secret', 'tucked away']"
1172,2026-09-30,starting with month abbreviations,"['decent', 'novelty', 'octopussy', 'septum']"
1173,2026-09-30,gangster movies,"['bugsy', 'casino', 'donnie brasco', 'scarface']"
1174,2026-09-30,things that are shaken (not stirred),"['etch a sketch', 'martini', 'spray paint', 'tambourine']"
1175,2026-09-30,securities,"['bond', 'future', 'option', 'stock']"
1176,2026-10-01,starts of nyt print puzzles,"['acro', 'cross', 'ken', 'sud']"
1177,2026-10-01,"2000s indie rock bands, with ""the""","['decemberists', 'national', 'shins', 'walkmen']"
1178,2026-10-01,dress shirt measurements,"['chest', 'neck', 'sleeve', 'waist']"
1179,2026-10-01,put,"['place', 'position', 'situate', 'stick']"
1180,2026-10-02,prime ___,"['number', 'real estate', 'rib', 'time']"
1181,2026-10-02,customary,"['common', 'routine', 'standard', 'stock']"
1182,2026-10-02,fingers,"['index', 'little', 'middle', 'ring']"
1183,2026-10-02,finance,"['back', 'bankroll', 'fund', 'support']"
1184,2026-10-03,ending in fantasy creatures,"['diet sprite', 'merv griffin', 'ny giant', 'river phoenix']"
1185,2026-10-03,starting with u.s. museums,"['broad bean', 'getty images', 'met halfway', 'whitney houston']"
1186,2026-10-03,ending in musicals,"['elbow grease', 'fat cats', 'linda hamilton', 'something wicked']"
1187,2026-10-03,"starting with terms for ""toilet""","['can opener', 'head waiter', 'john denver', 'w.c. fields']"
1188,2026-10-04,silent ___,"['auction', 'film', 'partner', 'treatment']"
1189,2026-10-04,parts of a judge costume,"['collar', 'gavel', 'robe', 'wig']"
1190,2026-10-04,table tennis needs,"['ball', 'net', 'paddle', 'table']"
1191,2026-10-04,considerable amount,"['bunch', 'heap', 'lot', 'stack']"
1192,2026-10-05,ending in ways to temporarily acquire,"['parent', 'please', 'sapphire', 'sloan']"
1193,2026-10-05,kinds of boards,"['advisory', 'chess', 'ironing', 'message']"
1194,2026-10-05,adjectives for mature content,"['explicit', 'graphic', 'strong', 'suggestive']"
1195,2026-10-05,calm,"['content', 'peaceful', 'placid', 'serene']"
1196,2026-10-06,ending in talents,"['catskill', 'knickknack', 'pianoforte', 'stability']"
1197,2026-10-06,___ inn hotels,"['comfort', 'days', 'hampton', 'holiday']"
1198,2026-10-06,kinds of chairs,"['adirondack', 'eames', 'windsor', 'wingback']"
1199,2026-10-06,"financial firms, for short","['berkshire', 'citi', 'goldman', 'merrill']"
1200,2026-06-29,ending in parts of a tree,"['embark', 'groot', 'nudibranch', 'strunk']"
1201,2026-06-29,parts of a speaker,"['cabinet', 'cone', 'magnet', 'woofer']"
1202,2026-06-29,consume with gusto,"['crush', 'guzzle', 'inhale', 'snarf']"
1203,2026-06-29,old timey troublemakers,"['miscreant', 'rogue', 'ruffian', 'scoundrel']"
1204,2026-06-30,"what ""draft"" might refer to","['breeze', 'on tap', 'recruit', 'sketch']"
1205,2026-06-30,common recyclables,"['bottle', 'box', 'can', 'newspaper']"
1206,2026-06-30,participate in some winter olympics,"['curl', 'luge', 'skate', 'ski']"
1207,2026-06-30,dividing structures,"['fence', 'gate', 'hedge', 'wall']"
1208,2026-07-01,starting with countries,"['dominican republic', 'guinea-bissau', 'indianapolis', 'nigeria']"
1209,2026-07-01,places in cocktail names,"['cuba', 'long island', 'moscow', 'singapore']"
1210,2026-07-01,best picture winners/nominees,"['casablanca', 'chicago', 'fargo', 'munich']"
1211,2026-07-01,things named after places,"['champagne', 'china', 'cologne', 'limerick']"
1212,2026-07-02,starting with sports venues,"['court jester', 'diamond ring', 'field mouse', 'track record']"
1213,2026-07-02,starting with nicknames,"['billy goat', 'dan dan noodles', 'rich text', 'tom-tom']"
1214,2026-07-02,old-timey names for things we still use,"['looking glass', 'spectacles', 'talkie', 'water closet']"
1215,2026-07-02,they impersonate other things,"['copycat', 'mime', 'mockingbird', 't-1000']"
1216,2026-07-03,"what things pronounced ""t"" might refer to","['golf accessory', 'gossip', 'hot drink', 'shirt']"
1217,2026-07-03,bad things to give someone,"['cold shoulder', 'dirty look', 'hard time', 'runaround']"
1218,2026-07-03,retro expressions of approval,"['cool beans', 'far out', 'groovy', 'right on']"
1219,2026-07-03,positive feelings,"['bliss', 'felicity', 'happiness', 'warm fuzzies']"
1220,2026-07-04,sweet ___,"['dreams', 'nothings', 'pea', 'spot']"
1221,2026-07-04,tropical drinks,"['hurricane', 'painkiller', 'scorpion', 'zombie']"
1222,2026-07-04,kinds of poems,"['ballad', 'epic', 'ode', 'villanelle']"
1223,2026-07-04,persist,"['continue', 'last', 'linger', 'stay']"
1224,2026-07-05,"what ""w"" might stand for","['tungsten', 'west', 'win', 'with']"
1225,2026-07-05,amex card types,"['centurion', 'gold', 'green', 'platinum']"
1226,2026-07-05,payment methods,"['card', 'cash', 'check', 'wire']"
1227,2026-07-05,granola ingredients,"['honey', 'nuts', 'oats', 'seeds']"
1228,2026-07-06,starting with dating apps,"['bumblebee', 'grind rail', 'matcha', 'tinderbox']"
1229,2026-07-06,acme products used by wile e. coyote,"['earthquake pills', 'iron bird seed', 'rocket skates', 'tnt']"
1230,2026-07-06,science fair model subjects,"['atom', 'dna', 'solar system', 'volcano']"
1231,2026-07-06,stunning news,"['bombshell', 'revelation', 'shocker', 'thunderbolt']"
1232,2026-07-07,"ending in ""sesame street"" characters","['bernie', 'colbert', 'discount', 'san anselmo']"
1233,2026-07-07,___ twist,"['french', 'lemon', 'oliver', 'plot']"
1234,2026-07-07,student-athlete designations,"['all-american', 'jock', 'letterman', 'team captain']"
1235,2026-07-07,rooms in clue,"['conservatory', 'hall', 'kitchen', 'study']"
1236,2026-07-08,house of ___,"['cards', 'lords', 'wax', 'worship']"
1237,2026-07-08,guitar-playing techniques,"['pick', 'pluck', 'strum', 'tap']"
1238,2026-07-08,motif,"['drift', 'plot', 'theme', 'thread']"
1239,2026-07-08,cut into thin pieces,"['grate', 'plane', 'shave', 'sliver']"
1240,2026-07-09,pontiac models,"['firebird', 'g6', 'grand prix', 'trans am']"
1241,2026-07-09,kinds of rugs,"['persian', 'prayer', 'shag', 'throw']"
1242,2026-07-09,music publications,"['billboard', 'pitchfork', 'rolling stone', 'spin']"
1243,2026-07-09,non-alcoholic designators,"['na', 'spirit-free', 'virgin', 'zero-proof']"
1244,2026-07-10,starting with baseball calls,"['ball gown', 'outkast', 'safe mode', 'strike a pose']"
1245,2026-07-10,'80s synth-pop bands,"['depeche mode', 'erasure', 'new order', 'pet shop boys']"
1246,2026-07-10,dessert menu descriptors,"['decadent', 'fresh-baked', 'molten', 'à la mode']"
1247,2026-07-10,smartphone settings,"['airplane mode', 'do not disturb', 'hotspot', 'location services']"
1248,2026-07-11,double letters appearing in that letter's alphabetical position,"['aardvark', 'bocce', 'ebbing', 'twiddle']"
1249,2026-07-11,"""toy story"" characters","['bo peep', 'jessie', 'slinky', 'woody']"
1250,2026-07-11,"undisturbed, as water","['calm', 'flat', 'glassy', 'still']"
1251,2026-07-11,circus equipment,"['cannon', 'stilts', 'trapeze', 'unicycle']"
1252,2026-07-12,starts of u.s. capitals,"['den', 'mad', 'pho', 'sac']"
1253,2026-07-12,verbs in a college life slogan,"['party', 'repeat', 'sleep', 'study']"
1254,2026-07-12,bit of fruit-flavored candy,"['dot', 'nerd', 'runt', 'spree']"
1255,2026-07-12,reproductive part of fruit,"['pip', 'pit', 'seed', 'stone']"
1256,2026-07-13,starting with smooches,"['bussin', 'kisser', 'peckish', 'smackdown']"
1257,2026-07-13,fictional cats,"['figaro', 'puss', 'salem', 'tom']"
1258,2026-07-13,things with handles,"['bucket', 'drawer', 'mug', 'umbrella']"
1259,2026-07-13,interrogate,"['examine', 'grill', 'pump', 'question']"
1260,2026-07-14,symbolized with arrows,"['recycling', 'shuffle', 'this side up', 'u-turn']"
1261,2026-07-14,kinds of baskets,"['easter', 'grocery', 'laundry', 'picnic']"
1262,2026-07-14,edit menu options,"['copy', 'cut', 'delete', 'paste']"
1263,2026-07-14,contract,"['agreement', 'bargain', 'deal', 'understanding']"
1264,2026-07-15,"words before ""room"" to indicate extra space","['breathing', 'elbow', 'head', 'wiggle']"
1265,2026-07-15,kinds of sports,"['extreme', 'motor', 'racket', 'water']"
1266,2026-07-15,things with laces,"['baseball glove', 'corset', 'football', 'shoe']"
1267,2026-07-15,terms for the legal system,"['bar', 'bench', 'court', 'tribunal']"
1268,2026-07-16,starting with tiny marks,"['dot matrix', 'period piece', 'point break', 'spot remover']"
1269,2026-07-16,associated with precision,"['bullseye', 'clockwork', 'laser', 'needle']"
1270,2026-07-16,shades of black,"['charcoal', 'ink', 'jet', 'pitch']"
1271,2026-07-16,skincare products,"['clay mask', 'eye cream', 'peel', 'toner']"
1272,2026-07-17,ending in parts of a car,"['plot spoiler', 'robin hood', 'satires', 'tree trunk']"
1273,2026-07-17,four groups of four,"['cardinal directions', 'classical elements', 'seasons', 'suits']"
1274,2026-07-17,seen in an arcade,"['crane game', 'pinball', 'tickets', 'tokens']"
1275,2026-07-17,grand finale,"['epilogue', 'farewell', 'last dance', 'swan song']"
1276,2026-07-18,"words after ""pop""","['culture', 'fly', 'quiz', 'tart']"
1277,2026-07-18,things tracked in video games,"['health', 'lives', 'score', 'time']"
1278,2026-07-18,belief,"['attitude', 'mind', 'opinion', 'view']"
1279,2026-07-18,commit a basketball violation,"['carry', 'double dribble', 'goaltend', 'travel']"
1280,2026-07-19,___ face expressions,"['game', 'long', 'poker', 'straight']"
1281,2026-07-19,things toilets do,"['drain', 'flush', 'refill', 'swirl']"
1282,2026-07-19,digital coupling verbs,"['connect', 'join', 'pair', 'sync']"
1283,2026-07-19,circuit components,"['breaker', 'fuse', 'relay', 'switch']"
1284,2026-07-20,starting with alcoholic beverages,"['alexa', 'meadow', 'portobello', 'sakes']"
1285,2026-07-20,associated with pearls,"['bubble tea', 'oyster', 'swine', 'wisdom']"
1286,2026-07-20,things to click,"['button', 'icon', 'link', 'menu']"
1287,2026-07-20,announce,"['blare', 'herald', 'sound', 'trumpet']"
1288,2026-07-21,tele___,"['gram', 'kinesis', 'prompter', 'vision']"
1289,2026-07-21,elements of a musical,"['book', 'lyrics', 'music', 'orchestration']"
1290,2026-07-21,software downloads,"['app', 'driver', 'extension', 'plugin']"
1291,2026-07-21,kinds of tops,"['crop', 'halter', 'tank', 'tube']"
1292,2026-07-22,features of a zebra,"['hooves', 'mane', 'tail', 'white stripes']"
1293,2026-07-22,platform-specific posts,"['pins', 'snaps', 'tweets', 'vines']"
1294,2026-07-22,on a golf scorecard,"['hole', 'par', 'score', 'strokes']"
1295,2026-07-22,symptoms of an allergic reaction,"['hives', 'itching', 'rash', 'redness']"
1296,2026-07-23,ending in geometry terms,"['appoint', 'deplane', 'feline', 'jangle']"
1297,2026-07-23,parts of an airport,"['apron', 'hangar', 'runway', 'terminal']"
1298,2026-07-23,in an anxious state,"['excited', 'febrile', 'frenetic', 'intense']"
1299,2026-07-23,spherical things,"['baseball', 'globe', 'marble', 'orange']"
1300,2026-07-24,homophones of religious roles,"['canter', 'fryer', 'llama', 'none']"
1301,2026-07-24,"bring to mind, as a memory","['jog', 'prompt', 'refresh', 'spark']"
1302,2026-07-24,outcomes for a batter,"['home run', 'single', 'strikeout', 'walk']"
1303,2026-07-24,talk at length,"['babble', 'drone', 'ramble', 'yak']"
1304,2026-07-25,strip ___,"['club', 'mall', 'poker', 'steak']"
1305,2026-07-25,african currencies,"['kwanza', 'leone', 'naira', 'rand']"
1306,2026-07-25,"start to cry, with ""up""","['choke', 'mist', 'tear', 'well']"
1307,2026-07-25,spanish relatives,"['abuela', 'hijo', 'madre', 'primo']"
1308,2026-07-26,"what ""shell"" might refer to","['carapace', 'gas station', 'pastry crust', 'rowing boat']"
1309,2026-07-26,expressions for rain,"['april showers', 'liquid sunshine', 'scotch mist', 'wet weather']"
1310,2026-07-26,outmoded consumer tech,"['blackberry', 'discman', 'dvd player', 'plasma tv']"
1311,2026-07-26,baby milestones,"['crawling', 'first words', 'rolling over', 'solid food']"
1312,2026-07-27,icons on a shopping site,"['bell', 'cart', 'heart', 'magnifying glass']"
1313,2026-07-27,kinds of shifts,"['doppler', 'graveyard', 'paradigm', 'stick']"
1314,2026-07-27,long tapered things,"['carrot', 'icicle', 'knitting needle', 'stalactite']"
1315,2026-07-27,gymnastics apparatus,"['beam', 'horse', 'rings', 'vault']"
1316,2026-07-28,starting with palindromic names,"['annapolis', 'bobsled', 'everest', 'ottoman']"
1317,2026-07-28,"shoe brands starting with ""c""","['camper', 'clarks', 'converse', 'crocs']"
1318,2026-07-28,how do you like them apples,"['empire', 'fuji', 'gala', 'honeycrisp']"
1319,2026-07-28,command,"['captain', 'direct', 'head', 'lead']"
1320,2026-07-29,___boards in a classroom,"['black', 'chalk', 'cork', 'white']"
1321,2026-07-29,units of wisdom,"['gem', 'nugget', 'pearl', 'word']"
1322,2026-07-29,nondescript,"['basic', 'mid', 'plain', 'vanilla']"
1323,2026-07-29,fasteners,"['nail', 'rivet', 'screw', 'staple']"
1324,2026-07-30,"on the ___, to mean ""precise""","['dot', 'mark', 'money', 'nose']"
1325,2026-07-30,cruise lines,"['carnival', 'celebrity', 'princess', 'viking']"
1326,2026-07-30,activities with multiple balls,"['beer pong', 'bingo', 'juggling', 'pool']"
1327,2026-07-30,virtuous,"['fair', 'good', 'just', 'right']"
1328,2026-07-31,starting with merriments,"['cheerios', 'fungus', 'gleek', 'joystick']"
1329,2026-07-31,fruits plus starting letter,"['dapple', 'jdate', 'slime', 'spear']"
1330,2026-07-31,super mario figures,"['dinosaur', 'mushroom', 'plumber', 'princess']"
1331,2026-07-31,construct,"['fashion', 'model', 'mold', 'shape']"
1332,2026-08-01,starting with bread shapes,"['boulevard', 'bundle', 'loafer', 'rolls-royce']"
1333,2026-08-01,perform some hole machining operations,"['bore', 'countersink', 'drill', 'ream']"
1334,2026-08-01,oscar-winning actors since 2010,"['bale', 'jordan', 'phoenix', 'waltz']"
1335,2026-08-01,bedding,"['comforter', 'sham', 'sheet', 'throw']"
1336,2026-08-02,u.s. airport codes plus starting letter,"['asea', 'flax', 'lord', 'olga']"
1337,2026-08-02,___ mode,"['airplane', 'beast', 'dark', 'à la']"
1338,2026-08-02,by means of,"['by', 'per', 'through', 'via']"
1339,2026-08-02,filler words,"['actually', 'like', 'so', 'well']"
1340,2026-08-03,"starting with synonyms for ""pester""","['bug fix', 'nag champa', 'needless', 'tea set']"
1341,2026-08-03,"""y"" is the only vowel","['fly by', 'myrrh', 'nsync', 'rhythm']"
1342,2026-08-03,shades of green,"['forest', 'hunter', 'mint', 'sage']"
1343,2026-08-03,road less traveled,"['alley', 'backstreet', 'byway', 'lane']"
1344,2026-08-04,v-shaped things,"['angle bracket', 'chevron', 'goose formation', 'peace sign']"
1345,2026-08-04,things with pedals,"['piano', 'sewing machine', 'swan boat', 'unicycle']"
1346,2026-08-04,iconic nyc sights,"['bodega', 'pigeon', 'subway station', 'taxi cab']"
1347,2026-08-04,long cylindrical things,"['cigarette', 'foam roller', 'pool noodle', 'pretzel rod']"
1348,2026-08-05,"what ""stock"" might refer to","['broth', 'cattle', 'investment', 'merchandise']"
1349,2026-08-05,house styles,"['cape cod', 'mission', 'ranch', 'tudor']"
1350,2026-08-05,jeans brands,"['diesel', 'gap', 'lucky', 'wrangler']"
1351,2026-08-05,navigate,"['drive', 'maneuver', 'pilot', 'steer']"
1352,2026-08-06,places with nets,"['barclays center', 'fishing boat', 'hockey rink', 'tennis court']"
1353,2026-08-06,iconic roman landmarks,"['colosseum', 'pantheon', 'spanish steps', 'trevi fountain']"
1354,2026-08-06,places with lanes,"['bowling alley', 'freeway', 'supermarket', 'swimming pool']"
1355,2026-08-06,classic wooden toys,"['alphabet blocks', 'cup-and-ball', ""jacob's ladder"", 'lincoln logs']"
1356,2026-08-07,starting with male animals,"['buckyball', 'jackpot', 'rambo', 'tomatillo']"
1357,2026-08-07,parts of an elevator,"['buttons', 'cables', 'motor', 'shaft']"
1358,2026-08-07,cold things,"['liquid nitrogen', 'refrigerator', 'snow', 'sundae']"
1359,2026-08-07,components of a candle,"['fragrance', 'jar', 'wax', 'wick']"
1360,2026-08-08,safety ___,"['belt', 'goggles', 'pin', 'razor']"
1361,2026-08-08,words abbreviated with letters as homophones,"['cutie', 'easy', 'effects', 'i owe you']"
1362,2026-08-08,convey,"['couch', 'express', 'frame', 'phrase']"
1363,2026-08-08,quaint expressions of excitement,"['hot dog', 'hurrah', 'whoopee', 'yahoo']"
1364,2026-08-09,things people try to get out of,"['bad dream', 'escape room', 'jury duty', 'labyrinth']"
1365,2026-08-09,movie subgenres,"['buddy cop', 'neo-noir', 'space opera', 'spaghetti western']"
1366,2026-08-09,classic children's books,"['caps for sale', 'corduroy', 'goodnight moon', 'madeline']"
1367,2026-08-09,take a different approach,"['change tack', 'course-correct', 'recalibrate', 'shift gears']"
1368,2026-08-10,famous goatees,"['billy goat', 'colonel sanders', 'doctor strange', 'the devil']"
1369,2026-08-10,sections on an invoice,"['balance due', 'bill to', 'order number', 'unit price']"
1370,2026-08-10,ways to receive event tickets,"['mail delivery', 'mobile ticket', 'print-at-home', 'will call']"
1371,2026-08-10,haphazardly,"['any old how', 'at random', 'helter-skelter', 'willy-nilly']"
1372,2026-08-11,homophones of facial features,"['aye', 'hare', 'knows', 'tung']"
1373,2026-08-11,words in an auctioneer's chant,"['going', 'once', 'sold', 'twice']"
1374,2026-08-11,basic cable channels,"['bet', 'bravo', 'history', 'usa']"
1375,2026-08-11,doomed,"['done', 'sunk', 'through', 'toast']"
1376,2026-08-12,starting with affirmative responses,"['fine print', 'goodbye', 'great white', 'okayama']"
1377,2026-08-12,nbc sitcom surnames,"['benes', 'bing', 'lemon', 'scott']"
1378,2026-08-12,kinds of frogs,"['bull', 'green', 'poison dart', 'tree']"
1379,2026-08-12,"hold onto, as a feeling","['foster', 'harbor', 'maintain', 'nurse']"
1380,2026-08-13,"""cold"" things, in idioms","['comfort', 'feet', 'shoulder', 'turkey']"
1381,2026-08-13,airline status perks,"['checked bags', 'lounge', 'miles', 'upgrade']"
1382,2026-08-13,move slowly (up to),"['creep', 'ease', 'edge', 'inch']"
1383,2026-08-13,persevere,"['carry on', 'continue', 'make it', 'persist']"
1384,2026-08-14,triangle logos,"['bass ale', 'citgo', 'delta airlines', 'google drive']"
1385,2026-08-14,comic book artist's tools,"['bristol board', 'dip pen', 'india ink', 'straightedge']"
1386,2026-08-14,places where everyone thinks the same ways,"['bubble', 'echo chamber', 'hivemind', 'silo']"
1387,2026-08-14,black-and-yellow,"['bumblebee', 'caution tape', 'charlie brown', 'wolverine']"
1388,2026-08-15,ending in synonyms for follow secretly,"['beanstalk', 'eyeshadow', 'hightail', 'soundtrack']"
1389,2026-08-15,ending in units of length,"['chamomile', 'grinch', 'hotfoot', 'lanyard']"
1390,2026-08-15,segment,"['leg', 'phase', 'stage', 'stretch']"
1391,2026-08-15,exhausted,"['beat', 'fried', 'spent', 'worn out']"
1392,2026-08-16,descriptors for our human ancestors,"['from neander', 'handy', 'upright', 'wise']"
1393,2026-08-16,family relationship modifiers,"['grand', 'great', 'half', 'step']"
1394,2026-08-16,participant,"['actor', 'agent', 'party', 'player']"
1395,2026-08-16,musical performance,"['concert', 'gig', 'set', 'show']"
1396,2026-08-17,starting with pets,"['birdie', 'cattle', 'dogie', 'fisheye']"
1397,2026-08-17,first names of country music legends,"['dolly', 'johnny', 'patsy', 'willie']"
1398,2026-08-17,spreadsheet features,"['formula', 'function', 'macro', 'script']"
1399,2026-08-17,video call platforms,"['huddle', 'meet', 'teams', 'zoom']"
1400,2026-08-18,things that are gritty,"['cowboy coffee', 'film noir', 'flyers mascot', 'sandpaper']"
1401,2026-08-18,things that are orange,"['basketball', 'orangutan', 'sweet potato', 'traffic cone']"
1402,2026-08-18,pjs,"['petroleum jelly', 'poetic justice', 'practical joke', 'private jet']"
1403,2026-08-18,seen at a movie premiere,"['limousine', 'paparazzi', 'red carpet', 'velvet rope']"
1404,2026-08-19,homophones of cgi-animated films,"['ants', 'cocoa', 'rheo', 'seoul']"
1405,2026-08-19,"words before ""ball"" in sport names","['base', 'basket', 'foot', 'pickle']"
1406,2026-08-19,conceal,"['blanket', 'hide', 'mask', 'obscure']"
1407,2026-08-19,piece of cake,"['breeze', 'cinch', 'picnic', 'snap']"
1408,2026-08-20,starting with chinese zodiac animals,"['dragonfly', 'oxford', 'pigment', 'ratchet']"
1409,2026-08-20,similarly shaped typographical marks,"['apostrophe', 'cedilla', 'comma', 'okina']"
1410,2026-08-20,kinds of numbers,"['atomic', 'serial', 'social security', 'telephone']"
1411,2026-08-20,kinds of pizza,"['diavola', 'hawaiian', 'meat lovers', 'white']"
1412,2026-08-21,once in a ___,"['blue moon', 'generation', 'lifetime', 'while']"
1413,2026-08-21,___ kids,"['comeback', 'karate', 'sundance', 'wimpy']"
1414,2026-08-21,calls to begin a performance,"['action', 'curtain up', 'places', 'showtime']"
1415,2026-08-21,things most animals need,"['nutrition', 'oxygen', 'sleep', 'water']"
1416,2026-08-22,___ girls of pop culture,"['gilmore', 'golden', 'mean', 'spice']"
1417,2026-08-22,garden hose settings,"['cone', 'jet', 'mist', 'shower']"
1418,2026-08-22,kinds of melon,"['bitter', 'musk', 'water', 'winter']"
1419,2026-08-22,carpentry tools,"['chisel', 'hammer', 'plane', 'saw']"
1420,2026-08-23,household stain removers,"['baking soda', 'club soda', 'hydrogen peroxide', 'vinegar']"
1421,2026-08-23,made with potatoes,"['home fries', 'potato battery', 'vischyssoise', 'vodka']"
1422,2026-08-23,double vowels,"['antifreeze', 'bazaar', 'skiing', 'vacuum']"
1423,2026-08-23,potentially explosive things,"['powder keg', 'time bomb', 'tinderbox', 'volcano']"
1424,2026-08-24,letter homophone plus tennis term,"['beset', 'deserve', 'ex-love', 'eyelet']"
1425,2026-08-24,pro-wrestling lingo,"['face', 'heel', 'jobber', 'kayfabe']"
1426,2026-08-24,principal,"['arch', 'chief', 'main', 'prime']"
1427,2026-08-24,fish,"['mullet', 'pike', 'sole', 'tang']"
1428,2026-08-25,ending in ice cream orders,"['harlem shake', 'inside scoop', 'lickety-split', 'traffic cone']"
1429,2026-08-25,"stephen king film adaptations, with ""the""","['green mile', 'long walk', 'running man', 'shawshank redemption']"
1430,2026-08-25,sci-fi phenomena,"['hyperspace', 'parallel universe', 'teleportation', 'time warp']"
1431,2026-08-25,surface-level,"['cosmetic', 'one-dimensional', 'skin-deep', 'superficial']"
1432,2026-08-26,key ___,"['chain', 'largo', 'lime', 'signature']"
1433,2026-08-26,"what ""p"" might stand for","['page', 'park', 'phosphorus', 'piano']"
1434,2026-08-26,knack,"['forte', 'gift', 'strength', 'talent']"
1435,2026-08-26,"""there you have it!""","['behold', 'presto', 'shazam', 'voilà']"
1436,2026-08-27,music genre plus starting letter,"['brock', 'nemo', 'spunk', 'wrap']"
1437,2026-08-27,shades of gray,"['ash', 'dove', 'pewter', 'slate']"
1438,2026-08-27,moved to tears,"['choked up', 'emotional', 'misty', 'overcome']"
1439,2026-08-27,electric things,"['electric eel', 'lightning', 'live wire', 'pikachu']"
1440,2026-08-28,top of the ___,"['hour', 'line', 'morning', 'pops']"
1441,2026-08-28,modern add-ons/combining forms,"['bro', 'coded', 'era', 'maxxing']"
1442,2026-08-28,palindromes,"['mom', 'noon', 'sis', 'top spot']"
1443,2026-08-28,bedtime parting words,"['night', 'rest easy', 'sleep tight', 'sweet dreams']"
1444,2026-08-29,starting with figures from greek myth,"['at last', 'herald', 'hydrant', 'tritone']"
1445,2026-08-29,keyboard keys,"['control', 'escape', 'shift', 'space']"
1446,2026-08-29,kinds of salad,"['chopped', 'greek', 'house', 'wedge']"
1447,2026-08-29,under the hood of a car,"['alternator', 'battery', 'engine', 'radiator']"
1448,2026-08-30,words on an old west wanted poster,"['alias', 'outlaw', 'reward', 'wanted']"
1449,2026-08-30,brands with bunny rabbit mascots,"['cadbury', 'energizer', 'playboy', 'trix']"
1450,2026-08-30,wine accessories,"['aerator', 'corkscrew', 'decanter', 'stopper']"
1451,2026-08-30,exercise facilities,"['gymnasium', 'health club', 'rec center', 'ymca']"
1452,2026-08-31,___ bowl,"['dust', 'poke', 'salad', 'super']"
1453,2026-08-31,historical sovereign titles,"['caliph', 'khan', 'pharaoh', 'shogun']"
1454,2026-08-31,warnings on a shipping box,"['fragile', 'heavy', 'perishable', 'this side up']"
1455,2026-08-31,things that come in tubes,"['lipstick', 'poster', 'tennis balls', 'toothpaste']"
1456,2026-09-01,starting with words of intention,"['aimee mann', 'hope diamond', 'planetarium', 'wishy-washy']"
1457,2026-09-01,private investigators of fiction,"['hercule poirot', 'mike hammer', 'sam spade', 'sherlock holmes']"
1458,2026-09-01,"long, skinny things often seen together","['arrow', 'golf club', 'pick-up stick', 'spaghetto']"
1459,2026-09-01,"""i promise!""","['cross my heart', 'for real', 'on god', 'pinky swear']"
1460,2026-09-02,___ dogs (that aren't dogs),"['corn', 'prairie', 'salty', 'top']"
1461,2026-09-02,___ dogs (that are dogs),"['hunting', 'rescue', 'sausage', 'sheep']"
1462,2026-09-02,things in a violin case,"['bow', 'mute', 'rosin', 'shoulder rest']"
1463,2026-09-02,flabbergast,"['dazzle', 'floor', 'stun', 'wow']"
1464,2026-09-03,spreadsheet functions,"['average', 'count', 'max', 'sum']"
1465,2026-09-03,toy car brands,"['hot wheels', 'matchbox', 'micro machines', 'tonka']"
1466,2026-09-03,shades of red,"['carmine', 'cinnabar', 'maroon', 'vermillion']"
1467,2026-09-03,two shakes of a lamb's tail,"['blink', 'flash', 'heartbeat', 'trice']"
1468,2026-09-04,accessories inside starting and ending letters,"['cringy', 'opine', 'stied', ""that's""]"
1469,2026-09-04,kinds of eels,"['conger', 'gulper', 'moray', 'ribbon']"
1470,2026-09-04,food whose name is two foods,"['cake donut', 'candy corn', 'cherry tomato', 'pizza pie']"
1471,2026-09-04,spherical things,"['bowling ball', 'eye', 'moon', 'orange']"
1472,2026-09-05,desserts minus last letter,"['cobble', 'pi', 'tar', 'tort']"
1473,2026-09-05,___head,"['bobble', 'hammer', 'jug', 'sleepy']"
1474,2026-09-05,bird onomatopoeia,"['coo', 'gobble', 'honk', 'warble']"
1475,2026-09-05,move unsteadily,"['sway', 'toddle', 'totter', 'wobble']"
1476,2026-09-06,ending with ways to carve a surface,"['court scribe', ""director's cut"", 'pizza slice', 'sat score']"
1477,2026-09-06,abbreviations followed by redundant word,"['atm machine', 'lcd display', 'pin number', 'upc code']"
1478,2026-09-06,places to insert something into on a computer,"['card slot', 'headphone jack', 'optical drive', 'usb port']"
1479,2026-09-06,unrestricted permission,"['blank check', 'carte blanche', 'free reign', 'full authority']"
1480,2026-09-07,starting with disney characters,"['plutonium', 'scar tissue', 'stitch marker', 'trampoline']"
1481,2026-09-07,associated with pine trees,"['car air freshener', 'christmas', 'needles', 'turpentine']"
1482,2026-09-07,parts of a bra,"['cup', 'hook', 'strap', 'underwire']"
1483,2026-09-07,quite the saga,"['fabrication', 'fish story', 'tall tale', 'yarn']"
1484,2026-09-08,candy bars plus a letter,"['doves', 'marsh', 'skort', 'twixt']"
1485,2026-09-08,___ heart,"['artichoke', 'purple', 'sacred', 'take to']"
1486,2026-09-08,features of a mime costume,"['beret', 'gloves', 'stripes', 'suspenders']"
1487,2026-09-08,classic american performance cars,"['corvette', 'firebird', 'mustang', 'viper']"
1488,2026-09-09,"words before ""force""","['brute', 'electromagnetic', 'g', 'task']"
1489,2026-09-09,horror movies,"['arachnophobia', 'halloween', 'it', 'saw']"
1490,2026-09-09,"words with ""small"" prefixes","['microbrewery', 'minivan', 'nanotechnology', 'picosecond']"
1491,2026-09-09,hard to understand,"['bewildering', 'esoteric', 'incomprehensible', 'opaque']"
1492,2026-09-10,"ending in synonyms for ""happening now""","['adult contemporary', 'alternating current', 'represent', 'sextant']"
1493,2026-09-10,bruce springsteen classics,"['atlantic city', 'badlands', 'born to run', 'thunder road']"
1494,2026-09-10,what you might see sticking out of a window,"['air conditioner', 'catio', 'clothesline', 'flower box']"
1495,2026-09-10,chemical elements,"['actinium', 'krypton', 'lead', 'sulfur']"
1496,2026-09-11,things that are pushed metaphorically,"['agenda', 'envelope', 'limits', 'luck']"
1497,2026-09-11,ways to practice self-care,"['exercise', 'journal', 'meditate', 'unplug']"
1498,2026-09-11,internalize,"['absorb', 'digest', 'process', 'take in']"
1499,2026-09-11,people hired for an event,"['band', 'florist', 'photographer', 'planner']"
1500,2026-09-12,___ alert,"['nerd', 'red', 'spoiler', 'weather']"
1501,2026-09-12,things that blink,"['cursor', 'eyelids', 'smoke detector', 'turn signal']"
1502,2026-09-12,people in an online forum,"['lurker', 'poster', 'spammer', 'troll']"
1503,2026-09-12,ways to personalize a car,"['bumper sticker', 'fuzzy dice', 'hood ornament', 'vanity plate']"
1504,2026-09-13,ending in elevated landforms,"['doublespeak', 'heathcliff', 'paramount', 'porridge']"
1505,2026-09-13,words that sound like two letters,"['empty', 'excess', 'kewpie', 'odie']"
1506,2026-09-13,u.s. presidents,"['cleveland', 'garfield', 'grant', 'madison']"
1507,2026-09-13,lacking in firmness,"['droopy', 'flaccid', 'sagging', 'slack']"
1508,2026-09-14,___grass,"['blue', 'crab', 'lemon', 'wheat']"
1509,2026-09-14,common single-use plastic items,"['bag', 'cutlery', 'stirrer', 'straw']"
1510,2026-09-14,informant,"['canary', 'rat', 'snitch', 'stoolie']"
1511,2026-09-14,waterbirds,"['coot', 'goose', 'loon', 'teal']"
1512,2026-09-15,things that appear at the end,"['caboose', 'december', 'dessert', 'epilogue']"
1513,2026-09-15,undercover operative,"['asset', 'mole', 'plant', 'sleeper']"
1514,2026-09-15,parts of a whistling kettle,"['handle', 'lid', 'spout', 'whistle']"
1515,2026-09-15,instruct,"['coach', 'direct', 'guide', 'train']"
1516,2026-09-16,sausages plus a letter,"['borat', 'clink', 'frank-n-furter', 'widener']"
1517,2026-09-16,poets' middle names,"['barrett', 'carlos', 'st. vincent', 'wadsworth']"
1518,2026-09-16,starting with u.s. coins,"['dimension', 'nickelodeon', 'pennywise', 'quarterback']"
1519,2026-09-16,ending in metal elements,"['latin', 'long john silver', 'marigold', 'steam iron']"
1520,2026-09-17,love ___,"['handles', 'language', 'tap', 'triangle']"
1521,2026-09-17,"hugh jackman movies, with ""the""","['fountain', 'prestige', 'sheep detectives', 'wolverine']"
1522,2026-09-17,things that are underground,"['mine shaft', 'sewer line', 'subway station', 'well']"
1523,2026-09-17,elasticity,"['bounce', 'flexibility', 'give', 'spring']"
1524,2026-09-18,___case,"['brief', 'pillow', 'stair', 'upper']"
1525,2026-09-18,parts of a flight,"['boarding', 'cruise', 'landing', 'takeoff']"
1526,2026-09-18,assortments of food/drink,"['flight', 'medley', 'platter', 'sampler']"
1527,2026-09-18,segment of a process,"['phase', 'round', 'stage', 'step']"
1528,2026-09-19,starting with abbreviated math functions,"['cos lettuce', 'log cabin', 'sin city', 'tan line']"
1529,2026-09-19,associated with swinging london in the 1960s,"['carnaby street', 'miniskirt', 'mod', 'twiggy']"
1530,2026-09-19,features of a kid's drawing,"['house', 'stick figure', 'sun', 'tree']"
1531,2026-09-19,widen one's scope,"['branch out', 'diversify', 'expand', 'grow']"
1532,2026-09-20,___boards you ride on,"['hover', 'skate', 'snow', 'surf']"
1533,2026-09-20,vampire movies,"['blade', 'near dark', 'sinners', 'twilight']"
1534,2026-09-20,associated with kentucky,"['bluegrass', 'bourbon', 'derby', 'fried chicken']"
1535,2026-09-20,round flat things,"['blu-ray', 'coaster', 'sand dollar', 'tortilla']"
1536,2026-09-21,starts of composers' names,"['beet', 'brah', 'chop', 'viva']"
1537,2026-09-21,chess verbs,"['capture', 'castle', 'check', 'mate']"
1538,2026-09-21,ways to attract fish,"['chum', 'fly', 'spinner', 'worm']"
1539,2026-09-21,email buttons,"['compose', 'drafts', 'sent', 'spam']"
1540,2026-09-22,beverages with acute accents removed,"['cafe', 'patron', 'rose', 'the']"
1541,2026-09-22,options on a multiple choice survey,"['agree', 'disagree', 'neutral', 'other']"
1542,2026-09-22,embellishment,"['accent', 'detail', 'flourish', 'touch']"
1543,2026-09-22,demonstratives,"['that', 'these', 'this', 'those']"
1544,2026-09-23,"ending in synonyms for ""term""","['bitcoin', 'record label', 'rub-a-dub', 'suriname']"
1545,2026-09-23,things that come in cans,"['condensed milk', 'paint', 'shaving cream', 'spam']"
1546,2026-09-23,website hurdles,"['age verification', 'captcha', 'cookie consent', 'paywall']"
1547,2026-09-23,things you grab before leaving the house,"['keys', 'phone', 'sunglasses', 'wallet']"
1548,2026-09-24,anagrams,"['beer hat', 'breathe', 'herb tea', 'the bear']"
1549,2026-09-24,featuring pointing,"['creation of adam', 'foam finger', ""i'm with stupid shirt"", 'uncle sam']"
1550,2026-09-24,things with spring/s,"['bobblehead', 'pogo stick', 'snakes in a can', 'trampoline']"
1551,2026-09-24,parts of a vampire costume,"['cape', 'face paint', 'fake blood', 'fangs']"
1552,2026-09-25,taxonomic ranks plus a letter,"['border', 'classy', 'foamily', 'genius']"
1553,2026-09-25,famous dans,"['aykroyd', 'levy', 'rather', 'savage']"
1554,2026-09-25,parts of a mechanical clock,"['escapement', 'pendulum', 'ratchet', 'spring']"
1555,2026-09-25,luxe,"['bougie', 'fancy', 'posh', 'swank']"
1556,2026-09-26,"""cool"" things, in expressions","['beans', 'cat', 'cucumber', 'customer']"
1557,2026-09-26,features of wood,"['burl', 'grain', 'knots', 'rings']"
1558,2026-09-26,things done to a dress shirt at the laundry,"['fold', 'press', 'starch', 'wash']"
1559,2026-09-26,breath fresheners,"['gum', 'mint', 'mouthwash', 'spray']"
1560,2026-09-27,ending in chinese dynasties,"['bbqing', 'homing', 'lohan', 'wu-tang']"
1561,2026-09-27,telecom,"['carrier', 'network', 'operator', 'provider']"
1562,2026-09-27,restaurant seating options,"['banquette', 'booth', 'chair', 'stool']"
1563,2026-09-27,sculpture media,"['bronze', 'clay', 'marble', 'plaster']"
1564,2026-09-28,three letters plus repeated trigrams,"['arkansans', 'chihuahua', 'possesses', 'springing']"
1565,2026-09-28,dodge models,"['challenger', 'charger', 'durango', 'viper']"
1566,2026-09-28,oyster condiments,"['horseradish', 'lemon', 'mignonette', 'tabasco']"
1567,2026-09-28,things with stalks,"['bamboo', 'celery', 'corn', 'wheat']"
1568,2026-09-29,phrases hiding greek letters,"['freeze tag', 'home game', 'model tank', 'oral phase']"
1569,2026-09-29,first words of pixar films,"['finding', 'inside', 'monsters', 'toy']"
1570,2026-09-29,river features,"['delta', 'drainage basin', 'mouth', 'stream bed']"
1571,2026-09-29,secluded,"['hidden', 'remote', 'secret', 'tucked away']"
1572,2026-09-30,starting with month abbreviations,"['decent', 'novelty', 'octopussy', 'septum']"
1573,2026-09-30,gangster movies,"['bugsy', 'casino', 'donnie brasco', 'scarface']"
1574,2026-09-30,things that are shaken (not stirred),"['etch a sketch', 'martini', 'spray paint', 'tambourine']"
1575,2026-09-30,securities,"['bond', 'future', 'option', 'stock']"
1576,2026-10-01,starts of nyt print puzzles,"['acro', 'cross', 'ken', 'sud']"
1577,2026-10-01,"2000s indie rock bands, with ""the""","['decemberists', 'national', 'shins', 'walkmen']"
1578,2026-10-01,dress shirt measurements,"['chest', 'neck', 'sleeve', 'waist']"
1579,2026-10-01,put,"['place', 'position', 'situate', 'stick']"
1580,2026-10-02,prime ___,"['number', 'real estate', 'rib', 'time']"
1581,2026-10-02,customary,"['common', 'routine', 'standard', 'stock']"
1582,2026-10-02,fingers,"['index', 'little', 'middle', 'ring']"
1583,2026-10-02,finance,"['back', 'bankroll', 'fund', 'support']"
1584,2026-10-03,ending in fantasy creatures,"['diet sprite', 'merv griffin', 'ny giant', 'river phoenix']"
1585,2026-10-03,starting with u.s. museums,"['broad bean', 'getty images', 'met halfway', 'whitney houston']"
1586,2026-10-03,ending in musicals,"['elbow grease', 'fat cats', 'linda hamilton', 'something wicked']"
1587,2026-10-03,"starting with terms for ""toilet""","['can opener', 'head waiter', 'john denver', 'w.c. fields']"
1588,2026-10-04,silent ___,"['auction', 'film', 'partner', 'treatment']"
1589,2026-10-04,parts of a judge costume,"['collar', 'gavel', 'robe', 'wig']"
1590,2026-10-04,table tennis needs,"['ball', 'net', 'paddle', 'table']"
1591,2026-10-04,considerable amount,"['bunch', 'heap', 'lot', 'stack']"
1592,2026-10-05,ending in ways to temporarily acquire,"['parent', 'please', 'sapphire', 'sloan']"
1593,2026-10-05,kinds of boards,"['advisory', 'chess', 'ironing', 'message']"
1594,2026-10-05,adjectives for mature content,"['explicit', 'graphic', 'strong', 'suggestive']"
1595,2026-10-05,calm,"['content', 'peaceful', 'placid', 'serene']"
1596,2026-10-06,ending in talents,"['catskill', 'knickknack', 'pianoforte', 'stability']"
1597,2026-10-06,___ inn hotels,"['comfort', 'days', 'hampton', 'holiday']"
1598,2026-10-06,kinds of chairs,"['adirondack', 'eames', 'windsor', 'wingback']"
1599,2026-10-06,"financial firms, for short","['berkshire', 'citi', 'goldman', 'merrill']"
1600,2026-06-29,ending in parts of a tree,"['embark', 'groot', 'nudibranch', 'strunk']"
1601,2026-06-29,parts of a speaker,"['cabinet', 'cone', 'magnet', 'woofer']"
1602,2026-06-29,consume with gusto,"['crush', 'guzzle', 'inhale', 'snarf']"
1603,2026-06-29,old timey troublemakers,"['miscreant', 'rogue', 'ruffian', 'scoundrel']"
1604,2026-06-30,"what ""draft"" might refer to","['breeze', 'on tap', 'recruit', 'sketch']"
1605,2026-06-30,common recyclables,"['bottle', 'box', 'can', 'newspaper']"
1606,2026-06-30,participate in some winter olympics,"['curl', 'luge', 'skate', 'ski']"
1607,2026-06-30,dividing structures,"['fence', 'gate', 'hedge', 'wall']"
1608,2026-07-01,starting with countries,"['dominican republic', 'guinea-bissau', 'indianapolis', 'nigeria']"
1609,2026-07-01,places in cocktail names,"['cuba', 'long island', 'moscow', 'singapore']"
1610,2026-07-01,best picture winners/nominees,"['casablanca', 'chicago', 'fargo', 'munich']"
1611,2026-07-01,things named after places,"['champagne', 'china', 'cologne', 'limerick']"
1612,2026-07-02,starting with sports venues,"['court jester', 'diamond ring', 'field mouse', 'track record']"
1613,2026-07-02,starting with nicknames,"['billy goat', 'dan dan noodles', 'rich text', 'tom-tom']"
1614,2026-07-02,old-timey names for things we still use,"['looking glass', 'spectacles', 'talkie', 'water closet']"
1615,2026-07-02,they impersonate other things,"['copycat', 'mime', 'mockingbird', 't-1000']"
1616,2026-07-03,"what things pronounced ""t"" might refer to","['golf accessory', 'gossip', 'hot drink', 'shirt']"
1617,2026-07-03,bad things to give someone,"['cold shoulder', 'dirty look', 'hard time', 'runaround']"
1618,2026-07-03,retro expressions of approval,"['cool beans', 'far out', 'groovy', 'right on']"
1619,2026-07-03,positive feelings,"['bliss', 'felicity', 'happiness', 'warm fuzzies']"
1620,2026-07-04,sweet ___,"['dreams', 'nothings', 'pea', 'spot']"
1621,2026-07-04,tropical drinks,"['hurricane', 'painkiller', 'scorpion', 'zombie']"
1622,2026-07-04,kinds of poems,"['ballad', 'epic', 'ode', 'villanelle']"
1623,2026-07-04,persist,"['continue', 'last', 'linger', 'stay']"
1624,2026-07-05,"what ""w"" might stand for","['tungsten', 'west', 'win', 'with']"
1625,2026-07-05,amex card types,"['centurion', 'gold', 'green', 'platinum']"
1626,2026-07-05,payment methods,"['card', 'cash', 'check', 'wire']"
1627,2026-07-05,granola ingredients,"['honey', 'nuts', 'oats', 'seeds']"
1628,2026-07-06,starting with dating apps,"['bumblebee', 'grind rail', 'matcha', 'tinderbox']"
1629,2026-07-06,acme products used by wile e. coyote,"['earthquake pills', 'iron bird seed', 'rocket skates', 'tnt']"
1630,2026-07-06,science fair model subjects,"['atom', 'dna', 'solar system', 'volcano']"
1631,2026-07-06,stunning news,"['bombshell', 'revelation', 'shocker', 'thunderbolt']"
1632,2026-07-07,"ending in ""sesame street"" characters","['bernie', 'colbert', 'discount', 'san anselmo']"
1633,2026-07-07,___ twist,"['french', 'lemon', 'oliver', 'plot']"
1634,2026-07-07,student-athlete designations,"['all-american', 'jock', 'letterman', 'team captain']"
1635,2026-07-07,rooms in clue,"['conservatory', 'hall', 'kitchen', 'study']"
1636,2026-07-08,house of ___,"['cards', 'lords', 'wax', 'worship']"
1637,2026-07-08,guitar-playing techniques,"['pick', 'pluck', 'strum', 'tap']"
1638,2026-07-08,motif,"['drift', 'plot', 'theme', 'thread']"
1639,2026-07-08,cut into thin pieces,"['grate', 'plane', 'shave', 'sliver']"
1640,2026-07-09,pontiac models,"['firebird', 'g6', 'grand prix', 'trans am']"
1641,2026-07-09,kinds of rugs,"['persian', 'prayer', 'shag', 'throw']"
1642,2026-07-09,music publications,"['billboard', 'pitchfork', 'rolling stone', 'spin']"
1643,2026-07-09,non-alcoholic designators,"['na', 'spirit-free', 'virgin', 'zero-proof']"
1644,2026-07-10,starting with baseball calls,"['ball gown', 'outkast', 'safe mode', 'strike a pose']"
1645,2026-07-10,'80s synth-pop bands,"['depeche mode', 'erasure', 'new order', 'pet shop boys']"
1646,2026-07-10,dessert menu descriptors,"['decadent', 'fresh-baked', 'molten', 'à la mode']"
1647,2026-07-10,smartphone settings,"['airplane mode', 'do not disturb', 'hotspot', 'location services']"
1648,2026-07-11,double letters appearing in that letter's alphabetical position,"['aardvark', 'bocce', 'ebbing', 'twiddle']"
1649,2026-07-11,"""toy story"" characters","['bo peep', 'jessie', 'slinky', 'woody']"
1650,2026-07-11,"undisturbed, as water","['calm', 'flat', 'glassy', 'still']"
1651,2026-07-11,circus equipment,"['cannon', 'stilts', 'trapeze', 'unicycle']"
1652,2026-07-12,starts of u.s. capitals,"['den', 'mad', 'pho', 'sac']"
1653,2026-07-12,verbs in a college life slogan,"['party', 'repeat', 'sleep', 'study']"
1654,2026-07-12,bit of fruit-flavored candy,"['dot', 'nerd', 'runt', 'spree']"
1655,2026-07-12,reproductive part of fruit,"['pip', 'pit', 'seed', 'stone']"
1656,2026-07-13,starting with smooches,"['bussin', 'kisser', 'peckish', 'smackdown']"
1657,2026-07-13,fictional cats,"['figaro', 'puss', 'salem', 'tom']"
1658,2026-07-13,things with handles,"['bucket', 'drawer', 'mug', 'umbrella']"
1659,2026-07-13,interrogate,"['examine', 'grill', 'pump', 'question']"
1660,2026-07-14,symbolized with arrows,"['recycling', 'shuffle', 'this side up', 'u-turn']"
1661,2026-07-14,kinds of baskets,"['easter', 'grocery', 'laundry', 'picnic']"
1662,2026-07-14,edit menu options,"['copy', 'cut', 'delete', 'paste']"
1663,2026-07-14,contract,"['agreement', 'bargain', 'deal', 'understanding']"
1664,2026-07-15,"words before ""room"" to indicate extra space","['breathing', 'elbow', 'head', 'wiggle']"
1665,2026-07-15,kinds of sports,"['extreme', 'motor', 'racket', 'water']"
1666,2026-07-15,things with laces,"['baseball glove', 'corset', 'football', 'shoe']"
1667,2026-07-15,terms for the legal system,"['bar', 'bench', 'court', 'tribunal']"
1668,2026-07-16,starting with tiny marks,"['dot matrix', 'period piece', 'point break', 'spot remover']"
1669,2026-07-16,associated with precision,"['bullseye', 'clockwork', 'laser', 'needle']"
1670,2026-07-16,shades of black,"['charcoal', 'ink', 'jet', 'pitch']"
1671,2026-07-16,skincare products,"['clay mask', 'eye cream', 'peel', 'toner']"
1672,2026-07-17,ending in parts of a car,"['plot spoiler', 'robin hood', 'satires', 'tree trunk']"
1673,2026-07-17,four groups of four,"['cardinal directions', 'classical elements', 'seasons', 'suits']"
1674,2026-07-17,seen in an arcade,"['crane game', 'pinball', 'tickets', 'tokens']"
1675,2026-07-17,grand finale,"['epilogue', 'farewell', 'last dance', 'swan song']"
1676,2026-07-18,"words after ""pop""","['culture', 'fly', 'quiz', 'tart']"
1677,2026-07-18,things tracked in video games,"['health', 'lives', 'score', 'time']"
1678,2026-07-18,belief,"['attitude', 'mind', 'opinion', 'view']"
1679,2026-07-18,commit a basketball violation,"['carry', 'double dribble', 'goaltend', 'travel']"
1680,2026-07-19,___ face expressions,"['game', 'long', 'poker', 'straight']"
1681,2026-07-19,things toilets do,"['drain', 'flush', 'refill', 'swirl']"
1682,2026-07-19,digital coupling verbs,"['connect', 'join', 'pair', 'sync']"
1683,2026-07-19,circuit components,"['breaker', 'fuse', 'relay', 'switch']"
1684,2026-07-20,starting with alcoholic beverages,"['alexa', 'meadow', 'portobello', 'sakes']"
1685,2026-07-20,associated with pearls,"['bubble tea', 'oyster', 'swine', 'wisdom']"
1686,2026-07-20,things to click,"['button', 'icon', 'link', 'menu']"
1687,2026-07-20,announce,"['blare', 'herald', 'sound', 'trumpet']"
1688,2026-07-21,tele___,"['gram', 'kinesis', 'prompter', 'vision']"
1689,2026-07-21,elements of a musical,"['book', 'lyrics', 'music', 'orchestration']"
1690,2026-07-21,software downloads,"['app', 'driver', 'extension', 'plugin']"
1691,2026-07-21,kinds of tops,"['crop', 'halter', 'tank', 'tube']"
1692,2026-07-22,features of a zebra,"['hooves', 'mane', 'tail', 'white stripes']"
1693,2026-07-22,platform-specific posts,"['pins', 'snaps', 'tweets', 'vines']"
1694,2026-07-22,on a golf scorecard,"['hole', 'par', 'score', 'strokes']"
1695,2026-07-22,symptoms of an allergic reaction,"['hives', 'itching', 'rash', 'redness']"
1696,2026-07-23,ending in geometry terms,"['appoint', 'deplane', 'feline', 'jangle']"
1697,2026-07-23,parts of an airport,"['apron', 'hangar', 'runway', 'terminal']"
1698,2026-07-23,in an anxious state,"['excited', 'febrile', 'frenetic', 'intense']"
1699,2026-07-23,spherical things,"['baseball', 'globe', 'marble', 'orange']"
1700,2026-07-24,homophones of religious roles,"['canter', 'fryer', 'llama', 'none']"
1701,2026-07-24,"bring to mind, as a memory","['jog', 'prompt', 'refresh', 'spark']"
1702,2026-07-24,outcomes for a batter,"['home run', 'single', 'strikeout', 'walk']"
1703,2026-07-24,talk at length,"['babble', 'drone', 'ramble', 'yak']"
1704,2026-07-25,strip ___,"['club', 'mall', 'poker', 'steak']"
1705,2026-07-25,african currencies,"['kwanza', 'leone', 'naira', 'rand']"
1706,2026-07-25,"start to cry, with ""up""","['choke', 'mist', 'tear', 'well']"
1707,2026-07-25,spanish relatives,"['abuela', 'hijo', 'madre', 'primo']"
1708,2026-07-26,"what ""shell"" might refer to","['carapace', 'gas station', 'pastry crust', 'rowing boat']"
1709,2026-07-26,expressions for rain,"['april showers', 'liquid sunshine', 'scotch mist', 'wet weather']"
1710,2026-07-26,outmoded consumer tech,"['blackberry', 'discman', 'dvd player', 'plasma tv']"
1711,2026-07-26,baby milestones,"['crawling', 'first words', 'rolling over', 'solid food']"
1712,2026-07-27,icons on a shopping site,"['bell', 'cart', 'heart', 'magnifying glass']"
1713,2026-07-27,kinds of shifts,"['doppler', 'graveyard', 'paradigm', 'stick']"
1714,2026-07-27,long tapered things,"['carrot', 'icicle', 'knitting needle', 'stalactite']"
1715,2026-07-27,gymnastics apparatus,"['beam', 'horse', 'rings', 'vault']"
1716,2026-07-28,starting with palindromic names,"['annapolis', 'bobsled', 'everest', 'ottoman']"
1717,2026-07-28,"shoe brands starting with ""c""","['camper', 'clarks', 'converse', 'crocs']"
1718,2026-07-28,how do you like them apples,"['empire', 'fuji', 'gala', 'honeycrisp']"
1719,2026-07-28,command,"['captain', 'direct', 'head', 'lead']"
1720,2026-07-29,___boards in a classroom,"['black', 'chalk', 'cork', 'white']"
1721,2026-07-29,units of wisdom,"['gem', 'nugget', 'pearl', 'word']"
1722,2026-07-29,nondescript,"['basic', 'mid', 'plain', 'vanilla']"
1723,2026-07-29,fasteners,"['nail', 'rivet', 'screw', 'staple']"
1724,2026-07-30,"on the ___, to mean ""precise""","['dot', 'mark', 'money', 'nose']"
1725,2026-07-30,cruise lines,"['carnival', 'celebrity', 'princess', 'viking']"
1726,2026-07-30,activities with multiple balls,"['beer pong', 'bingo', 'juggling', 'pool']"
1727,2026-07-30,virtuous,"['fair', 'good', 'just', 'right']"
1728,2026-07-31,starting with merriments,"['cheerios', 'fungus', 'gleek', 'joystick']"
1729,2026-07-31,fruits plus starting letter,"['dapple', 'jdate', 'slime', 'spear']"
1730,2026-07-31,super mario figures,"['dinosaur', 'mushroom', 'plumber', 'princess']"
1731,2026-07-31,construct,"['fashion', 'model', 'mold', 'shape']"
1732,2026-08-01,starting with bread shapes,"['boulevard', 'bundle', 'loafer', 'rolls-royce']"
1733,2026-08-01,perform some hole machining operations,"['bore', 'countersink', 'drill', 'ream']"
1734,2026-08-01,oscar-winning actors since 2010,"['bale', 'jordan', 'phoenix', 'waltz']"
1735,2026-08-01,bedding,"['comforter', 'sham', 'sheet', 'throw']"
1736,2026-08-02,u.s. airport codes plus starting letter,"['asea', 'flax', 'lord', 'olga']"
1737,2026-08-02,___ mode,"['airplane', 'beast', 'dark', 'à la']"
1738,2026-08-02,by means of,"['by', 'per', 'through', 'via']"
1739,2026-08-02,filler words,"['actually', 'like', 'so', 'well']"
1740,2026-08-03,"starting with synonyms for ""pester""","['bug fix', 'nag champa', 'needless', 'tea set']"
1741,2026-08-03,"""y"" is the only vowel","['fly by', 'myrrh', 'nsync', 'rhythm']"
1742,2026-08-03,shades of green,"['forest', 'hunter', 'mint', 'sage']"
1743,2026-08-03,road less traveled,"['alley', 'backstreet', 'byway', 'lane']"
1744,2026-08-04,v-shaped things,"['angle bracket', 'chevron', 'goose formation', 'peace sign']"
1745,2026-08-04,things with pedals,"['piano', 'sewing machine', 'swan boat', 'unicycle']"
1746,2026-08-04,iconic nyc sights,"['bodega', 'pigeon', 'subway station', 'taxi cab']"
1747,2026-08-04,long cylindrical things,"['cigarette', 'foam roller', 'pool noodle', 'pretzel rod']"
1748,2026-08-05,"what ""stock"" might refer to","['broth', 'cattle', 'investment', 'merchandise']"
1749,2026-08-05,house styles,"['cape cod', 'mission', 'ranch', 'tudor']"
1750,2026-08-05,jeans brands,"['diesel', 'gap', 'lucky', 'wrangler']"
1751,2026-08-05,navigate,"['drive', 'maneuver', 'pilot', 'steer']"
1752,2026-08-06,places with nets,"['barclays center', 'fishing boat', 'hockey rink', 'tennis court']"
1753,2026-08-06,iconic roman landmarks,"['colosseum', 'pantheon', 'spanish steps', 'trevi fountain']"
1754,2026-08-06,places with lanes,"['bowling alley', 'freeway', 'supermarket', 'swimming pool']"
1755,2026-08-06,classic wooden toys,"['alphabet blocks', 'cup-and-ball', ""jacob's ladder"", 'lincoln logs']"
1756,2026-08-07,starting with male animals,"['buckyball', 'jackpot', 'rambo', 'tomatillo']"
1757,2026-08-07,parts of an elevator,"['buttons', 'cables', 'motor', 'shaft']"
1758,2026-08-07,cold things,"['liquid nitrogen', 'refrigerator', 'snow', 'sundae']"
1759,2026-08-07,components of a candle,"['fragrance', 'jar', 'wax', 'wick']"
1760,2026-08-08,safety ___,"['belt', 'goggles', 'pin', 'razor']"
1761,2026-08-08,words abbreviated with letters as homophones,"['cutie', 'easy', 'effects', 'i owe you']"
1762,2026-08-08,convey,"['couch', 'express', 'frame', 'phrase']"
1763,2026-08-08,quaint expressions of excitement,"['hot dog', 'hurrah', 'whoopee', 'yahoo']"
1764,2026-08-09,things people try to get out of,"['bad dream', 'escape room', 'jury duty', 'labyrinth']"
1765,2026-08-09,movie subgenres,"['buddy cop', 'neo-noir', 'space opera', 'spaghetti western']"
1766,2026-08-09,classic children's books,"['caps for sale', 'corduroy', 'goodnight moon', 'madeline']"
1767,2026-08-09,take a different approach,"['change tack', 'course-correct', 'recalibrate', 'shift gears']"
1768,2026-08-10,famous goatees,"['billy goat', 'colonel sanders', 'doctor strange', 'the devil']"
1769,2026-08-10,sections on an invoice,"['balance due', 'bill to', 'order number', 'unit price']"
1770,2026-08-10,ways to receive event tickets,"['mail delivery', 'mobile ticket', 'print-at-home', 'will call']"
1771,2026-08-10,haphazardly,"['any old how', 'at random', 'helter-skelter', 'willy-nilly']"
1772,2026-08-11,homophones of facial features,"['aye', 'hare', 'knows', 'tung']"
1773,2026-08-11,words in an auctioneer's chant,"['going', 'once', 'sold', 'twice']"
1774,2026-08-11,basic cable channels,"['bet', 'bravo', 'history', 'usa']"
1775,2026-08-11,doomed,"['done', 'sunk', 'through', 'toast']"
1776,2026-08-12,starting with affirmative responses,"['fine print', 'goodbye', 'great white', 'okayama']"
1777,2026-08-12,nbc sitcom surnames,"['benes', 'bing', 'lemon', 'scott']"
1778,2026-08-12,kinds of frogs,"['bull', 'green', 'poison dart', 'tree']"
1779,2026-08-12,"hold onto, as a feeling","['foster', 'harbor', 'maintain', 'nurse']"
1780,2026-08-13,"""cold"" things, in idioms","['comfort', 'feet', 'shoulder', 'turkey']"
1781,2026-08-13,airline status perks,"['checked bags', 'lounge', 'miles', 'upgrade']"
1782,2026-08-13,move slowly (up to),"['creep', 'ease', 'edge', 'inch']"
1783,2026-08-13,persevere,"['carry on', 'continue', 'make it', 'persist']"
1784,2026-08-14,triangle logos,"['bass ale', 'citgo', 'delta airlines', 'google drive']"
1785,2026-08-14,comic book artist's tools,"['bristol board', 'dip pen', 'india ink', 'straightedge']"
1786,2026-08-14,places where everyone thinks the same ways,"['bubble', 'echo chamber', 'hivemind', 'silo']"
1787,2026-08-14,black-and-yellow,"['bumblebee', 'caution tape', 'charlie brown', 'wolverine']"
1788,2026-08-15,ending in synonyms for follow secretly,"['beanstalk', 'eyeshadow', 'hightail', 'soundtrack']"
1789,2026-08-15,ending in units of length,"['chamomile', 'grinch', 'hotfoot', 'lanyard']"
1790,2026-08-15,segment,"['leg', 'phase', 'stage', 'stretch']"
1791,2026-08-15,exhausted,"['beat', 'fried', 'spent', 'worn out']"
1792,2026-08-16,descriptors for our human ancestors,"['from neander', 'handy', 'upright', 'wise']"
1793,2026-08-16,family relationship modifiers,"['grand', 'great', 'half', 'step']"
1794,2026-08-16,participant,"['actor', 'agent', 'party', 'player']"
1795,2026-08-16,musical performance,"['concert', 'gig', 'set', 'show']"
1796,2026-08-17,starting with pets,"['birdie', 'cattle', 'dogie', 'fisheye']"
1797,2026-08-17,first names of country music legends,"['dolly', 'johnny', 'patsy', 'willie']"
1798,2026-08-17,spreadsheet features,"['formula', 'function', 'macro', 'script']"
1799,2026-08-17,video call platforms,"['huddle', 'meet', 'teams', 'zoom']"
1800,2026-08-18,things that are gritty,"['cowboy coffee', 'film noir', 'flyers mascot', 'sandpaper']"
1801,2026-08-18,things that are orange,"['basketball', 'orangutan', 'sweet potato', 'traffic cone']"
1802,2026-08-18,pjs,"['petroleum jelly', 'poetic justice', 'practical joke', 'private jet']"
1803,2026-08-18,seen at a movie premiere,"['limousine', 'paparazzi', 'red carpet', 'velvet rope']"
1804,2026-08-19,homophones of cgi-animated films,"['ants', 'cocoa', 'rheo', 'seoul']"
1805,2026-08-19,"words before ""ball"" in sport names","['base', 'basket', 'foot', 'pickle']"
1806,2026-08-19,conceal,"['blanket', 'hide', 'mask', 'obscure']"
1807,2026-08-19,piece of cake,"['breeze', 'cinch', 'picnic', 'snap']"
1808,2026-08-20,starting with chinese zodiac animals,"['dragonfly', 'oxford', 'pigment', 'ratchet']"
1809,2026-08-20,similarly shaped typographical marks,"['apostrophe', 'cedilla', 'comma', 'okina']"
1810,2026-08-20,kinds of numbers,"['atomic', 'serial', 'social security', 'telephone']"
1811,2026-08-20,kinds of pizza,"['diavola', 'hawaiian', 'meat lovers', 'white']"
1812,2026-08-21,once in a ___,"['blue moon', 'generation', 'lifetime', 'while']"
1813,2026-08-21,___ kids,"['comeback', 'karate', 'sundance', 'wimpy']"
1814,2026-08-21,calls to begin a performance,"['action', 'curtain up', 'places', 'showtime']"
1815,2026-08-21,things most animals need,"['nutrition', 'oxygen', 'sleep', 'water']"
1816,2026-08-22,___ girls of pop culture,"['gilmore', 'golden', 'mean', 'spice']"
1817,2026-08-22,garden hose settings,"['cone', 'jet', 'mist', 'shower']"
1818,2026-08-22,kinds of melon,"['bitter', 'musk', 'water', 'winter']"
1819,2026-08-22,carpentry tools,"['chisel', 'hammer', 'plane', 'saw']"
1820,2026-08-23,household stain removers,"['baking soda', 'club soda', 'hydrogen peroxide', 'vinegar']"
1821,2026-08-23,made with potatoes,"['home fries', 'potato battery', 'vischyssoise', 'vodka']"
1822,2026-08-23,double vowels,"['antifreeze', 'bazaar', 'skiing', 'vacuum']"
1823,2026-08-23,potentially explosive things,"['powder keg', 'time bomb', 'tinderbox', 'volcano']"
1824,2026-08-24,letter homophone plus tennis term,"['beset', 'deserve', 'ex-love', 'eyelet']"
1825,2026-08-24,pro-wrestling lingo,"['face', 'heel', 'jobber', 'kayfabe']"
1826,2026-08-24,principal,"['arch', 'chief', 'main', 'prime']"
1827,2026-08-24,fish,"['mullet', 'pike', 'sole', 'tang']"
1828,2026-08-25,ending in ice cream orders,"['harlem shake', 'inside scoop', 'lickety-split', 'traffic cone']"
1829,2026-08-25,"stephen king film adaptations, with ""the""","['green mile', 'long walk', 'running man', 'shawshank redemption']"
1830,2026-08-25,sci-fi phenomena,"['hyperspace', 'parallel universe', 'teleportation', 'time warp']"
1831,2026-08-25,surface-level,"['cosmetic', 'one-dimensional', 'skin-deep', 'superficial']"
1832,2026-08-26,key ___,"['chain', 'largo', 'lime', 'signature']"
1833,2026-08-26,"what ""p"" might stand for","['page', 'park', 'phosphorus', 'piano']"
1834,2026-08-26,knack,"['forte', 'gift', 'strength', 'talent']"
1835,2026-08-26,"""there you have it!""","['behold', 'presto', 'shazam', 'voilà']"
1836,2026-08-27,music genre plus starting letter,"['brock', 'nemo', 'spunk', 'wrap']"
1837,2026-08-27,shades of gray,"['ash', 'dove', 'pewter', 'slate']"
1838,2026-08-27,moved to tears,"['choked up', 'emotional', 'misty', 'overcome']"
1839,2026-08-27,electric things,"['electric eel', 'lightning', 'live wire', 'pikachu']"
1840,2026-08-28,top of the ___,"['hour', 'line', 'morning', 'pops']"
1841,2026-08-28,modern add-ons/combining forms,"['bro', 'coded', 'era', 'maxxing']"
1842,2026-08-28,palindromes,"['mom', 'noon', 'sis', 'top spot']"
1843,2026-08-28,bedtime parting words,"['night', 'rest easy', 'sleep tight', 'sweet dreams']"
1844,2026-08-29,starting with figures from greek myth,"['at last', 'herald', 'hydrant', 'tritone']"
1845,2026-08-29,keyboard keys,"['control', 'escape', 'shift', 'space']"
1846,2026-08-29,kinds of salad,"['chopped', 'greek', 'house', 'wedge']"
1847,2026-08-29,under the hood of a car,"['alternator', 'battery', 'engine', 'radiator']"
1848,2026-08-30,words on an old west wanted poster,"['alias', 'outlaw', 'reward', 'wanted']"
1849,2026-08-30,brands with bunny rabbit mascots,"['cadbury', 'energizer', 'playboy', 'trix']"
1850,2026-08-30,wine accessories,"['aerator', 'corkscrew', 'decanter', 'stopper']"
1851,2026-08-30,exercise facilities,"['gymnasium', 'health club', 'rec center', 'ymca']"
1852,2026-08-31,___ bowl,"['dust', 'poke', 'salad', 'super']"
1853,2026-08-31,historical sovereign titles,"['caliph', 'khan', 'pharaoh', 'shogun']"
1854,2026-08-31,warnings on a shipping box,"['fragile', 'heavy', 'perishable', 'this side up']"
1855,2026-08-31,things that come in tubes,"['lipstick', 'poster', 'tennis balls', 'toothpaste']"
1856,2026-09-01,starting with words of intention,"['aimee mann', 'hope diamond', 'planetarium', 'wishy-washy']"
1857,2026-09-01,private investigators of fiction,"['hercule poirot', 'mike hammer', 'sam spade', 'sherlock holmes']"
1858,2026-09-01,"long, skinny things often seen together","['arrow', 'golf club', 'pick-up stick', 'spaghetto']"
1859,2026-09-01,"""i promise!""","['cross my heart', 'for real', 'on god', 'pinky swear']"
1860,2026-09-02,___ dogs (that aren't dogs),"['corn', 'prairie', 'salty', 'top']"
1861,2026-09-02,___ dogs (that are dogs),"['hunting', 'rescue', 'sausage', 'sheep']"
1862,2026-09-02,things in a violin case,"['bow', 'mute', 'rosin', 'shoulder rest']"
1863,2026-09-02,flabbergast,"['dazzle', 'floor', 'stun', 'wow']"
1864,2026-09-03,spreadsheet functions,"['average', 'count', 'max', 'sum']"
1865,2026-09-03,toy car brands,"['hot wheels', 'matchbox', 'micro machines', 'tonka']"
1866,2026-09-03,shades of red,"['carmine', 'cinnabar', 'maroon', 'vermillion']"
1867,2026-09-03,two shakes of a lamb's tail,"['blink', 'flash', 'heartbeat', 'trice']"
1868,2026-09-04,accessories inside starting and ending letters,"['cringy', 'opine', 'stied', ""that's""]"
1869,2026-09-04,kinds of eels,"['conger', 'gulper', 'moray', 'ribbon']"
1870,2026-09-04,food whose name is two foods,"['cake donut', 'candy corn', 'cherry tomato', 'pizza pie']"
1871,2026-09-04,spherical things,"['bowling ball', 'eye', 'moon', 'orange']"
1872,2026-09-05,desserts minus last letter,"['cobble', 'pi', 'tar', 'tort']"
1873,2026-09-05,___head,"['bobble', 'hammer', 'jug', 'sleepy']"
1874,2026-09-05,bird onomatopoeia,"['coo', 'gobble', 'honk', 'warble']"
1875,2026-09-05,move unsteadily,"['sway', 'toddle', 'totter', 'wobble']"
1876,2026-09-06,ending with ways to carve a surface,"['court scribe', ""director's cut"", 'pizza slice', 'sat score']"
1877,2026-09-06,abbreviations followed by redundant word,"['atm machine', 'lcd display', 'pin number', 'upc code']"
1878,2026-09-06,places to insert something into on a computer,"['card slot', 'headphone jack', 'optical drive', 'usb port']"
1879,2026-09-06,unrestricted permission,"['blank check', 'carte blanche', 'free reign', 'full authority']"
1880,2026-09-07,starting with disney characters,"['plutonium', 'scar tissue', 'stitch marker', 'trampoline']"
1881,2026-09-07,associated with pine trees,"['car air freshener', 'christmas', 'needles', 'turpentine']"
1882,2026-09-07,parts of a bra,"['cup', 'hook', 'strap', 'underwire']"
1883,2026-09-07,quite the saga,"['fabrication', 'fish story', 'tall tale', 'yarn']"
1884,2026-09-08,candy bars plus a letter,"['doves', 'marsh', 'skort', 'twixt']"
1885,2026-09-08,___ heart,"['artichoke', 'purple', 'sacred', 'take to']"
1886,2026-09-08,features of a mime costume,"['beret', 'gloves', 'stripes', 'suspenders']"
1887,2026-09-08,classic american performance cars,"['corvette', 'firebird', 'mustang', 'viper']"
1888,2026-09-09,"words before ""force""","['brute', 'electromagnetic', 'g', 'task']"
1889,2026-09-09,horror movies,"['arachnophobia', 'halloween', 'it', 'saw']"
1890,2026-09-09,"words with ""small"" prefixes","['microbrewery', 'minivan', 'nanotechnology', 'picosecond']"
1891,2026-09-09,hard to understand,"['bewildering', 'esoteric', 'incomprehensible', 'opaque']"
1892,2026-09-10,"ending in synonyms for ""happening now""","['adult contemporary', 'alternating current', 'represent', 'sextant']"
1893,2026-09-10,bruce springsteen classics,"['atlantic city', 'badlands', 'born to run', 'thunder road']"
1894,2026-09-10,what you might see sticking out of a window,"['air conditioner', 'catio', 'clothesline', 'flower box']"
1895,2026-09-10,chemical elements,"['actinium', 'krypton', 'lead', 'sulfur']"
1896,2026-09-11,things that are pushed metaphorically,"['agenda', 'envelope', 'limits', 'luck']"
1897,2026-09-11,ways to practice self-care,"['exercise', 'journal', 'meditate', 'unplug']"
1898,2026-09-11,internalize,"['absorb', 'digest', 'process', 'take in']"
1899,2026-09-11,people hired for an event,"['band', 'florist', 'photographer', 'planner']"
1900,2026-09-12,___ alert,"['nerd', 'red', 'spoiler', 'weather']"
1901,2026-09-12,things that blink,"['cursor', 'eyelids', 'smoke detector', 'turn signal']"
1902,2026-09-12,people in an online forum,"['lurker', 'poster', 'spammer', 'troll']"
1903,2026-09-12,ways to personalize a car,"['bumper sticker', 'fuzzy dice', 'hood ornament', 'vanity plate']"
1904,2026-09-13,ending in elevated landforms,"['doublespeak', 'heathcliff', 'paramount', 'porridge']"
1905,2026-09-13,words that sound like two letters,"['empty', 'excess', 'kewpie', 'odie']"
1906,2026-09-13,u.s. presidents,"['cleveland', 'garfield', 'grant', 'madison']"
1907,2026-09-13,lacking in firmness,"['droopy', 'flaccid', 'sagging', 'slack']"
1908,2026-09-14,___grass,"['blue', 'crab', 'lemon', 'wheat']"
1909,2026-09-14,common single-use plastic items,"['bag', 'cutlery', 'stirrer', 'straw']"
1910,2026-09-14,informant,"['canary', 'rat', 'snitch', 'stoolie']"
1911,2026-09-14,waterbirds,"['coot', 'goose', 'loon', 'teal']"
1912,2026-09-15,things that appear at the end,"['caboose', 'december', 'dessert', 'epilogue']"
1913,2026-09-15,undercover operative,"['asset', 'mole', 'plant', 'sleeper']"
1914,2026-09-15,parts of a whistling kettle,"['handle', 'lid', 'spout', 'whistle']"
1915,2026-09-15,instruct,"['coach', 'direct', 'guide', 'train']"
1916,2026-09-16,sausages plus a letter,"['borat', 'clink', 'frank-n-furter', 'widener']"
1917,2026-09-16,poets' middle names,"['barrett', 'carlos', 'st. vincent', 'wadsworth']"
1918,2026-09-16,starting with u.s. coins,"['dimension', 'nickelodeon', 'pennywise', 'quarterback']"
1919,2026-09-16,ending in metal elements,"['latin', 'long john silver', 'marigold', 'steam iron']"
1920,2026-09-17,love ___,"['handles', 'language', 'tap', 'triangle']"
1921,2026-09-17,"hugh jackman movies, with ""the""","['fountain', 'prestige', 'sheep detectives', 'wolverine']"
1922,2026-09-17,things that are underground,"['mine shaft', 'sewer line', 'subway station', 'well']"
1923,2026-09-17,elasticity,"['bounce', 'flexibility', 'give', 'spring']"
1924,2026-09-18,___case,"['brief', 'pillow', 'stair', 'upper']"
1925,2026-09-18,parts of a flight,"['boarding', 'cruise', 'landing', 'takeoff']"
1926,2026-09-18,assortments of food/drink,"['flight', 'medley', 'platter', 'sampler']"
1927,2026-09-18,segment of a process,"['phase', 'round', 'stage', 'step']"
1928,2026-09-19,starting with abbreviated math functions,"['cos lettuce', 'log cabin', 'sin city', 'tan line']"
1929,2026-09-19,associated with swinging london in the 1960s,"['carnaby street', 'miniskirt', 'mod', 'twiggy']"
1930,2026-09-19,features of a kid's drawing,"['house', 'stick figure', 'sun', 'tree']"
1931,2026-09-19,widen one's scope,"['branch out', 'diversify', 'expand', 'grow']"
1932,2026-09-20,___boards you ride on,"['hover', 'skate', 'snow', 'surf']"
1933,2026-09-20,vampire movies,"['blade', 'near dark', 'sinners', 'twilight']"
1934,2026-09-20,associated with kentucky,"['bluegrass', 'bourbon', 'derby', 'fried chicken']"
1935,2026-09-20,round flat things,"['blu-ray', 'coaster', 'sand dollar', 'tortilla']"
1936,2026-09-21,starts of composers' names,"['beet', 'brah', 'chop', 'viva']"
1937,2026-09-21,chess verbs,"['capture', 'castle', 'check', 'mate']"
1938,2026-09-21,ways to attract fish,"['chum', 'fly', 'spinner', 'worm']"
1939,2026-09-21,email buttons,"['compose', 'drafts', 'sent', 'spam']"
1940,2026-09-22,beverages with acute accents removed,"['cafe', 'patron', 'rose', 'the']"
1941,2026-09-22,options on a multiple choice survey,"['agree', 'disagree', 'neutral', 'other']"
1942,2026-09-22,embellishment,"['accent', 'detail', 'flourish', 'touch']"
1943,2026-09-22,demonstratives,"['that', 'these', 'this', 'those']"
1944,2026-09-23,"ending in synonyms for ""term""","['bitcoin', 'record label', 'rub-a-dub', 'suriname']"
1945,2026-09-23,things that come in cans,"['condensed milk', 'paint', 'shaving cream', 'spam']"
1946,2026-09-23,website hurdles,"['age verification', 'captcha', 'cookie consent', 'paywall']"
1947,2026-09-23,things you grab before leaving the house,"['keys', 'phone', 'sunglasses', 'wallet']"
1948,2026-09-24,anagrams,"['beer hat', 'breathe', 'herb tea', 'the bear']"
1949,2026-09-24,featuring pointing,"['creation of adam', 'foam finger', ""i'm with stupid shirt"", 'uncle sam']"
1950,2026-09-24,things with spring/s,"['bobblehead', 'pogo stick', 'snakes in a can', 'trampoline']"
1951,2026-09-24,parts of a vampire costume,"['cape', 'face paint', 'fake blood', 'fangs']"
1952,2026-09-25,taxonomic ranks plus a letter,"['border', 'classy', 'foamily', 'genius']"
1953,2026-09-25,famous dans,"['aykroyd', 'levy', 'rather', 'savage']"
1954,2026-09-25,parts of a mechanical clock,"['escapement', 'pendulum', 'ratchet', 'spring']"
1955,2026-09-25,luxe,"['bougie', 'fancy', 'posh', 'swank']"
1956,2026-09-26,"""cool"" things, in expressions","['beans', 'cat', 'cucumber', 'customer']"
1957,2026-09-26,features of wood,"['burl', 'grain', 'knots', 'rings']"
1958,2026-09-26,things done to a dress shirt at the laundry,"['fold', 'press', 'starch', 'wash']"
1959,2026-09-26,breath fresheners,"['gum', 'mint', 'mouthwash', 'spray']"
1960,2026-09-27,ending in chinese dynasties,"['bbqing', 'homing', 'lohan', 'wu-tang']"
1961,2026-09-27,telecom,"['carrier', 'network', 'operator', 'provider']"
1962,2026-09-27,restaurant seating options,"['banquette', 'booth', 'chair', 'stool']"
1963,2026-09-27,sculpture media,"['bronze', 'clay', 'marble', 'plaster']"
1964,2026-09-28,three letters plus repeated trigrams,"['arkansans', 'chihuahua', 'possesses', 'springing']"
1965,2026-09-28,dodge models,"['challenger', 'charger', 'durango', 'viper']"
1966,2026-09-28,oyster condiments,"['horseradish', 'lemon', 'mignonette', 'tabasco']"
1967,2026-09-28,things with stalks,"['bamboo', 'celery', 'corn', 'wheat']"
1968,2026-09-29,phrases hiding greek letters,"['freeze tag', 'home game', 'model tank', 'oral phase']"
1969,2026-09-29,first words of pixar films,"['finding', 'inside', 'monsters', 'toy']"
1970,2026-09-29,river features,"['delta', 'drainage basin', 'mouth', 'stream bed']"
1971,2026-09-29,secluded,"['hidden', 'remote', 'secret', 'tucked away']"
1972,2026-09-30,starting with month abbreviations,"['decent', 'novelty', 'octopussy', 'septum']"
1973,2026-09-30,gangster movies,"['bugsy', 'casino', 'donnie brasco', 'scarface']"
1974,2026-09-30,things that are shaken (not stirred),"['etch a sketch', 'martini', 'spray paint', 'tambourine']"
1975,2026-09-30,securities,"['bond', 'future', 'option', 'stock']"
1976,2026-10-01,starts of nyt print puzzles,"['acro', 'cross', 'ken', 'sud']"
1977,2026-10-01,"2000s indie rock bands, with ""the""","['decemberists', 'national', 'shins', 'walkmen']"
1978,2026-10-01,dress shirt measurements,"['chest', 'neck', 'sleeve', 'waist']"
1979,2026-10-01,put,"['place', 'position', 'situate', 'stick']"
1980,2026-10-02,prime ___,"['number', 'real estate', 'rib', 'time']"
1981,2026-10-02,customary,"['common', 'routine', 'standard', 'stock']"
1982,2026-10-02,fingers,"['index', 'little', 'middle', 'ring']"
1983,2026-10-02,finance,"['back', 'bankroll', 'fund', 'support']"
1984,2026-10-03,ending in fantasy creatures,"['diet sprite', 'merv griffin', 'ny giant', 'river phoenix']"
1985,2026-10-03,starting with u.s. museums,"['broad bean', 'getty images', 'met halfway', 'whitney houston']"
1986,2026-10-03,ending in musicals,"['elbow grease', 'fat cats', 'linda hamilton', 'something wicked']"
1987,2026-10-03,"starting with terms for ""toilet""","['can opener', 'head waiter', 'john denver', 'w.c. fields']"
1988,2026-10-04,silent ___,"['auction', 'film', 'partner', 'treatment']"
1989,2026-10-04,parts of a judge costume,"['collar', 'gavel', 'robe', 'wig']"
1990,2026-10-04,table tennis needs,"['ball', 'net', 'paddle', 'table']"
1991,2026-10-04,considerable amount,"['bunch', 'heap', 'lot', 'stack']"
1992,2026-10-05,ending in ways to temporarily acquire,"['parent', 'please', 'sapphire', 'sloan']"
1993,2026-10-05,kinds of boards,"['advisory', 'chess', 'ironing', 'message']"
1994,2026-10-05,adjectives for mature content,"['explicit', 'graphic', 'strong', 'suggestive']"
1995,2026-10-05,calm,"['content', 'peaceful', 'placid', 'serene']"
1996,2026-10-06,ending in talents,"['catskill', 'knickknack', 'pianoforte', 'stability']"
1997,2026-10-06,___ inn hotels,"['comfort', 'days', 'hampton', 'holiday']"
1998,2026-10-06,kinds of chairs,"['adirondack', 'eames', 'windsor', 'wingback']"
1999,2026-10-06,"financial firms, for short","['berkshire', 'citi', 'goldman', 'merrill']"
2000,2026-06-29,ending in parts of a tree,"['embark', 'groot', 'nudibranch', 'strunk']"
2001,2026-06-29,parts of a speaker,"['cabinet', 'cone', 'magnet', 'woofer']"
2002,2026-06-29,consume with gusto,"['crush', 'guzzle', 'inhale', 'snarf']"
2003,2026-06-29,old timey troublemakers,"['miscreant', 'rogue', 'ruffian', 'scoundrel']"
2004,2026-06-30,"what ""draft"" might refer to","['breeze', 'on tap', 'recruit', 'sketch']"
2005,2026-06-30,common recyclables,"['bottle', 'box', 'can', 'newspaper']"
2006,2026-06-30,participate in some winter olympics,"['curl', 'luge', 'skate', 'ski']"
2007,2026-06-30,dividing structures,"['fence', 'gate', 'hedge', 'wall']"
2008,2026-07-01,starting with countries,"['dominican republic', 'guinea-bissau', 'indianapolis', 'nigeria']"
2009,2026-07-01,places in cocktail names,"['cuba', 'long island', 'moscow', 'singapore']"
2010,2026-07-01,best picture winners/nominees,"['casablanca', 'chicago', 'fargo', 'munich']"
2011,2026-07-01,things named after places,"['champagne', 'china', 'cologne', 'limerick']"
2012,2026-07-02,starting with sports venues,"['court jester', 'diamond ring', 'field mouse', 'track record']"
2013,2026-07-02,starting with nicknames,"['billy goat', 'dan dan noodles', 'rich text', 'tom-tom']"
2014,2026-07-02,old-timey names for things we still use,"['looking glass', 'spectacles', 'talkie', 'water closet']"
2015,2026-07-02,they impersonate other things,"['copycat', 'mime', 'mockingbird', 't-1000']"
2016,2026-07-03,"what things pronounced ""t"" might refer to","['golf accessory', 'gossip', 'hot drink', 'shirt']"
2017,2026-07-03,bad things to give someone,"['cold shoulder', 'dirty look', 'hard time', 'runaround']"
2018,2026-07-03,retro expressions of approval,"['cool beans', 'far out', 'groovy', 'right on']"
2019,2026-07-03,positive feelings,"['bliss', 'felicity', 'happiness', 'warm fuzzies']"
2020,2026-07-04,sweet ___,"['dreams', 'nothings', 'pea', 'spot']"
2021,2026-07-04,tropical drinks,"['hurricane', 'painkiller', 'scorpion', 'zombie']"
2022,2026-07-04,kinds of poems,"['ballad', 'epic', 'ode', 'villanelle']"
2023,2026-07-04,persist,"['continue', 'last', 'linger', 'stay']"
2024,2026-07-05,"what ""w"" might stand for","['tungsten', 'west', 'win', 'with']"
2025,2026-07-05,amex card types,"['centurion', 'gold', 'green', 'platinum']"
2026,2026-07-05,payment methods,"['card', 'cash', 'check', 'wire']"
2027,2026-07-05,granola ingredients,"['honey', 'nuts', 'oats', 'seeds']"
2028,2026-07-06,starting with dating apps,"['bumblebee', 'grind rail', 'matcha', 'tinderbox']"
2029,2026-07-06,acme products used by wile e. coyote,"['earthquake pills', 'iron bird seed', 'rocket skates', 'tnt']"
2030,2026-07-06,science fair model subjects,"['atom', 'dna', 'solar system', 'volcano']"
2031,2026-07-06,stunning news,"['bombshell', 'revelation', 'shocker', 'thunderbolt']"
2032,2026-07-07,"ending in ""sesame street"" characters","['bernie', 'colbert', 'discount', 'san anselmo']"
2033,2026-07-07,___ twist,"['french', 'lemon', 'oliver', 'plot']"
2034,2026-07-07,student-athlete designations,"['all-american', 'jock', 'letterman', 'team captain']"
2035,2026-07-07,rooms in clue,"['conservatory', 'hall', 'kitchen', 'study']"
2036,2026-07-08,house of ___,"['cards', 'lords', 'wax', 'worship']"
2037,2026-07-08,guitar-playing techniques,"['pick', 'pluck', 'strum', 'tap']"
2038,2026-07-08,motif,"['drift', 'plot', 'theme', 'thread']"
2039,2026-07-08,cut into thin pieces,"['grate', 'plane', 'shave', 'sliver']"
2040,2026-07-09,pontiac models,"['firebird', 'g6', 'grand prix', 'trans am']"
2041,2026-07-09,kinds of rugs,"['persian', 'prayer', 'shag', 'throw']"
2042,2026-07-09,music publications,"['billboard', 'pitchfork', 'rolling stone', 'spin']"
2043,2026-07-09,non-alcoholic designators,"['na', 'spirit-free', 'virgin', 'zero-proof']"
2044,2026-07-10,starting with baseball calls,"['ball gown', 'outkast', 'safe mode', 'strike a pose']"
2045,2026-07-10,'80s synth-pop bands,"['depeche mode', 'erasure', 'new order', 'pet shop boys']"
2046,2026-07-10,dessert menu descriptors,"['decadent', 'fresh-baked', 'molten', 'à la mode']"
2047,2026-07-10,smartphone settings,"['airplane mode', 'do not disturb', 'hotspot', 'location services']"
2048,2026-07-11,double letters appearing in that letter's alphabetical position,"['aardvark', 'bocce', 'ebbing', 'twiddle']"
2049,2026-07-11,"""toy story"" characters","['bo peep', 'jessie', 'slinky', 'woody']"
2050,2026-07-11,"undisturbed, as water","['calm', 'flat', 'glassy', 'still']"
2051,2026-07-11,circus equipment,"['cannon', 'stilts', 'trapeze', 'unicycle']"
2052,2026-07-12,starts of u.s. capitals,"['den', 'mad', 'pho', 'sac']"
2053,2026-07-12,verbs in a college life slogan,"['party', 'repeat', 'sleep', 'study']"
2054,2026-07-12,bit of fruit-flavored candy,"['dot', 'nerd', 'runt', 'spree']"
2055,2026-07-12,reproductive part of fruit,"['pip', 'pit', 'seed', 'stone']"
2056,2026-07-13,starting with smooches,"['bussin', 'kisser', 'peckish', 'smackdown']"
2057,2026-07-13,fictional cats,"['figaro', 'puss', 'salem', 'tom']"
2058,2026-07-13,things with handles,"['bucket', 'drawer', 'mug', 'umbrella']"
2059,2026-07-13,interrogate,"['examine', 'grill', 'pump', 'question']"
2060,2026-07-14,symbolized with arrows,"['recycling', 'shuffle', 'this side up', 'u-turn']"
2061,2026-07-14,kinds of baskets,"['easter', 'grocery', 'laundry', 'picnic']"
2062,2026-07-14,edit menu options,"['copy', 'cut', 'delete', 'paste']"
2063,2026-07-14,contract,"['agreement', 'bargain', 'deal', 'understanding']"
2064,2026-07-15,"words before ""room"" to indicate extra space","['breathing', 'elbow', 'head', 'wiggle']"
2065,2026-07-15,kinds of sports,"['extreme', 'motor', 'racket', 'water']"
2066,2026-07-15,things with laces,"['baseball glove', 'corset', 'football', 'shoe']"
2067,2026-07-15,terms for the legal system,"['bar', 'bench', 'court', 'tribunal']"
2068,2026-07-16,starting with tiny marks,"['dot matrix', 'period piece', 'point break', 'spot remover']"
2069,2026-07-16,associated with precision,"['bullseye', 'clockwork', 'laser', 'needle']"
2070,2026-07-16,shades of black,"['charcoal', 'ink', 'jet', 'pitch']"
2071,2026-07-16,skincare products,"['clay mask', 'eye cream', 'peel', 'toner']"
2072,2026-07-17,ending in parts of a car,"['plot spoiler', 'robin hood', 'satires', 'tree trunk']"
2073,2026-07-17,four groups of four,"['cardinal directions', 'classical elements', 'seasons', 'suits']"
2074,2026-07-17,seen in an arcade,"['crane game', 'pinball', 'tickets', 'tokens']"
2075,2026-07-17,grand finale,"['epilogue', 'farewell', 'last dance', 'swan song']"
2076,2026-07-18,"words after ""pop""","['culture', 'fly', 'quiz', 'tart']"
2077,2026-07-18,things tracked in video games,"['health', 'lives', 'score', 'time']"
2078,2026-07-18,belief,"['attitude', 'mind', 'opinion', 'view']"
2079,2026-07-18,commit a basketball violation,"['carry', 'double dribble', 'goaltend', 'travel']"
2080,2026-07-19,___ face expressions,"['game', 'long', 'poker', 'straight']"
2081,2026-07-19,things toilets do,"['drain', 'flush', 'refill', 'swirl']"
2082,2026-07-19,digital coupling verbs,"['connect', 'join', 'pair', 'sync']"
2083,2026-07-19,circuit components,"['breaker', 'fuse', 'relay', 'switch']"
2084,2026-07-20,starting with alcoholic beverages,"['alexa', 'meadow', 'portobello', 'sakes']"
2085,2026-07-20,associated with pearls,"['bubble tea', 'oyster', 'swine', 'wisdom']"
2086,2026-07-20,things to click,"['button', 'icon', 'link', 'menu']"
2087,2026-07-20,announce,"['blare', 'herald', 'sound', 'trumpet']"
2088,2026-07-21,tele___,"['gram', 'kinesis', 'prompter', 'vision']"
2089,2026-07-21,elements of a musical,"['book', 'lyrics', 'music', 'orchestration']"
2090,2026-07-21,software downloads,"['app', 'driver', 'extension', 'plugin']"
2091,2026-07-21,kinds of tops,"['crop', 'halter', 'tank', 'tube']"
2092,2026-07-22,features of a zebra,"['hooves', 'mane', 'tail', 'white stripes']"
2093,2026-07-22,platform-specific posts,"['pins', 'snaps', 'tweets', 'vines']"
2094,2026-07-22,on a golf scorecard,"['hole', 'par', 'score', 'strokes']"
2095,2026-07-22,symptoms of an allergic reaction,"['hives', 'itching', 'rash', 'redness']"
2096,2026-07-23,ending in geometry terms,"['appoint', 'deplane', 'feline', 'jangle']"
2097,2026-07-23,parts of an airport,"['apron', 'hangar', 'runway', 'terminal']"
2098,2026-07-23,in an anxious state,"['excited', 'febrile', 'frenetic', 'intense']"
2099,2026-07-23,spherical things,"['baseball', 'globe', 'marble', 'orange']"
2100,2026-07-24,homophones of religious roles,"['canter', 'fryer', 'llama', 'none']"
2101,2026-07-24,"bring to mind, as a memory","['jog', 'prompt', 'refresh', 'spark']"
2102,2026-07-24,outcomes for a batter,"['home run', 'single', 'strikeout', 'walk']"
2103,2026-07-24,talk at length,"['babble', 'drone', 'ramble', 'yak']"
2104,2026-07-25,strip ___,"['club', 'mall', 'poker', 'steak']"
2105,2026-07-25,african currencies,"['kwanza', 'leone', 'naira', 'rand']"
2106,2026-07-25,"start to cry, with ""up""","['choke', 'mist', 'tear', 'well']"
2107,2026-07-25,spanish relatives,"['abuela', 'hijo', 'madre', 'primo']"
2108,2026-07-26,"what ""shell"" might refer to","['carapace', 'gas station', 'pastry crust', 'rowing boat']"
2109,2026-07-26,expressions for rain,"['april showers', 'liquid sunshine', 'scotch mist', 'wet weather']"
2110,2026-07-26,outmoded consumer tech,"['blackberry', 'discman', 'dvd player', 'plasma tv']"
2111,2026-07-26,baby milestones,"['crawling', 'first words', 'rolling over', 'solid food']"
2112,2026-07-27,icons on a shopping site,"['bell', 'cart', 'heart', 'magnifying glass']"
2113,2026-07-27,kinds of shifts,"['doppler', 'graveyard', 'paradigm', 'stick']"
2114,2026-07-27,long tapered things,"['carrot', 'icicle', 'knitting needle', 'stalactite']"
2115,2026-07-27,gymnastics apparatus,"['beam', 'horse', 'rings', 'vault']"
2116,2026-07-28,starting with palindromic names,"['annapolis', 'bobsled', 'everest', 'ottoman']"
2117,2026-07-28,"shoe brands starting with ""c""","['camper', 'clarks', 'converse', 'crocs']"
2118,2026-07-28,how do you like them apples,"['empire', 'fuji', 'gala', 'honeycrisp']"
2119,2026-07-28,command,"['captain', 'direct', 'head', 'lead']"
2120,2026-07-29,___boards in a classroom,"['black', 'chalk', 'cork', 'white']"
2121,2026-07-29,units of wisdom,"['gem', 'nugget', 'pearl', 'word']"
2122,2026-07-29,nondescript,"['basic', 'mid', 'plain', 'vanilla']"
2123,2026-07-29,fasteners,"['nail', 'rivet', 'screw', 'staple']"
2124,2026-07-30,"on the ___, to mean ""precise""","['dot', 'mark', 'money', 'nose']"
2125,2026-07-30,cruise lines,"['carnival', 'celebrity', 'princess', 'viking']"
2126,2026-07-30,activities with multiple balls,"['beer pong', 'bingo', 'juggling', 'pool']"
2127,2026-07-30,virtuous,"['fair', 'good', 'just', 'right']"
2128,2026-07-31,starting with merriments,"['cheerios', 'fungus', 'gleek', 'joystick']"
2129,2026-07-31,fruits plus starting letter,"['dapple', 'jdate', 'slime', 'spear']"
2130,2026-07-31,super mario figures,"['dinosaur', 'mushroom', 'plumber', 'princess']"
2131,2026-07-31,construct,"['fashion', 'model', 'mold', 'shape']"
2132,2026-08-01,starting with bread shapes,"['boulevard', 'bundle', 'loafer', 'rolls-royce']"
2133,2026-08-01,perform some hole machining operations,"['bore', 'countersink', 'drill', 'ream']"
2134,2026-08-01,oscar-winning actors since 2010,"['bale', 'jordan', 'phoenix', 'waltz']"
2135,2026-08-01,bedding,"['comforter', 'sham', 'sheet', 'throw']"
2136,2026-08-02,u.s. airport codes plus starting letter,"['asea', 'flax', 'lord', 'olga']"
2137,2026-08-02,___ mode,"['airplane', 'beast', 'dark', 'à la']"
2138,2026-08-02,by means of,"['by', 'per', 'through', 'via']"
2139,2026-08-02,filler words,"['actually', 'like', 'so', 'well']"
2140,2026-08-03,"starting with synonyms for ""pester""","['bug fix', 'nag champa', 'needless', 'tea set']"
2141,2026-08-03,"""y"" is the only vowel","['fly by', 'myrrh', 'nsync', 'rhythm']"
2142,2026-08-03,shades of green,"['forest', 'hunter', 'mint', 'sage']"
2143,2026-08-03,road less traveled,"['alley', 'backstreet', 'byway', 'lane']"
2144,2026-08-04,v-shaped things,"['angle bracket', 'chevron', 'goose formation', 'peace sign']"
2145,2026-08-04,things with pedals,"['piano', 'sewing machine', 'swan boat', 'unicycle']"
2146,2026-08-04,iconic nyc sights,"['bodega', 'pigeon', 'subway station', 'taxi cab']"
2147,2026-08-04,long cylindrical things,"['cigarette', 'foam roller', 'pool noodle', 'pretzel rod']"
2148,2026-08-05,"what ""stock"" might refer to","['broth', 'cattle', 'investment', 'merchandise']"
2149,2026-08-05,house styles,"['cape cod', 'mission', 'ranch', 'tudor']"
2150,2026-08-05,jeans brands,"['diesel', 'gap', 'lucky', 'wrangler']"
2151,2026-08-05,navigate,"['drive', 'maneuver', 'pilot', 'steer']"
2152,2026-08-06,places with nets,"['barclays center', 'fishing boat', 'hockey rink', 'tennis court']"
2153,2026-08-06,iconic roman landmarks,"['colosseum', 'pantheon', 'spanish steps', 'trevi fountain']"
2154,2026-08-06,places with lanes,"['bowling alley', 'freeway', 'supermarket', 'swimming pool']"
2155,2026-08-06,classic wooden toys,"['alphabet blocks', 'cup-and-ball', ""jacob's ladder"", 'lincoln logs']"
2156,2026-08-07,starting with male animals,"['buckyball', 'jackpot', 'rambo', 'tomatillo']"
2157,2026-08-07,parts of an elevator,"['buttons', 'cables', 'motor', 'shaft']"
2158,2026-08-07,cold things,"['liquid nitrogen', 'refrigerator', 'snow', 'sundae']"
2159,2026-08-07,components of a candle,"['fragrance', 'jar', 'wax', 'wick']"
2160,2026-08-08,safety ___,"['belt', 'goggles', 'pin', 'razor']"
2161,2026-08-08,words abbreviated with letters as homophones,"['cutie', 'easy', 'effects', 'i owe you']"
2162,2026-08-08,convey,"['couch', 'express', 'frame', 'phrase']"
2163,2026-08-08,quaint expressions of excitement,"['hot dog', 'hurrah', 'whoopee', 'yahoo']"
2164,2026-08-09,things people try to get out of,"['bad dream', 'escape room', 'jury duty', 'labyrinth']"
2165,2026-08-09,movie subgenres,"['buddy cop', 'neo-noir', 'space opera', 'spaghetti western']"
2166,2026-08-09,classic children's books,"['caps for sale', 'corduroy', 'goodnight moon', 'madeline']"
2167,2026-08-09,take a different approach,"['change tack', 'course-correct', 'recalibrate', 'shift gears']"
2168,2026-08-10,famous goatees,"['billy goat', 'colonel sanders', 'doctor strange', 'the devil']"
2169,2026-08-10,sections on an invoice,"['balance due', 'bill to', 'order number', 'unit price']"
2170,2026-08-10,ways to receive event tickets,"['mail delivery', 'mobile ticket', 'print-at-home', 'will call']"
2171,2026-08-10,haphazardly,"['any old how', 'at random', 'helter-skelter', 'willy-nilly']"
2172,2026-08-11,homophones of facial features,"['aye', 'hare', 'knows', 'tung']"
2173,2026-08-11,words in an auctioneer's chant,"['going', 'once', 'sold', 'twice']"
2174,2026-08-11,basic cable channels,"['bet', 'bravo', 'history', 'usa']"
2175,2026-08-11,doomed,"['done', 'sunk', 'through', 'toast']"
2176,2026-08-12,starting with affirmative responses,"['fine print', 'goodbye', 'great white', 'okayama']"
2177,2026-08-12,nbc sitcom surnames,"['benes', 'bing', 'lemon', 'scott']"
2178,2026-08-12,kinds of frogs,"['bull', 'green', 'poison dart', 'tree']"
2179,2026-08-12,"hold onto, as a feeling","['foster', 'harbor', 'maintain', 'nurse']"
2180,2026-08-13,"""cold"" things, in idioms","['comfort', 'feet', 'shoulder', 'turkey']"
2181,2026-08-13,airline status perks,"['checked bags', 'lounge', 'miles', 'upgrade']"
2182,2026-08-13,move slowly (up to),"['creep', 'ease', 'edge', 'inch']"
2183,2026-08-13,persevere,"['carry on', 'continue', 'make it', 'persist']"
2184,2026-08-14,triangle logos,"['bass ale', 'citgo', 'delta airlines', 'google drive']"
2185,2026-08-14,comic book artist's tools,"['bristol board', 'dip pen', 'india ink', 'straightedge']"
2186,2026-08-14,places where everyone thinks the same ways,"['bubble', 'echo chamber', 'hivemind', 'silo']"
2187,2026-08-14,black-and-yellow,"['bumblebee', 'caution tape', 'charlie brown', 'wolverine']"
2188,2026-08-15,ending in synonyms for follow secretly,"['beanstalk', 'eyeshadow', 'hightail', 'soundtrack']"
2189,2026-08-15,ending in units of length,"['chamomile', 'grinch', 'hotfoot', 'lanyard']"
2190,2026-08-15,segment,"['leg', 'phase', 'stage', 'stretch']"
2191,2026-08-15,exhausted,"['beat', 'fried', 'spent', 'worn out']"
2192,2026-08-16,descriptors for our human ancestors,"['from neander', 'handy', 'upright', 'wise']"
2193,2026-08-16,family relationship modifiers,"['grand', 'great', 'half', 'step']"
2194,2026-08-16,participant,"['actor', 'agent', 'party', 'player']"
2195,2026-08-16,musical performance,"['concert', 'gig', 'set', 'show']"
2196,2026-08-17,starting with pets,"['birdie', 'cattle', 'dogie', 'fisheye']"
2197,2026-08-17,first names of country music legends,"['dolly', 'johnny', 'patsy', 'willie']"
2198,2026-08-17,spreadsheet features,"['formula', 'function', 'macro', 'script']"
2199,2026-08-17,video call platforms,"['huddle', 'meet', 'teams', 'zoom']"
2200,2026-08-18,things that are gritty,"['cowboy coffee', 'film noir', 'flyers mascot', 'sandpaper']"
2201,2026-08-18,things that are orange,"['basketball', 'orangutan', 'sweet potato', 'traffic cone']"
2202,2026-08-18,pjs,"['petroleum jelly', 'poetic justice', 'practical joke', 'private jet']"
2203,2026-08-18,seen at a movie premiere,"['limousine', 'paparazzi', 'red carpet', 'velvet rope']"
2204,2026-08-19,homophones of cgi-animated films,"['ants', 'cocoa', 'rheo', 'seoul']"
2205,2026-08-19,"words before ""ball"" in sport names","['base', 'basket', 'foot', 'pickle']"
2206,2026-08-19,conceal,"['blanket', 'hide', 'mask', 'obscure']"
2207,2026-08-19,piece of cake,"['breeze', 'cinch', 'picnic', 'snap']"
2208,2026-08-20,starting with chinese zodiac animals,"['dragonfly', 'oxford', 'pigment', 'ratchet']"
2209,2026-08-20,similarly shaped typographical marks,"['apostrophe', 'cedilla', 'comma', 'okina']"
2210,2026-08-20,kinds of numbers,"['atomic', 'serial', 'social security', 'telephone']"
2211,2026-08-20,kinds of pizza,"['diavola', 'hawaiian', 'meat lovers', 'white']"
2212,2026-08-21,once in a ___,"['blue moon', 'generation', 'lifetime', 'while']"
2213,2026-08-21,___ kids,"['comeback', 'karate', 'sundance', 'wimpy']"
2214,2026-08-21,calls to begin a performance,"['action', 'curtain up', 'places', 'showtime']"
2215,2026-08-21,things most animals need,"['nutrition', 'oxygen', 'sleep', 'water']"
2216,2026-08-22,___ girls of pop culture,"['gilmore', 'golden', 'mean', 'spice']"
2217,2026-08-22,garden hose settings,"['cone', 'jet', 'mist', 'shower']"
2218,2026-08-22,kinds of melon,"['bitter', 'musk', 'water', 'winter']"
2219,2026-08-22,carpentry tools,"['chisel', 'hammer', 'plane', 'saw']"
2220,2026-08-23,household stain removers,"['baking soda', 'club soda', 'hydrogen peroxide', 'vinegar']"
2221,2026-08-23,made with potatoes,"['home fries', 'potato battery', 'vischyssoise', 'vodka']"
2222,2026-08-23,double vowels,"['antifreeze', 'bazaar', 'skiing', 'vacuum']"
2223,2026-08-23,potentially explosive things,"['powder keg', 'time bomb', 'tinderbox', 'volcano']"
2224,2026-08-24,letter homophone plus tennis term,"['beset', 'deserve', 'ex-love', 'eyelet']"
2225,2026-08-24,pro-wrestling lingo,"['face', 'heel', 'jobber', 'kayfabe']"
2226,2026-08-24,principal,"['arch', 'chief', 'main', 'prime']"
2227,2026-08-24,fish,"['mullet', 'pike', 'sole', 'tang']"
2228,2026-08-25,ending in ice cream orders,"['harlem shake', 'inside scoop', 'lickety-split', 'traffic cone']"
2229,2026-08-25,"stephen king film adaptations, with ""the""","['green mile', 'long walk', 'running man', 'shawshank redemption']"
2230,2026-08-25,sci-fi phenomena,"['hyperspace', 'parallel universe', 'teleportation', 'time warp']"
2231,2026-08-25,surface-level,"['cosmetic', 'one-dimensional', 'skin-deep', 'superficial']"
2232,2026-08-26,key ___,"['chain', 'largo', 'lime', 'signature']"
2233,2026-08-26,"what ""p"" might stand for","['page', 'park', 'phosphorus', 'piano']"
2234,2026-08-26,knack,"['forte', 'gift', 'strength', 'talent']"
2235,2026-08-26,"""there you have it!""","['behold', 'presto', 'shazam', 'voilà']"
2236,2026-08-27,music genre plus starting letter,"['brock', 'nemo', 'spunk', 'wrap']"
2237,2026-08-27,shades of gray,"['ash', 'dove', 'pewter', 'slate']"
2238,2026-08-27,moved to tears,"['choked up', 'emotional', 'misty', 'overcome']"
2239,2026-08-27,electric things,"['electric eel', 'lightning', 'live wire', 'pikachu']"
2240,2026-08-28,top of the ___,"['hour', 'line', 'morning', 'pops']"
2241,2026-08-28,modern add-ons/combining forms,"['bro', 'coded', 'era', 'maxxing']"
2242,2026-08-28,palindromes,"['mom', 'noon', 'sis', 'top spot']"
2243,2026-08-28,bedtime parting words,"['night', 'rest easy', 'sleep tight', 'sweet dreams']"
2244,2026-08-29,starting with figures from greek myth,"['at last', 'herald', 'hydrant', 'tritone']"
2245,2026-08-29,keyboard keys,"['control', 'escape', 'shift', 'space']"
2246,2026-08-29,kinds of salad,"['chopped', 'greek', 'house', 'wedge']"
2247,2026-08-29,under the hood of a car,"['alternator', 'battery', 'engine', 'radiator']"
2248,2026-08-30,words on an old west wanted poster,"['alias', 'outlaw', 'reward', 'wanted']"
2249,2026-08-30,brands with bunny rabbit mascots,"['cadbury', 'energizer', 'playboy', 'trix']"
2250,2026-08-30,wine accessories,"['aerator', 'corkscrew', 'decanter', 'stopper']"
2251,2026-08-30,exercise facilities,"['gymnasium', 'health club', 'rec center', 'ymca']"
2252,2026-08-31,___ bowl,"['dust', 'poke', 'salad', 'super']"
2253,2026-08-31,historical sovereign titles,"['caliph', 'khan', 'pharaoh', 'shogun']"
2254,2026-08-31,warnings on a shipping box,"['fragile', 'heavy', 'perishable', 'this side up']"
2255,2026-08-31,things that come in tubes,"['lipstick', 'poster', 'tennis balls', 'toothpaste']"
2256,2026-09-01,starting with words of intention,"['aimee mann', 'hope diamond', 'planetarium', 'wishy-washy']"
2257,2026-09-01,private investigators of fiction,"['hercule poirot', 'mike hammer', 'sam spade', 'sherlock holmes']"
2258,2026-09-01,"long, skinny things often seen together","['arrow', 'golf club', 'pick-up stick', 'spaghetto']"
2259,2026-09-01,"""i promise!""","['cross my heart', 'for real', 'on god', 'pinky swear']"
2260,2026-09-02,___ dogs (that aren't dogs),"['corn', 'prairie', 'salty', 'top']"
2261,2026-09-02,___ dogs (that are dogs),"['hunting', 'rescue', 'sausage', 'sheep']"
2262,2026-09-02,things in a violin case,"['bow', 'mute', 'rosin', 'shoulder rest']"
2263,2026-09-02,flabbergast,"['dazzle', 'floor', 'stun', 'wow']"
2264,2026-09-03,spreadsheet functions,"['average', 'count', 'max', 'sum']"
2265,2026-09-03,toy car brands,"['hot wheels', 'matchbox', 'micro machines', 'tonka']"
2266,2026-09-03,shades of red,"['carmine', 'cinnabar', 'maroon', 'vermillion']"
2267,2026-09-03,two shakes of a lamb's tail,"['blink', 'flash', 'heartbeat', 'trice']"
2268,2026-09-04,accessories inside starting and ending letters,"['cringy', 'opine', 'stied', ""that's""]"
2269,2026-09-04,kinds of eels,"['conger', 'gulper', 'moray', 'ribbon']"
2270,2026-09-04,food whose name is two foods,"['cake donut', 'candy corn', 'cherry tomato', 'pizza pie']"
2271,2026-09-04,spherical things,"['bowling ball', 'eye', 'moon', 'orange']"
2272,2026-09-05,desserts minus last letter,"['cobble', 'pi', 'tar', 'tort']"
2273,2026-09-05,___head,"['bobble', 'hammer', 'jug', 'sleepy']"
2274,2026-09-05,bird onomatopoeia,"['coo', 'gobble', 'honk', 'warble']"
2275,2026-09-05,move unsteadily,"['sway', 'toddle', 'totter', 'wobble']"
2276,2026-09-06,ending with ways to carve a surface,"['court scribe', ""director's cut"", 'pizza slice', 'sat score']"
2277,2026-09-06,abbreviations followed by redundant word,"['atm machine', 'lcd display', 'pin number', 'upc code']"
2278,2026-09-06,places to insert something into on a computer,"['card slot', 'headphone jack', 'optical drive', 'usb port']"
2279,2026-09-06,unrestricted permission,"['blank check', 'carte blanche', 'free reign', 'full authority']"
2280,2026-09-07,starting with disney characters,"['plutonium', 'scar tissue', 'stitch marker', 'trampoline']"
2281,2026-09-07,associated with pine trees,"['car air freshener', 'christmas', 'needles', 'turpentine']"
2282,2026-09-07,parts of a bra,"['cup', 'hook', 'strap', 'underwire']"
2283,2026-09-07,quite the saga,"['fabrication', 'fish story', 'tall tale', 'yarn']"
2284,2026-09-08,candy bars plus a letter,"['doves', 'marsh', 'skort', 'twixt']"
2285,2026-09-08,___ heart,"['artichoke', 'purple', 'sacred', 'take to']"
2286,2026-09-08,features of a mime costume,"['beret', 'gloves', 'stripes', 'suspenders']"
2287,2026-09-08,classic american performance cars,"['corvette', 'firebird', 'mustang', 'viper']"
2288,2026-09-09,"words before ""force""","['brute', 'electromagnetic', 'g', 'task']"
2289,2026-09-09,horror movies,"['arachnophobia', 'halloween', 'it', 'saw']"
2290,2026-09-09,"words with ""small"" prefixes","['microbrewery', 'minivan', 'nanotechnology', 'picosecond']"
2291,2026-09-09,hard to understand,"['bewildering', 'esoteric', 'incomprehensible', 'opaque']"
2292,2026-09-10,"ending in synonyms for ""happening now""","['adult contemporary', 'alternating current', 'represent', 'sextant']"
2293,2026-09-10,bruce springsteen classics,"['atlantic city', 'badlands', 'born to run', 'thunder road']"
2294,2026-09-10,what you might see sticking out of a window,"['air conditioner', 'catio', 'clothesline', 'flower box']"
2295,2026-09-10,chemical elements,"['actinium', 'krypton', 'lead', 'sulfur']"
2296,2026-09-11,things that are pushed metaphorically,"['agenda', 'envelope', 'limits', 'luck']"
2297,2026-09-11,ways to practice self-care,"['exercise', 'journal', 'meditate', 'unplug']"
2298,2026-09-11,internalize,"['absorb', 'digest', 'process', 'take in']"
2299,2026-09-11,people hired for an event,"['band', 'florist', 'photographer', 'planner']"
2300,2026-09-12,___ alert,"['nerd', 'red', 'spoiler', 'weather']"
2301,2026-09-12,things that blink,"['cursor', 'eyelids', 'smoke detector', 'turn signal']"
2302,2026-09-12,people in an online forum,"['lurker', 'poster', 'spammer', 'troll']"
2303,2026-09-12,ways to personalize a car,"['bumper sticker', 'fuzzy dice', 'hood ornament', 'vanity plate']"
2304,2026-09-13,ending in elevated landforms,"['doublespeak', 'heathcliff', 'paramount', 'porridge']"
2305,2026-09-13,words that sound like two letters,"['empty', 'excess', 'kewpie', 'odie']"
2306,2026-09-13,u.s. presidents,"['cleveland', 'garfield', 'grant', 'madison']"
2307,2026-09-13,lacking in firmness,"['droopy', 'flaccid', 'sagging', 'slack']"
2308,2026-09-14,___grass,"['blue', 'crab', 'lemon', 'wheat']"
2309,2026-09-14,common single-use plastic items,"['bag', 'cutlery', 'stirrer', 'straw']"
2310,2026-09-14,informant,"['canary', 'rat', 'snitch', 'stoolie']"
2311,2026-09-14,waterbirds,"['coot', 'goose', 'loon', 'teal']"
2312,2026-09-15,things that appear at the end,"['caboose', 'december', 'dessert', 'epilogue']"
2313,2026-09-15,undercover operative,"['asset', 'mole', 'plant', 'sleeper']"
2314,2026-09-15,parts of a whistling kettle,"['handle', 'lid', 'spout', 'whistle']"
2315,2026-09-15,instruct,"['coach', 'direct', 'guide', 'train']"
2316,2026-09-16,sausages plus a letter,"['borat', 'clink', 'frank-n-furter', 'widener']"
2317,2026-09-16,poets' middle names,"['barrett', 'carlos', 'st. vincent', 'wadsworth']"
2318,2026-09-16,starting with u.s. coins,"['dimension', 'nickelodeon', 'pennywise', 'quarterback']"
2319,2026-09-16,ending in metal elements,"['latin', 'long john silver', 'marigold', 'steam iron']"
2320,2026-09-17,love ___,"['handles', 'language', 'tap', 'triangle']"
2321,2026-09-17,"hugh jackman movies, with ""the""","['fountain', 'prestige', 'sheep detectives', 'wolverine']"
2322,2026-09-17,things that are underground,"['mine shaft', 'sewer line', 'subway station', 'well']"
2323,2026-09-17,elasticity,"['bounce', 'flexibility', 'give', 'spring']"
2324,2026-09-18,___case,"['brief', 'pillow', 'stair', 'upper']"
2325,2026-09-18,parts of a flight,"['boarding', 'cruise', 'landing', 'takeoff']"
2326,2026-09-18,assortments of food/drink,"['flight', 'medley', 'platter', 'sampler']"
2327,2026-09-18,segment of a process,"['phase', 'round', 'stage', 'step']"
2328,2026-09-19,starting with abbreviated math functions,"['cos lettuce', 'log cabin', 'sin city', 'tan line']"
2329,2026-09-19,associated with swinging london in the 1960s,"['carnaby street', 'miniskirt', 'mod', 'twiggy']"
2330,2026-09-19,features of a kid's drawing,"['house', 'stick figure', 'sun', 'tree']"
2331,2026-09-19,widen one's scope,"['branch out', 'diversify', 'expand', 'grow']"
2332,2026-09-20,___boards you ride on,"['hover', 'skate', 'snow', 'surf']"
2333,2026-09-20,vampire movies,"['blade', 'near dark', 'sinners', 'twilight']"
2334,2026-09-20,associated with kentucky,"['bluegrass', 'bourbon', 'derby', 'fried chicken']"
2335,2026-09-20,round flat things,"['blu-ray', 'coaster', 'sand dollar', 'tortilla']"
2336,2026-09-21,starts of composers' names,"['beet', 'brah', 'chop', 'viva']"
2337,2026-09-21,chess verbs,"['capture', 'castle', 'check', 'mate']"
2338,2026-09-21,ways to attract fish,"['chum', 'fly', 'spinner', 'worm']"
2339,2026-09-21,email buttons,"['compose', 'drafts', 'sent', 'spam']"
2340,2026-09-22,beverages with acute accents removed,"['cafe', 'patron', 'rose', 'the']"
2341,2026-09-22,options on a multiple choice survey,"['agree', 'disagree', 'neutral', 'other']"
2342,2026-09-22,embellishment,"['accent', 'detail', 'flourish', 'touch']"
2343,2026-09-22,demonstratives,"['that', 'these', 'this', 'those']"
2344,2026-09-23,"ending in synonyms for ""term""","['bitcoin', 'record label', 'rub-a-dub', 'suriname']"
2345,2026-09-23,things that come in cans,"['condensed milk', 'paint', 'shaving cream', 'spam']"
2346,2026-09-23,website hurdles,"['age verification', 'captcha', 'cookie consent', 'paywall']"
2347,2026-09-23,things you grab before leaving the house,"['keys', 'phone', 'sunglasses', 'wallet']"
2348,2026-09-24,anagrams,"['beer hat', 'breathe', 'herb tea', 'the bear']"
2349,2026-09-24,featuring pointing,"['creation of adam', 'foam finger', ""i'm with stupid shirt"", 'uncle sam']"
2350,2026-09-24,things with spring/s,"['bobblehead', 'pogo stick', 'snakes in a can', 'trampoline']"
2351,2026-09-24,parts of a vampire costume,"['cape', 'face paint', 'fake blood', 'fangs']"
2352,2026-09-25,taxonomic ranks plus a letter,"['border', 'classy', 'foamily', 'genius']"
2353,2026-09-25,famous dans,"['aykroyd', 'levy', 'rather', 'savage']"
2354,2026-09-25,parts of a mechanical clock,"['escapement', 'pendulum', 'ratchet', 'spring']"
2355,2026-09-25,luxe,"['bougie', 'fancy', 'posh', 'swank']"
2356,2026-09-26,"""cool"" things, in expressions","['beans', 'cat', 'cucumber', 'customer']"
2357,2026-09-26,features of wood,"['burl', 'grain', 'knots', 'rings']"
2358,2026-09-26,things done to a dress shirt at the laundry,"['fold', 'press', 'starch', 'wash']"
2359,2026-09-26,breath fresheners,"['gum', 'mint', 'mouthwash', 'spray']"
2360,2026-09-27,ending in chinese dynasties,"['bbqing', 'homing', 'lohan', 'wu-tang']"
2361,2026-09-27,telecom,"['carrier', 'network', 'operator', 'provider']"
2362,2026-09-27,restaurant seating options,"['banquette', 'booth', 'chair', 'stool']"
2363,2026-09-27,sculpture media,"['bronze', 'clay', 'marble', 'plaster']"
2364,2026-09-28,three letters plus repeated trigrams,"['arkansans', 'chihuahua', 'possesses', 'springing']"
2365,2026-09-28,dodge models,"['challenger', 'charger', 'durango', 'viper']"
2366,2026-09-28,oyster condiments,"['horseradish', 'lemon', 'mignonette', 'tabasco']"
2367,2026-09-28,things with stalks,"['bamboo', 'celery', 'corn', 'wheat']"
2368,2026-09-29,phrases hiding greek letters,"['freeze tag', 'home game', 'model tank', 'oral phase']"
2369,2026-09-29,first words of pixar films,"['finding', 'inside', 'monsters', 'toy']"
2370,2026-09-29,river features,"['delta', 'drainage basin', 'mouth', 'stream bed']"
2371,2026-09-29,secluded,"['hidden', 'remote', 'secret', 'tucked away']"
2372,2026-09-30,starting with month abbreviations,"['decent', 'novelty', 'octopussy', 'septum']"
2373,2026-09-30,gangster movies,"['bugsy', 'casino', 'donnie brasco', 'scarface']"
2374,2026-09-30,things that are shaken (not stirred),"['etch a sketch', 'martini', 'spray paint', 'tambourine']"
2375,2026-09-30,securities,"['bond', 'future', 'option', 'stock']"
2376,2026-10-01,starts of nyt print puzzles,"['acro', 'cross', 'ken', 'sud']"
2377,2026-10-01,"2000s indie rock bands, with ""the""","['decemberists', 'national', 'shins', 'walkmen']"
2378,2026-10-01,dress shirt measurements,"['chest', 'neck', 'sleeve', 'waist']"
2379,2026-10-01,put,"['place', 'position', 'situate', 'stick']"
2380,2026-10-02,prime ___,"['number', 'real estate', 'rib', 'time']"
2381,2026-10-02,customary,"['common', 'routine', 'standard', 'stock']"
2382,2026-10-02,fingers,"['index', 'little', 'middle', 'ring']"
2383,2026-10-02,finance,"['back', 'bankroll', 'fund', 'support']"
2384,2026-10-03,ending in fantasy creatures,"['diet sprite', 'merv griffin', 'ny giant', 'river phoenix']"
2385,2026-10-03,starting with u.s. museums,"['broad bean', 'getty images', 'met halfway', 'whitney houston']"
2386,2026-10-03,ending in musicals,"['elbow grease', 'fat cats', 'linda hamilton', 'something wicked']"
2387,2026-10-03,"starting with terms for ""toilet""","['can opener', 'head waiter', 'john denver', 'w.c. fields']"
2388,2026-10-04,silent ___,"['auction', 'film', 'partner', 'treatment']"
2389,2026-10-04,parts of a judge costume,"['collar', 'gavel', 'robe', 'wig']"
2390,2026-10-04,table tennis needs,"['ball', 'net', 'paddle', 'table']"
2391,2026-10-04,considerable amount,"['bunch', 'heap', 'lot', 'stack']"
2392,2026-10-05,ending in ways to temporarily acquire,"['parent', 'please', 'sapphire', 'sloan']"
2393,2026-10-05,kinds of boards,"['advisory', 'chess', 'ironing', 'message']"
2394,2026-10-05,adjectives for mature content,"['explicit', 'graphic', 'strong', 'suggestive']"
2395,2026-10-05,calm,"['content', 'peaceful', 'placid', 'serene']"
2396,2026-10-06,ending in talents,"['catskill', 'knickknack', 'pianoforte', 'stability']"
2397,2026-10-06,___ inn hotels,"['comfort', 'days', 'hampton', 'holiday']"
2398,2026-10-06,kinds of chairs,"['adirondack', 'eames', 'windsor', 'wingback']"
2399,2026-10-06,"financial firms, for short","['berkshire', 'citi', 'goldman', 'merrill']"
2400,2026-06-29,ending in parts of a tree,"['embark', 'groot', 'nudibranch', 'strunk']"
2401,2026-06-29,parts of a speaker,"['cabinet', 'cone', 'magnet', 'woofer']"
2402,2026-06-29,consume with gusto,"['crush', 'guzzle', 'inhale', 'snarf']"
2403,2026-06-29,old timey troublemakers,"['miscreant', 'rogue', 'ruffian', 'scoundrel']"
2404,2026-06-30,"what ""draft"" might refer to","['breeze', 'on tap', 'recruit', 'sketch']"
2405,2026-06-30,common recyclables,"['bottle', 'box', 'can', 'newspaper']"
2406,2026-06-30,participate in some winter olympics,"['curl', 'luge', 'skate', 'ski']"
2407,2026-06-30,dividing structures,"['fence', 'gate', 'hedge', 'wall']"
2408,2026-07-01,starting with countries,"['dominican republic', 'guinea-bissau', 'indianapolis', 'nigeria']"
2409,2026-07-01,places in cocktail names,"['cuba', 'long island', 'moscow', 'singapore']"
2410,2026-07-01,best picture winners/nominees,"['casablanca', 'chicago', 'fargo', 'munich']"
2411,2026-07-01,things named after places,"['champagne', 'china', 'cologne', 'limerick']"
2412,2026-07-02,starting with sports venues,"['court jester', 'diamond ring', 'field mouse', 'track record']"
2413,2026-07-02,starting with nicknames,"['billy goat', 'dan dan noodles', 'rich text', 'tom-tom']"
2414,2026-07-02,old-timey names for things we still use,"['looking glass', 'spectacles', 'talkie', 'water closet']"
2415,2026-07-02,they impersonate other things,"['copycat', 'mime', 'mockingbird', 't-1000']"
2416,2026-07-03,"what things pronounced ""t"" might refer to","['golf accessory', 'gossip', 'hot drink', 'shirt']"
2417,2026-07-03,bad things to give someone,"['cold shoulder', 'dirty look', 'hard time', 'runaround']"
2418,2026-07-03,retro expressions of approval,"['cool beans', 'far out', 'groovy', 'right on']"
2419,2026-07-03,positive feelings,"['bliss', 'felicity', 'happiness', 'warm fuzzies']"
2420,2026-07-04,sweet ___,"['dreams', 'nothings', 'pea', 'spot']"
2421,2026-07-04,tropical drinks,"['hurricane', 'painkiller', 'scorpion', 'zombie']"
2422,2026-07-04,kinds of poems,"['ballad', 'epic', 'ode', 'villanelle']"
2423,2026-07-04,persist,"['continue', 'last', 'linger', 'stay']"
2424,2026-07-05,"what ""w"" might stand for","['tungsten', 'west', 'win', 'with']"
2425,2026-07-05,amex card types,"['centurion', 'gold', 'green', 'platinum']"
2426,2026-07-05,payment methods,"['card', 'cash', 'check', 'wire']"
2427,2026-07-05,granola ingredients,"['honey', 'nuts', 'oats', 'seeds']"
2428,2026-07-06,starting with dating apps,"['bumblebee', 'grind rail', 'matcha', 'tinderbox']"
2429,2026-07-06,acme products used by wile e. coyote,"['earthquake pills', 'iron bird seed', 'rocket skates', 'tnt']"
2430,2026-07-06,science fair model subjects,"['atom', 'dna', 'solar system', 'volcano']"
2431,2026-07-06,stunning news,"['bombshell', 'revelation', 'shocker', 'thunderbolt']"
2432,2026-07-07,"ending in ""sesame street"" characters","['bernie', 'colbert', 'discount', 'san anselmo']"
2433,2026-07-07,___ twist,"['french', 'lemon', 'oliver', 'plot']"
2434,2026-07-07,student-athlete designations,"['all-american', 'jock', 'letterman', 'team captain']"
2435,2026-07-07,rooms in clue,"['conservatory', 'hall', 'kitchen', 'study']"
2436,2026-07-08,house of ___,"['cards', 'lords', 'wax', 'worship']"
2437,2026-07-08,guitar-playing techniques,"['pick', 'pluck', 'strum', 'tap']"
2438,2026-07-08,motif,"['drift', 'plot', 'theme', 'thread']"
2439,2026-07-08,cut into thin pieces,"['grate', 'plane', 'shave', 'sliver']"
2440,2026-07-09,pontiac models,"['firebird', 'g6', 'grand prix', 'trans am']"
2441,2026-07-09,kinds of rugs,"['persian', 'prayer', 'shag', 'throw']"
2442,2026-07-09,music publications,"['billboard', 'pitchfork', 'rolling stone', 'spin']"
2443,2026-07-09,non-alcoholic designators,"['na', 'spirit-free', 'virgin', 'zero-proof']"
2444,2026-07-10,starting with baseball calls,"['ball gown', 'outkast', 'safe mode', 'strike a pose']"
2445,2026-07-10,'80s synth-pop bands,"['depeche mode', 'erasure', 'new order', 'pet shop boys']"
2446,2026-07-10,dessert menu descriptors,"['decadent', 'fresh-baked', 'molten', 'à la mode']"
2447,2026-07-10,smartphone settings,"['airplane mode', 'do not disturb', 'hotspot', 'location services']"
2448,2026-07-11,double letters appearing in that letter's alphabetical position,"['aardvark', 'bocce', 'ebbing', 'twiddle']"
2449,2026-07-11,"""toy story"" characters","['bo peep', 'jessie', 'slinky', 'woody']"
2450,2026-07-11,"undisturbed, as water","['calm', 'flat', 'glassy', 'still']"
2451,2026-07-11,circus equipment,"['cannon', 'stilts', 'trapeze', 'unicycle']"
2452,2026-07-12,starts of u.s. capitals,"['den', 'mad', 'pho', 'sac']"
2453,2026-07-12,verbs in a college life slogan,"['party', 'repeat', 'sleep', 'study']"
2454,2026-07-12,bit of fruit-flavored candy,"['dot', 'nerd', 'runt', 'spree']"
2455,2026-07-12,reproductive part of fruit,"['pip', 'pit', 'seed', 'stone']"
2456,2026-07-13,starting with smooches,"['bussin', 'kisser', 'peckish', 'smackdown']"
2457,2026-07-13,fictional cats,"['figaro', 'puss', 'salem', 'tom']"
2458,2026-07-13,things with handles,"['bucket', 'drawer', 'mug', 'umbrella']"
2459,2026-07-13,interrogate,"['examine', 'grill', 'pump', 'question']"
2460,2026-07-14,symbolized with arrows,"['recycling', 'shuffle', 'this side up', 'u-turn']"
2461,2026-07-14,kinds of baskets,"['easter', 'grocery', 'laundry', 'picnic']"
2462,2026-07-14,edit menu options,"['copy', 'cut', 'delete', 'paste']"
2463,2026-07-14,contract,"['agreement', 'bargain', 'deal', 'understanding']"
2464,2026-07-15,"words before ""room"" to indicate extra space","['breathing', 'elbow', 'head', 'wiggle']"
2465,2026-07-15,kinds of sports,"['extreme', 'motor', 'racket', 'water']"
2466,2026-07-15,things with laces,"['baseball glove', 'corset', 'football', 'shoe']"
2467,2026-07-15,terms for the legal system,"['bar', 'bench', 'court', 'tribunal']"
2468,2026-07-16,starting with tiny marks,"['dot matrix', 'period piece', 'point break', 'spot remover']"
2469,2026-07-16,associated with precision,"['bullseye', 'clockwork', 'laser', 'needle']"
2470,2026-07-16,shades of black,"['charcoal', 'ink', 'jet', 'pitch']"
2471,2026-07-16,skincare products,"['clay mask', 'eye cream', 'peel', 'toner']"
2472,2026-07-17,ending in parts of a car,"['plot spoiler', 'robin hood', 'satires', 'tree trunk']"
2473,2026-07-17,four groups of four,"['cardinal directions', 'classical elements', 'seasons', 'suits']"
2474,2026-07-17,seen in an arcade,"['crane game', 'pinball', 'tickets', 'tokens']"
2475,2026-07-17,grand finale,"['epilogue', 'farewell', 'last dance', 'swan song']"
2476,2026-07-18,"words after ""pop""","['culture', 'fly', 'quiz', 'tart']"
2477,2026-07-18,things tracked in video games,"['health', 'lives', 'score', 'time']"
2478,2026-07-18,belief,"['attitude', 'mind', 'opinion', 'view']"
2479,2026-07-18,commit a basketball violation,"['carry', 'double dribble', 'goaltend', 'travel']"
2480,2026-07-19,___ face expressions,"['game', 'long', 'poker', 'straight']"
2481,2026-07-19,things toilets do,"['drain', 'flush', 'refill', 'swirl']"
2482,2026-07-19,digital coupling verbs,"['connect', 'join', 'pair', 'sync']"
2483,2026-07-19,circuit components,"['breaker', 'fuse', 'relay', 'switch']"
2484,2026-07-20,starting with alcoholic beverages,"['alexa', 'meadow', 'portobello', 'sakes']"
2485,2026-07-20,associated with pearls,"['bubble tea', 'oyster', 'swine', 'wisdom']"
2486,2026-07-20,things to click,"['button', 'icon', 'link', 'menu']"
2487,2026-07-20,announce,"['blare', 'herald', 'sound', 'trumpet']"
2488,2026-07-21,tele___,"['gram', 'kinesis', 'prompter', 'vision']"
2489,2026-07-21,elements of a musical,"['book', 'lyrics', 'music', 'orchestration']"
2490,2026-07-21,software downloads,"['app', 'driver', 'extension', 'plugin']"
2491,2026-07-21,kinds of tops,"['crop', 'halter', 'tank', 'tube']"
2492,2026-07-22,features of a zebra,"['hooves', 'mane', 'tail', 'white stripes']"
2493,2026-07-22,platform-specific posts,"['pins', 'snaps', 'tweets', 'vines']"
2494,2026-07-22,on a golf scorecard,"['hole', 'par', 'score', 'strokes']"
2495,2026-07-22,symptoms of an allergic reaction,"['hives', 'itching', 'rash', 'redness']"
2496,2026-07-23,ending in geometry terms,"['appoint', 'deplane', 'feline', 'jangle']"
2497,2026-07-23,parts of an airport,"['apron', 'hangar', 'runway', 'terminal']"
2498,2026-07-23,in an anxious state,"['excited', 'febrile', 'frenetic', 'intense']"
2499,2026-07-23,spherical things,"['baseball', 'globe', 'marble', 'orange']"
2500,2026-07-24,homophones of religious roles,"['canter', 'fryer', 'llama', 'none']"
2501,2026-07-24,"bring to mind, as a memory","['jog', 'prompt', 'refresh', 'spark']"
2502,2026-07-24,outcomes for a batter,"['home run', 'single', 'strikeout', 'walk']"
2503,2026-07-24,talk at length,"['babble', 'drone', 'ramble', 'yak']"
2504,2026-07-25,strip ___,"['club', 'mall', 'poker', 'steak']"
2505,2026-07-25,african currencies,"['kwanza', 'leone', 'naira', 'rand']"
2506,2026-07-25,"start to cry, with ""up""","['choke', 'mist', 'tear', 'well']"
2507,2026-07-25,spanish relatives,"['abuela', 'hijo', 'madre', 'primo']"
2508,2026-07-26,"what ""shell"" might refer to","['carapace', 'gas station', 'pastry crust', 'rowing boat']"
2509,2026-07-26,expressions for rain,"['april showers', 'liquid sunshine', 'scotch mist', 'wet weather']"
2510,2026-07-26,outmoded consumer tech,"['blackberry', 'discman', 'dvd player', 'plasma tv']"
2511,2026-07-26,baby milestones,"['crawling', 'first words', 'rolling over', 'solid food']"
2512,2026-07-27,icons on a shopping site,"['bell', 'cart', 'heart', 'magnifying glass']"
2513,2026-07-27,kinds of shifts,"['doppler', 'graveyard', 'paradigm', 'stick']"
2514,2026-07-27,long tapered things,"['carrot', 'icicle', 'knitting needle', 'stalactite']"
2515,2026-07-27,gymnastics apparatus,"['beam', 'horse', 'rings', 'vault']"
2516,2026-07-28,starting with palindromic names,"['annapolis', 'bobsled', 'everest', 'ottoman']"
2517,2026-07-28,"shoe brands starting with ""c""","['camper', 'clarks', 'converse', 'crocs']"
2518,2026-07-28,how do you like them apples,"['empire', 'fuji', 'gala', 'honeycrisp']"
2519,2026-07-28,command,"['captain', 'direct', 'head', 'lead']"
2520,2026-07-29,___boards in a classroom,"['black', 'chalk', 'cork', 'white']"
2521,2026-07-29,units of wisdom,"['gem', 'nugget', 'pearl', 'word']"
2522,2026-07-29,nondescript,"['basic', 'mid', 'plain', 'vanilla']"
2523,2026-07-29,fasteners,"['nail', 'rivet', 'screw', 'staple']"
2524,2026-07-30,"on the ___, to mean ""precise""","['dot', 'mark', 'money', 'nose']"
2525,2026-07-30,cruise lines,"['carnival', 'celebrity', 'princess', 'viking']"
2526,2026-07-30,activities with multiple balls,"['beer pong', 'bingo', 'juggling', 'pool']"
2527,2026-07-30,virtuous,"['fair', 'good', 'just', 'right']"
2528,2026-07-31,starting with merriments,"['cheerios', 'fungus', 'gleek', 'joystick']"
2529,2026-07-31,fruits plus starting letter,"['dapple', 'jdate', 'slime', 'spear']"
2530,2026-07-31,super mario figures,"['dinosaur', 'mushroom', 'plumber', 'princess']"
2531,2026-07-31,construct,"['fashion', 'model', 'mold', 'shape']"
2532,2026-08-01,starting with bread shapes,"['boulevard', 'bundle', 'loafer', 'rolls-royce']"
2533,2026-08-01,perform some hole machining operations,"['bore', 'countersink', 'drill', 'ream']"
2534,2026-08-01,oscar-winning actors since 2010,"['bale', 'jordan', 'phoenix', 'waltz']"
2535,2026-08-01,bedding,"['comforter', 'sham', 'sheet', 'throw']"
2536,2026-08-02,u.s. airport codes plus starting letter,"['asea', 'flax', 'lord', 'olga']"
2537,2026-08-02,___ mode,"['airplane', 'beast', 'dark', 'à la']"
2538,2026-08-02,by means of,"['by', 'per', 'through', 'via']"
2539,2026-08-02,filler words,"['actually', 'like', 'so', 'well']"
2540,2026-08-03,"starting with synonyms for ""pester""","['bug fix', 'nag champa', 'needless', 'tea set']"
2541,2026-08-03,"""y"" is the only vowel","['fly by', 'myrrh', 'nsync', 'rhythm']"
2542,2026-08-03,shades of green,"['forest', 'hunter', 'mint', 'sage']"
2543,2026-08-03,road less traveled,"['alley', 'backstreet', 'byway', 'lane']"
2544,2026-08-04,v-shaped things,"['angle bracket', 'chevron', 'goose formation', 'peace sign']"
2545,2026-08-04,things with pedals,"['piano', 'sewing machine', 'swan boat', 'unicycle']"
2546,2026-08-04,iconic nyc sights,"['bodega', 'pigeon', 'subway station', 'taxi cab']"
2547,2026-08-04,long cylindrical things,"['cigarette', 'foam roller', 'pool noodle', 'pretzel rod']"
2548,2026-08-05,"what ""stock"" might refer to","['broth', 'cattle', 'investment', 'merchandise']"
2549,2026-08-05,house styles,"['cape cod', 'mission', 'ranch', 'tudor']"
2550,2026-08-05,jeans brands,"['diesel', 'gap', 'lucky', 'wrangler']"
2551,2026-08-05,navigate,"['drive', 'maneuver', 'pilot', 'steer']"
2552,2026-08-06,places with nets,"['barclays center', 'fishing boat', 'hockey rink', 'tennis court']"
2553,2026-08-06,iconic roman landmarks,"['colosseum', 'pantheon', 'spanish steps', 'trevi fountain']"
2554,2026-08-06,places with lanes,"['bowling alley', 'freeway', 'supermarket', 'swimming pool']"
2555,2026-08-06,classic wooden toys,"['alphabet blocks', 'cup-and-ball', ""jacob's ladder"", 'lincoln logs']"
2556,2026-08-07,starting with male animals,"['buckyball', 'jackpot', 'rambo', 'tomatillo']"
2557,2026-08-07,parts of an elevator,"['buttons', 'cables', 'motor', 'shaft']"
2558,2026-08-07,cold things,"['liquid nitrogen', 'refrigerator', 'snow', 'sundae']"
2559,2026-08-07,components of a candle,"['fragrance', 'jar', 'wax', 'wick']"
2560,2026-08-08,safety ___,"['belt', 'goggles', 'pin', 'razor']"
2561,2026-08-08,words abbreviated with letters as homophones,"['cutie', 'easy', 'effects', 'i owe you']"
2562,2026-08-08,convey,"['couch', 'express', 'frame', 'phrase']"
2563,2026-08-08,quaint expressions of excitement,"['hot dog', 'hurrah', 'whoopee', 'yahoo']"
2564,2026-08-09,things people try to get out of,"['bad dream', 'escape room', 'jury duty', 'labyrinth']"
2565,2026-08-09,movie subgenres,"['buddy cop', 'neo-noir', 'space opera', 'spaghetti western']"
2566,2026-08-09,classic children's books,"['caps for sale', 'corduroy', 'goodnight moon', 'madeline']"
2567,2026-08-09,take a different approach,"['change tack', 'course-correct', 'recalibrate', 'shift gears']"
2568,2026-08-10,famous goatees,"['billy goat', 'colonel sanders', 'doctor strange', 'the devil']"
2569,2026-08-10,sections on an invoice,"['balance due', 'bill to', 'order number', 'unit price']"
2570,2026-08-10,ways to receive event tickets,"['mail delivery', 'mobile ticket', 'print-at-home', 'will call']"
2571,2026-08-10,haphazardly,"['any old how', 'at random', 'helter-skelter', 'willy-nilly']"
2572,2026-08-11,homophones of facial features,"['aye', 'hare', 'knows', 'tung']"
2573,2026-08-11,words in an auctioneer's chant,"['going', 'once', 'sold', 'twice']"
2574,2026-08-11,basic cable channels,"['bet', 'bravo', 'history', 'usa']"
2575,2026-08-11,doomed,"['done', 'sunk', 'through', 'toast']"
2576,2026-08-12,starting with affirmative responses,"['fine print', 'goodbye', 'great white', 'okayama']"
2577,2026-08-12,nbc sitcom surnames,"['benes', 'bing', 'lemon', 'scott']"
2578,2026-08-12,kinds of frogs,"['bull', 'green', 'poison dart', 'tree']"
2579,2026-08-12,"hold onto, as a feeling","['foster', 'harbor', 'maintain', 'nurse']"
2580,2026-08-13,"""cold"" things, in idioms","['comfort', 'feet', 'shoulder', 'turkey']"
2581,2026-08-13,airline status perks,"['checked bags', 'lounge', 'miles', 'upgrade']"
2582,2026-08-13,move slowly (up to),"['creep', 'ease', 'edge', 'inch']"
2583,2026-08-13,persevere,"['carry on', 'continue', 'make it', 'persist']"
2584,2026-08-14,triangle logos,"['bass ale', 'citgo', 'delta airlines', 'google drive']"
2585,2026-08-14,comic book artist's tools,"['bristol board', 'dip pen', 'india ink', 'straightedge']"
2586,2026-08-14,places where everyone thinks the same ways,"['bubble', 'echo chamber', 'hivemind', 'silo']"
2587,2026-08-14,black-and-yellow,"['bumblebee', 'caution tape', 'charlie brown', 'wolverine']"
2588,2026-08-15,ending in synonyms for follow secretly,"['beanstalk', 'eyeshadow', 'hightail', 'soundtrack']"
2589,2026-08-15,ending in units of length,"['chamomile', 'grinch', 'hotfoot', 'lanyard']"
2590,2026-08-15,segment,"['leg', 'phase', 'stage', 'stretch']"
2591,2026-08-15,exhausted,"['beat', 'fried', 'spent', 'worn out']"
2592,2026-08-16,descriptors for our human ancestors,"['from neander', 'handy', 'upright', 'wise']"
2593,2026-08-16,family relationship modifiers,"['grand', 'great', 'half', 'step']"
2594,2026-08-16,participant,"['actor', 'agent', 'party', 'player']"
2595,2026-08-16,musical performance,"['concert', 'gig', 'set', 'show']"
2596,2026-08-17,starting with pets,"['birdie', 'cattle', 'dogie', 'fisheye']"
2597,2026-08-17,first names of country music legends,"['dolly', 'johnny', 'patsy', 'willie']"
2598,2026-08-17,spreadsheet features,"['formula', 'function', 'macro', 'script']"
2599,2026-08-17,video call platforms,"['huddle', 'meet', 'teams', 'zoom']"
2600,2026-08-18,things that are gritty,"['cowboy coffee', 'film noir', 'flyers mascot', 'sandpaper']"
2601,2026-08-18,things that are orange,"['basketball', 'orangutan', 'sweet potato', 'traffic cone']"
2602,2026-08-18,pjs,"['petroleum jelly', 'poetic justice', 'practical joke', 'private jet']"
2603,2026-08-18,seen at a movie premiere,"['limousine', 'paparazzi', 'red carpet', 'velvet rope']"
2604,2026-08-19,homophones of cgi-animated films,"['ants', 'cocoa', 'rheo', 'seoul']"
2605,2026-08-19,"words before ""ball"" in sport names","['base', 'basket', 'foot', 'pickle']"
2606,2026-08-19,conceal,"['blanket', 'hide', 'mask', 'obscure']"
2607,2026-08-19,piece of cake,"['breeze', 'cinch', 'picnic', 'snap']"
2608,2026-08-20,starting with chinese zodiac animals,"['dragonfly', 'oxford', 'pigment', 'ratchet']"
2609,2026-08-20,similarly shaped typographical marks,"['apostrophe', 'cedilla', 'comma', 'okina']"
2610,2026-08-20,kinds of numbers,"['atomic', 'serial', 'social security', 'telephone']"
2611,2026-08-20,kinds of pizza,"['diavola', 'hawaiian', 'meat lovers', 'white']"
2612,2026-08-21,once in a ___,"['blue moon', 'generation', 'lifetime', 'while']"
2613,2026-08-21,___ kids,"['comeback', 'karate', 'sundance', 'wimpy']"
2614,2026-08-21,calls to begin a performance,"['action', 'curtain up', 'places', 'showtime']"
2615,2026-08-21,things most animals need,"['nutrition', 'oxygen', 'sleep', 'water']"
2616,2026-08-22,___ girls of pop culture,"['gilmore', 'golden', 'mean', 'spice']"
2617,2026-08-22,garden hose settings,"['cone', 'jet', 'mist', 'shower']"
2618,2026-08-22,kinds of melon,"['bitter', 'musk', 'water', 'winter']"
2619,2026-08-22,carpentry tools,"['chisel', 'hammer', 'plane', 'saw']"
2620,2026-08-23,household stain removers,"['baking soda', 'club soda', 'hydrogen peroxide', 'vinegar']"
2621,2026-08-23,made with potatoes,"['home fries', 'potato battery', 'vischyssoise', 'vodka']"
2622,2026-08-23,double vowels,"['antifreeze', 'bazaar', 'skiing', 'vacuum']"
2623,2026-08-23,potentially explosive things,"['powder keg', 'time bomb', 'tinderbox', 'volcano']"
2624,2026-08-24,letter homophone plus tennis term,"['beset', 'deserve', 'ex-love', 'eyelet']"
2625,2026-08-24,pro-wrestling lingo,"['face', 'heel', 'jobber', 'kayfabe']"
2626,2026-08-24,principal,"['arch', 'chief', 'main', 'prime']"
2627,2026-08-24,fish,"['mullet', 'pike', 'sole', 'tang']"
2628,2026-08-25,ending in ice cream orders,"['harlem shake', 'inside scoop', 'lickety-split', 'traffic cone']"
2629,2026-08-25,"stephen king film adaptations, with ""the""","['green mile', 'long walk', 'running man', 'shawshank redemption']"
2630,2026-08-25,sci-fi phenomena,"['hyperspace', 'parallel universe', 'teleportation', 'time warp']"
2631,2026-08-25,surface-level,"['cosmetic', 'one-dimensional', 'skin-deep', 'superficial']"
2632,2026-08-26,key ___,"['chain', 'largo', 'lime', 'signature']"
2633,2026-08-26,"what ""p"" might stand for","['page', 'park', 'phosphorus', 'piano']"
2634,2026-08-26,knack,"['forte', 'gift', 'strength', 'talent']"
2635,2026-08-26,"""there you have it!""","['behold', 'presto', 'shazam', 'voilà']"
2636,2026-08-27,music genre plus starting letter,"['brock', 'nemo', 'spunk', 'wrap']"
2637,2026-08-27,shades of gray,"['ash', 'dove', 'pewter', 'slate']"
2638,2026-08-27,moved to tears,"['choked up', 'emotional', 'misty', 'overcome']"
2639,2026-08-27,electric things,"['electric eel', 'lightning', 'live wire', 'pikachu']"
2640,2026-08-28,top of the ___,"['hour', 'line', 'morning', 'pops']"
2641,2026-08-28,modern add-ons/combining forms,"['bro', 'coded', 'era', 'maxxing']"
2642,2026-08-28,palindromes,"['mom', 'noon', 'sis', 'top spot']"
2643,2026-08-28,bedtime parting words,"['night', 'rest easy', 'sleep tight', 'sweet dreams']"
2644,2026-08-29,starting with figures from greek myth,"['at last', 'herald', 'hydrant', 'tritone']"
2645,2026-08-29,keyboard keys,"['control', 'escape', 'shift', 'space']"
2646,2026-08-29,kinds of salad,"['chopped', 'greek', 'house', 'wedge']"
2647,2026-08-29,under the hood of a car,"['alternator', 'battery', 'engine', 'radiator']"
2648,2026-08-30,words on an old west wanted poster,"['alias', 'outlaw', 'reward', 'wanted']"
2649,2026-08-30,brands with bunny rabbit mascots,"['cadbury', 'energizer', 'playboy', 'trix']"
2650,2026-08-30,wine accessories,"['aerator', 'corkscrew', 'decanter', 'stopper']"
2651,2026-08-30,exercise facilities,"['gymnasium', 'health club', 'rec center', 'ymca']"
2652,2026-08-31,___ bowl,"['dust', 'poke', 'salad', 'super']"
2653,2026-08-31,historical sovereign titles,"['caliph', 'khan', 'pharaoh', 'shogun']"
2654,2026-08-31,warnings on a shipping box,"['fragile', 'heavy', 'perishable', 'this side up']"
2655,2026-08-31,things that come in tubes,"['lipstick', 'poster', 'tennis balls', 'toothpaste']"
2656,2026-09-01,starting with words of intention,"['aimee mann', 'hope diamond', 'planetarium', 'wishy-washy']"
2657,2026-09-01,private investigators of fiction,"['hercule poirot', 'mike hammer', 'sam spade', 'sherlock holmes']"
2658,2026-09-01,"long, skinny things often seen together","['arrow', 'golf club', 'pick-up stick', 'spaghetto']"
2659,2026-09-01,"""i promise!""","['cross my heart', 'for real', 'on god', 'pinky swear']"
2660,2026-09-02,___ dogs (that aren't dogs),"['corn', 'prairie', 'salty', 'top']"
2661,2026-09-02,___ dogs (that are dogs),"['hunting', 'rescue', 'sausage', 'sheep']"
2662,2026-09-02,things in a violin case,"['bow', 'mute', 'rosin', 'shoulder rest']"
2663,2026-09-02,flabbergast,"['dazzle', 'floor', 'stun', 'wow']"
2664,2026-09-03,spreadsheet functions,"['average', 'count', 'max', 'sum']"
2665,2026-09-03,toy car brands,"['hot wheels', 'matchbox', 'micro machines', 'tonka']"
2666,2026-09-03,shades of red,"['carmine', 'cinnabar', 'maroon', 'vermillion']"
2667,2026-09-03,two shakes of a lamb's tail,"['blink', 'flash', 'heartbeat', 'trice']"
2668,2026-09-04,accessories inside starting and ending letters,"['cringy', 'opine', 'stied', ""that's""]"
2669,2026-09-04,kinds of eels,"['conger', 'gulper', 'moray', 'ribbon']"
2670,2026-09-04,food whose name is two foods,"['cake donut', 'candy corn', 'cherry tomato', 'pizza pie']"
2671,2026-09-04,spherical things,"['bowling ball', 'eye', 'moon', 'orange']"
2672,2026-09-05,desserts minus last letter,"['cobble', 'pi', 'tar', 'tort']"
2673,2026-09-05,___head,"['bobble', 'hammer', 'jug', 'sleepy']"
2674,2026-09-05,bird onomatopoeia,"['coo', 'gobble', 'honk', 'warble']"
2675,2026-09-05,move unsteadily,"['sway', 'toddle', 'totter', 'wobble']"
2676,2026-09-06,ending with ways to carve a surface,"['court scribe', ""director's cut"", 'pizza slice', 'sat score']"
2677,2026-09-06,abbreviations followed by redundant word,"['atm machine', 'lcd display', 'pin number', 'upc code']"
2678,2026-09-06,places to insert something into on a computer,"['card slot', 'headphone jack', 'optical drive', 'usb port']"
2679,2026-09-06,unrestricted permission,"['blank check', 'carte blanche', 'free reign', 'full authority']"
2680,2026-09-07,starting with disney characters,"['plutonium', 'scar tissue', 'stitch marker', 'trampoline']"
2681,2026-09-07,associated with pine trees,"['car air freshener', 'christmas', 'needles', 'turpentine']"
2682,2026-09-07,parts of a bra,"['cup', 'hook', 'strap', 'underwire']"
2683,2026-09-07,quite the saga,"['fabrication', 'fish story', 'tall tale', 'yarn']"
2684,2026-09-08,candy bars plus a letter,"['doves', 'marsh', 'skort', 'twixt']"
2685,2026-09-08,___ heart,"['artichoke', 'purple', 'sacred', 'take to']"
2686,2026-09-08,features of a mime costume,"['beret', 'gloves', 'stripes', 'suspenders']"
2687,2026-09-08,classic american performance cars,"['corvette', 'firebird', 'mustang', 'viper']"
2688,2026-09-09,"words before ""force""","['brute', 'electromagnetic', 'g', 'task']"
2689,2026-09-09,horror movies,"['arachnophobia', 'halloween', 'it', 'saw']"
2690,2026-09-09,"words with ""small"" prefixes","['microbrewery', 'minivan', 'nanotechnology', 'picosecond']"
2691,2026-09-09,hard to understand,"['bewildering', 'esoteric', 'incomprehensible', 'opaque']"
2692,2026-09-10,"ending in synonyms for ""happening now""","['adult contemporary', 'alternating current', 'represent', 'sextant']"
2693,2026-09-10,bruce springsteen classics,"['atlantic city', 'badlands', 'born to run', 'thunder road']"
2694,2026-09-10,what you might see sticking out of a window,"['air conditioner', 'catio', 'clothesline', 'flower box']"
2695,2026-09-10,chemical elements,"['actinium', 'krypton', 'lead', 'sulfur']"
2696,2026-09-11,things that are pushed metaphorically,"['agenda', 'envelope', 'limits', 'luck']"
2697,2026-09-11,ways to practice self-care,"['exercise', 'journal', 'meditate', 'unplug']"
2698,2026-09-11,internalize,"['absorb', 'digest', 'process', 'take in']"
2699,2026-09-11,people hired for an event,"['band', 'florist', 'photographer', 'planner']"
2700,2026-09-12,___ alert,"['nerd', 'red', 'spoiler', 'weather']"
2701,2026-09-12,things that blink,"['cursor', 'eyelids', 'smoke detector', 'turn signal']"
2702,2026-09-12,people in an online forum,"['lurker', 'poster', 'spammer', 'troll']"
2703,2026-09-12,ways to personalize a car,"['bumper sticker', 'fuzzy dice', 'hood ornament', 'vanity plate']"
2704,2026-09-13,ending in elevated landforms,"['doublespeak', 'heathcliff', 'paramount', 'porridge']"
2705,2026-09-13,words that sound like two letters,"['empty', 'excess', 'kewpie', 'odie']"
2706,2026-09-13,u.s. presidents,"['cleveland', 'garfield', 'grant', 'madison']"
2707,2026-09-13,lacking in firmness,"['droopy', 'flaccid', 'sagging', 'slack']"
2708,2026-09-14,___grass,"['blue', 'crab', 'lemon', 'wheat']"
2709,2026-09-14,common single-use plastic items,"['bag', 'cutlery', 'stirrer', 'straw']"
2710,2026-09-14,informant,"['canary', 'rat', 'snitch', 'stoolie']"
2711,2026-09-14,waterbirds,"['coot', 'goose', 'loon', 'teal']"
2712,2026-09-15,things that appear at the end,"['caboose', 'december', 'dessert', 'epilogue']"
2713,2026-09-15,undercover operative,"['asset', 'mole', 'plant', 'sleeper']"
2714,2026-09-15,parts of a whistling kettle,"['handle', 'lid', 'spout', 'whistle']"
2715,2026-09-15,instruct,"['coach', 'direct', 'guide', 'train']"
2716,2026-09-16,sausages plus a letter,"['borat', 'clink', 'frank-n-furter', 'widener']"
2717,2026-09-16,poets' middle names,"['barrett', 'carlos', 'st. vincent', 'wadsworth']"
2718,2026-09-16,starting with u.s. coins,"['dimension', 'nickelodeon', 'pennywise', 'quarterback']"
2719,2026-09-16,ending in metal elements,"['latin', 'long john silver', 'marigold', 'steam iron']"
2720,2026-09-17,love ___,"['handles', 'language', 'tap', 'triangle']"
2721,2026-09-17,"hugh jackman movies, with ""the""","['fountain', 'prestige', 'sheep detectives', 'wolverine']"
2722,2026-09-17,things that are underground,"['mine shaft', 'sewer line', 'subway station', 'well']"
2723,2026-09-17,elasticity,"['bounce', 'flexibility', 'give', 'spring']"
2724,2026-09-18,___case,"['brief', 'pillow', 'stair', 'upper']"
2725,2026-09-18,parts of a flight,"['boarding', 'cruise', 'landing', 'takeoff']"
2726,2026-09-18,assortments of food/drink,"['flight', 'medley', 'platter', 'sampler']"
2727,2026-09-18,segment of a process,"['phase', 'round', 'stage', 'step']"
2728,2026-09-19,starting with abbreviated math functions,"['cos lettuce', 'log cabin', 'sin city', 'tan line']"
2729,2026-09-19,associated with swinging london in the 1960s,"['carnaby street', 'miniskirt', 'mod', 'twiggy']"
2730,2026-09-19,features of a kid's drawing,"['house', 'stick figure', 'sun', 'tree']"
2731,2026-09-19,widen one's scope,"['branch out', 'diversify', 'expand', 'grow']"
2732,2026-09-20,___boards you ride on,"['hover', 'skate', 'snow', 'surf']"
2733,2026-09-20,vampire movies,"['blade', 'near dark', 'sinners', 'twilight']"
2734,2026-09-20,associated with kentucky,"['bluegrass', 'bourbon', 'derby', 'fried chicken']"
2735,2026-09-20,round flat things,"['blu-ray', 'coaster', 'sand dollar', 'tortilla']"
2736,2026-09-21,starts of composers' names,"['beet', 'brah', 'chop', 'viva']"
2737,2026-09-21,chess verbs,"['capture', 'castle', 'check', 'mate']"
2738,2026-09-21,ways to attract fish,"['chum', 'fly', 'spinner', 'worm']"
2739,2026-09-21,email buttons,"['compose', 'drafts', 'sent', 'spam']"
2740,2026-09-22,beverages with acute accents removed,"['cafe', 'patron', 'rose', 'the']"
2741,2026-09-22,options on a multiple choice survey,"['agree', 'disagree', 'neutral', 'other']"
2742,2026-09-22,embellishment,"['accent', 'detail', 'flourish', 'touch']"
2743,2026-09-22,demonstratives,"['that', 'these', 'this', 'those']"
2744,2026-09-23,"ending in synonyms for ""term""","['bitcoin', 'record label', 'rub-a-dub', 'suriname']"
2745,2026-09-23,things that come in cans,"['condensed milk', 'paint', 'shaving cream', 'spam']"
2746,2026-09-23,website hurdles,"['age verification', 'captcha', 'cookie consent', 'paywall']"
2747,2026-09-23,things you grab before leaving the house,"['keys', 'phone', 'sunglasses', 'wallet']"
2748,2026-09-24,anagrams,"['beer hat', 'breathe', 'herb tea', 'the bear']"
2749,2026-09-24,featuring pointing,"['creation of adam', 'foam finger', ""i'm with stupid shirt"", 'uncle sam']"
2750,2026-09-24,things with spring/s,"['bobblehead', 'pogo stick', 'snakes in a can', 'trampoline']"
2751,2026-09-24,parts of a vampire costume,"['cape', 'face paint', 'fake blood', 'fangs']"
2752,2026-09-25,taxonomic ranks plus a letter,"['border', 'classy', 'foamily', 'genius']"
2753,2026-09-25,famous dans,"['aykroyd', 'levy', 'rather', 'savage']"
2754,2026-09-25,parts of a mechanical clock,"['escapement', 'pendulum', 'ratchet', 'spring']"
2755,2026-09-25,luxe,"['bougie', 'fancy', 'posh', 'swank']"
2756,2026-09-26,"""cool"" things, in expressions","['beans', 'cat', 'cucumber', 'customer']"
2757,2026-09-26,features of wood,"['burl', 'grain', 'knots', 'rings']"
2758,2026-09-26,things done to a dress shirt at the laundry,"['fold', 'press', 'starch', 'wash']"
2759,2026-09-26,breath fresheners,"['gum', 'mint', 'mouthwash', 'spray']"
2760,2026-09-27,ending in chinese dynasties,"['bbqing', 'homing', 'lohan', 'wu-tang']"
2761,2026-09-27,telecom,"['carrier', 'network', 'operator', 'provider']"
2762,2026-09-27,restaurant seating options,"['banquette', 'booth', 'chair', 'stool']"
2763,2026-09-27,sculpture media,"['bronze', 'clay', 'marble', 'plaster']"
2764,2026-09-28,three letters plus repeated trigrams,"['arkansans', 'chihuahua', 'possesses', 'springing']"
2765,2026-09-28,dodge models,"['challenger', 'charger', 'durango', 'viper']"
2766,2026-09-28,oyster condiments,"['horseradish', 'lemon', 'mignonette', 'tabasco']"
2767,2026-09-28,things with stalks,"['bamboo', 'celery', 'corn', 'wheat']"
2768,2026-09-29,phrases hiding greek letters,"['freeze tag', 'home game', 'model tank', 'oral phase']"
2769,2026-09-29,first words of pixar films,"['finding', 'inside', 'monsters', 'toy']"
2770,2026-09-29,river features,"['delta', 'drainage basin', 'mouth', 'stream bed']"
2771,2026-09-29,secluded,"['hidden', 'remote', 'secret', 'tucked away']"
2772,2026-09-30,starting with month abbreviations,"['decent', 'novelty', 'octopussy', 'septum']"
2773,2026-09-30,gangster movies,"['bugsy', 'casino', 'donnie brasco', 'scarface']"
2774,2026-09-30,things that are shaken (not stirred),"['etch a sketch', 'martini', 'spray paint', 'tambourine']"
2775,2026-09-30,securities,"['bond', 'future', 'option', 'stock']"
2776,2026-10-01,starts of nyt print puzzles,"['acro', 'cross', 'ken', 'sud']"
2777,2026-10-01,"2000s indie rock bands, with ""the""","['decemberists', 'national', 'shins', 'walkmen']"
2778,2026-10-01,dress shirt measurements,"['chest', 'neck', 'sleeve', 'waist']"
2779,2026-10-01,put,"['place', 'position', 'situate', 'stick']"
2780,2026-10-02,prime ___,"['number', 'real estate', 'rib', 'time']"
2781,2026-10-02,customary,"['common', 'routine', 'standard', 'stock']"
2782,2026-10-02,fingers,"['index', 'little', 'middle', 'ring']"
2783,2026-10-02,finance,"['back', 'bankroll', 'fund', 'support']"
2784,2026-10-03,ending in fantasy creatures,"['diet sprite', 'merv griffin', 'ny giant', 'river phoenix']"
2785,2026-10-03,starting with u.s. museums,"['broad bean', 'getty images', 'met halfway', 'whitney houston']"
2786,2026-10-03,ending in musicals,"['elbow grease', 'fat cats', 'linda hamilton', 'something wicked']"
2787,2026-10-03,"starting with terms for ""toilet""","['can opener', 'head waiter', 'john denver', 'w.c. fields']"
2788,2026-10-04,silent ___,"['auction', 'film', 'partner', 'treatment']"
2789,2026-10-04,parts of a judge costume,"['collar', 'gavel', 'robe', 'wig']"
2790,2026-10-04,table tennis needs,"['ball', 'net', 'paddle', 'table']"
2791,2026-10-04,considerable amount,"['bunch', 'heap', 'lot', 'stack']"
2792,2026-10-05,ending in ways to temporarily acquire,"['parent', 'please', 'sapphire', 'sloan']"
2793,2026-10-05,kinds of boards,"['advisory', 'chess', 'ironing', 'message']"
2794,2026-10-05,adjectives for mature content,"['explicit', 'graphic', 'strong', 'suggestive']"
2795,2026-10-05,calm,"['content', 'peaceful', 'placid', 'serene']"
2796,2026-10-06,ending in talents,"['catskill', 'knickknack', 'pianoforte', 'stability']"
2797,2026-10-06,___ inn hotels,"['comfort', 'days', 'hampton', 'holiday']"
2798,2026-10-06,kinds of chairs,"['adirondack', 'eames', 'windsor', 'wingback']"
2799,2026-10-06,"financial firms, for short","['berkshire', 'citi', 'goldman', 'merrill']"
2800,2026-06-29,ending in parts of a tree,"['embark', 'groot', 'nudibranch', 'strunk']"
2801,2026-06-29,parts of a speaker,"['cabinet', 'cone', 'magnet', 'woofer']"
2802,2026-06-29,consume with gusto,"['crush', 'guzzle', 'inhale', 'snarf']"
2803,2026-06-29,old timey troublemakers,"['miscreant', 'rogue', 'ruffian', 'scoundrel']"
2804,2026-06-30,"what ""draft"" might refer to","['breeze', 'on tap', 'recruit', 'sketch']"
2805,2026-06-30,common recyclables,"['bottle', 'box', 'can', 'newspaper']"
2806,2026-06-30,participate in some winter olympics,"['curl', 'luge', 'skate', 'ski']"
2807,2026-06-30,dividing structures,"['fence', 'gate', 'hedge', 'wall']"
2808,2026-07-01,starting with countries,"['dominican republic', 'guinea-bissau', 'indianapolis', 'nigeria']"
2809,2026-07-01,places in cocktail names,"['cuba', 'long island', 'moscow', 'singapore']"
2810,2026-07-01,best picture winners/nominees,"['casablanca', 'chicago', 'fargo', 'munich']"
2811,2026-07-01,things named after places,"['champagne', 'china', 'cologne', 'limerick']"
2812,2026-07-02,starting with sports venues,"['court jester', 'diamond ring', 'field mouse', 'track record']"
2813,2026-07-02,starting with nicknames,"['billy goat', 'dan dan noodles', 'rich text', 'tom-tom']"
2814,2026-07-02,old-timey names for things we still use,"['looking glass', 'spectacles', 'talkie', 'water closet']"
2815,2026-07-02,they impersonate other things,"['copycat', 'mime', 'mockingbird', 't-1000']"
2816,2026-07-03,"what things pronounced ""t"" might refer to","['golf accessory', 'gossip', 'hot drink', 'shirt']"
2817,2026-07-03,bad things to give someone,"['cold shoulder', 'dirty look', 'hard time', 'runaround']"
2818,2026-07-03,retro expressions of approval,"['cool beans', 'far out', 'groovy', 'right on']"
2819,2026-07-03,positive feelings,"['bliss', 'felicity', 'happiness', 'warm fuzzies']"
2820,2026-07-04,sweet ___,"['dreams', 'nothings', 'pea', 'spot']"
2821,2026-07-04,tropical drinks,"['hurricane', 'painkiller', 'scorpion', 'zombie']"
2822,2026-07-04,kinds of poems,"['ballad', 'epic', 'ode', 'villanelle']"
2823,2026-07-04,persist,"['continue', 'last', 'linger', 'stay']"
2824,2026-07-05,"what ""w"" might stand for","['tungsten', 'west', 'win', 'with']"
2825,2026-07-05,amex card types,"['centurion', 'gold', 'green', 'platinum']"
2826,2026-07-05,payment methods,"['card', 'cash', 'check', 'wire']"
2827,2026-07-05,granola ingredients,"['honey', 'nuts', 'oats', 'seeds']"
2828,2026-07-06,starting with dating apps,"['bumblebee', 'grind rail', 'matcha', 'tinderbox']"
2829,2026-07-06,acme products used by wile e. coyote,"['earthquake pills', 'iron bird seed', 'rocket skates', 'tnt']"
2830,2026-07-06,science fair model subjects,"['atom', 'dna', 'solar system', 'volcano']"
2831,2026-07-06,stunning news,"['bombshell', 'revelation', 'shocker', 'thunderbolt']"
2832,2026-07-07,"ending in ""sesame street"" characters","['bernie', 'colbert', 'discount', 'san anselmo']"
2833,2026-07-07,___ twist,"['french', 'lemon', 'oliver', 'plot']"
2834,2026-07-07,student-athlete designations,"['all-american', 'jock', 'letterman', 'team captain']"
2835,2026-07-07,rooms in clue,"['conservatory', 'hall', 'kitchen', 'study']"
2836,2026-07-08,house of ___,"['cards', 'lords', 'wax', 'worship']"
2837,2026-07-08,guitar-playing techniques,"['pick', 'pluck', 'strum', 'tap']"
2838,2026-07-08,motif,"['drift', 'plot', 'theme', 'thread']"
2839,2026-07-08,cut into thin pieces,"['grate', 'plane', 'shave', 'sliver']"
2840,2026-07-09,pontiac models,"['firebird', 'g6', 'grand prix', 'trans am']"
2841,2026-07-09,kinds of rugs,"['persian', 'prayer', 'shag', 'throw']"
2842,2026-07-09,music publications,"['billboard', 'pitchfork', 'rolling stone', 'spin']"
2843,2026-07-09,non-alcoholic designators,"['na', 'spirit-free', 'virgin', 'zero-proof']"
2844,2026-07-10,starting with baseball calls,"['ball gown', 'outkast', 'safe mode', 'strike a pose']"
2845,2026-07-10,'80s synth-pop bands,"['depeche mode', 'erasure', 'new order', 'pet shop boys']"
2846,2026-07-10,dessert menu descriptors,"['decadent', 'fresh-baked', 'molten', 'à la mode']"
2847,2026-07-10,smartphone settings,"['airplane mode', 'do not disturb', 'hotspot', 'location services']"
2848,2026-07-11,double letters appearing in that letter's alphabetical position,"['aardvark', 'bocce', 'ebbing', 'twiddle']"
2849,2026-07-11,"""toy story"" characters","['bo peep', 'jessie', 'slinky', 'woody']"
2850,2026-07-11,"undisturbed, as water","['calm', 'flat', 'glassy', 'still']"
2851,2026-07-11,circus equipment,"['cannon', 'stilts', 'trapeze', 'unicycle']"
2852,2026-07-12,starts of u.s. capitals,"['den', 'mad', 'pho', 'sac']"
2853,2026-07-12,verbs in a college life slogan,"['party', 'repeat', 'sleep', 'study']"
2854,2026-07-12,bit of fruit-flavored candy,"['dot', 'nerd', 'runt', 'spree']"
2855,2026-07-12,reproductive part of fruit,"['pip', 'pit', 'seed', 'stone']"
2856,2026-07-13,starting with smooches,"['bussin', 'kisser', 'peckish', 'smackdown']"
2857,2026-07-13,fictional cats,"['figaro', 'puss', 'salem', 'tom']"
2858,2026-07-13,things with handles,"['bucket', 'drawer', 'mug', 'umbrella']"
2859,2026-07-13,interrogate,"['examine', 'grill', 'pump', 'question']"
2860,2026-07-14,symbolized with arrows,"['recycling', 'shuffle', 'this side up', 'u-turn']"
2861,2026-07-14,kinds of baskets,"['easter', 'grocery', 'laundry', 'picnic']"
2862,2026-07-14,edit menu options,"['copy', 'cut', 'delete', 'paste']"
2863,2026-07-14,contract,"['agreement', 'bargain', 'deal', 'understanding']"
2864,2026-07-15,"words before ""room"" to indicate extra space","['breathing', 'elbow', 'head', 'wiggle']"
2865,2026-07-15,kinds of sports,"['extreme', 'motor', 'racket', 'water']"
2866,2026-07-15,things with laces,"['baseball glove', 'corset', 'football', 'shoe']"
2867,2026-07-15,terms for the legal system,"['bar', 'bench', 'court', 'tribunal']"
2868,2026-07-16,starting with tiny marks,"['dot matrix', 'period piece', 'point break', 'spot remover']"
2869,2026-07-16,associated with precision,"['bullseye', 'clockwork', 'laser', 'needle']"
2870,2026-07-16,shades of black,"['charcoal', 'ink', 'jet', 'pitch']"
2871,2026-07-16,skincare products,"['clay mask', 'eye cream', 'peel', 'toner']"
2872,2026-07-17,ending in parts of a car,"['plot spoiler', 'robin hood', 'satires', 'tree trunk']"
2873,2026-07-17,four groups of four,"['cardinal directions', 'classical elements', 'seasons', 'suits']"
2874,2026-07-17,seen in an arcade,"['crane game', 'pinball', 'tickets', 'tokens']"
2875,2026-07-17,grand finale,"['epilogue', 'farewell', 'last dance', 'swan song']"
2876,2026-07-18,"words after ""pop""","['culture', 'fly', 'quiz', 'tart']"
2877,2026-07-18,things tracked in video games,"['health', 'lives', 'score', 'time']"
2878,2026-07-18,belief,"['attitude', 'mind', 'opinion', 'view']"
2879,2026-07-18,commit a basketball violation,"['carry', 'double dribble', 'goaltend', 'travel']"
2880,2026-07-19,___ face expressions,"['game', 'long', 'poker', 'straight']"
2881,2026-07-19,things toilets do,"['drain', 'flush', 'refill', 'swirl']"
2882,2026-07-19,digital coupling verbs,"['connect', 'join', 'pair', 'sync']"
2883,2026-07-19,circuit components,"['breaker', 'fuse', 'relay', 'switch']"
2884,2026-07-20,starting with alcoholic beverages,"['alexa', 'meadow', 'portobello', 'sakes']"
2885,2026-07-20,associated with pearls,"['bubble tea', 'oyster', 'swine', 'wisdom']"
2886,2026-07-20,things to click,"['button', 'icon', 'link', 'menu']"
2887,2026-07-20,announce,"['blare', 'herald', 'sound', 'trumpet']"
2888,2026-07-21,tele___,"['gram', 'kinesis', 'prompter', 'vision']"
2889,2026-07-21,elements of a musical,"['book', 'lyrics', 'music', 'orchestration']"
2890,2026-07-21,software downloads,"['app', 'driver', 'extension', 'plugin']"
2891,2026-07-21,kinds of tops,"['crop', 'halter', 'tank', 'tube']"
2892,2026-07-22,features of a zebra,"['hooves', 'mane', 'tail', 'white stripes']"
2893,2026-07-22,platform-specific posts,"['pins', 'snaps', 'tweets', 'vines']"
2894,2026-07-22,on a golf scorecard,"['hole', 'par', 'score', 'strokes']"
2895,2026-07-22,symptoms of an allergic reaction,"['hives', 'itching', 'rash', 'redness']"
2896,2026-07-23,ending in geometry terms,"['appoint', 'deplane', 'feline', 'jangle']"
2897,2026-07-23,parts of an airport,"['apron', 'hangar', 'runway', 'terminal']"
2898,2026-07-23,in an anxious state,"['excited', 'febrile', 'frenetic', 'intense']"
2899,2026-07-23,spherical things,"['baseball', 'globe', 'marble', 'orange']"
2900,2026-07-24,homophones of religious roles,"['canter', 'fryer', 'llama', 'none']"
2901,2026-07-24,"bring to mind, as a memory","['jog', 'prompt', 'refresh', 'spark']"
2902,2026-07-24,outcomes for a batter,"['home run', 'single', 'strikeout', 'walk']"
2903,2026-07-24,talk at length,"['babble', 'drone', 'ramble', 'yak']"
2904,2026-07-25,strip ___,"['club', 'mall', 'poker', 'steak']"
2905,2026-07-25,african currencies,"['kwanza', 'leone', 'naira', 'rand']"
2906,2026-07-25,"start to cry, with ""up""","['choke', 'mist', 'tear', 'well']"
2907,2026-07-25,spanish relatives,"['abuela', 'hijo', 'madre', 'primo']"
2908,2026-07-26,"what ""shell"" might refer to","['carapace', 'gas station', 'pastry crust', 'rowing boat']"
2909,2026-07-26,expressions for rain,"['april showers', 'liquid sunshine', 'scotch mist', 'wet weather']"
2910,2026-07-26,outmoded consumer tech,"['blackberry', 'discman', 'dvd player', 'plasma tv']"
2911,2026-07-26,baby milestones,"['crawling', 'first words', 'rolling over', 'solid food']"
2912,2026-07-27,icons on a shopping site,"['bell', 'cart', 'heart', 'magnifying glass']"
2913,2026-07-27,kinds of shifts,"['doppler', 'graveyard', 'paradigm', 'stick']"
2914,2026-07-27,long tapered things,"['carrot', 'icicle', 'knitting needle', 'stalactite']"
2915,2026-07-27,gymnastics apparatus,"['beam', 'horse', 'rings', 'vault']"
2916,2026-07-28,starting with palindromic names,"['annapolis', 'bobsled', 'everest', 'ottoman']"
2917,2026-07-28,"shoe brands starting with ""c""","['camper', 'clarks', 'converse', 'crocs']"
2918,2026-07-28,how do you like them apples,"['empire', 'fuji', 'gala', 'honeycrisp']"
2919,2026-07-28,command,"['captain', 'direct', 'head', 'lead']"
2920,2026-07-29,___boards in a classroom,"['black', 'chalk', 'cork', 'white']"
2921,2026-07-29,units of wisdom,"['gem', 'nugget', 'pearl', 'word']"
2922,2026-07-29,nondescript,"['basic', 'mid', 'plain', 'vanilla']"
2923,2026-07-29,fasteners,"['nail', 'rivet', 'screw', 'staple']"
2924,2026-07-30,"on the ___, to mean ""precise""","['dot', 'mark', 'money', 'nose']"
2925,2026-07-30,cruise lines,"['carnival', 'celebrity', 'princess', 'viking']"
2926,2026-07-30,activities with multiple balls,"['beer pong', 'bingo', 'juggling', 'pool']"
2927,2026-07-30,virtuous,"['fair', 'good', 'just', 'right']"
2928,2026-07-31,starting with merriments,"['cheerios', 'fungus', 'gleek', 'joystick']"
2929,2026-07-31,fruits plus starting letter,"['dapple', 'jdate', 'slime', 'spear']"
2930,2026-07-31,super mario figures,"['dinosaur', 'mushroom', 'plumber', 'princess']"
2931,2026-07-31,construct,"['fashion', 'model', 'mold', 'shape']"
2932,2026-08-01,starting with bread shapes,"['boulevard', 'bundle', 'loafer', 'rolls-royce']"
2933,2026-08-01,perform some hole machining operations,"['bore', 'countersink', 'drill', 'ream']"
2934,2026-08-01,oscar-winning actors since 2010,"['bale', 'jordan', 'phoenix', 'waltz']"
2935,2026-08-01,bedding,"['comforter', 'sham', 'sheet', 'throw']"
2936,2026-08-02,u.s. airport codes plus starting letter,"['asea', 'flax', 'lord', 'olga']"
2937,2026-08-02,___ mode,"['airplane', 'beast', 'dark', 'à la']"
2938,2026-08-02,by means of,"['by', 'per', 'through', 'via']"
2939,2026-08-02,filler words,"['actually', 'like', 'so', 'well']"
2940,2026-08-03,"starting with synonyms for ""pester""","['bug fix', 'nag champa', 'needless', 'tea set']"
2941,2026-08-03,"""y"" is the only vowel","['fly by', 'myrrh', 'nsync', 'rhythm']"
2942,2026-08-03,shades of green,"['forest', 'hunter', 'mint', 'sage']"
2943,2026-08-03,road less traveled,"['alley', 'backstreet', 'byway', 'lane']"
2944,2026-08-04,v-shaped things,"['angle bracket', 'chevron', 'goose formation', 'peace sign']"
2945,2026-08-04,things with pedals,"['piano', 'sewing machine', 'swan boat', 'unicycle']"
2946,2026-08-04,iconic nyc sights,"['bodega', 'pigeon', 'subway station', 'taxi cab']"
2947,2026-08-04,long cylindrical things,"['cigarette', 'foam roller', 'pool noodle', 'pretzel rod']"
2948,2026-08-05,"what ""stock"" might refer to","['broth', 'cattle', 'investment', 'merchandise']"
2949,2026-08-05,house styles,"['cape cod', 'mission', 'ranch', 'tudor']"
2950,2026-08-05,jeans brands,"['diesel', 'gap', 'lucky', 'wrangler']"
2951,2026-08-05,navigate,"['drive', 'maneuver', 'pilot', 'steer']"
2952,2026-08-06,places with nets,"['barclays center', 'fishing boat', 'hockey rink', 'tennis court']"
2953,2026-08-06,iconic roman landmarks,"['colosseum', 'pantheon', 'spanish steps', 'trevi fountain']"
2954,2026-08-06,places with lanes,"['bowling alley', 'freeway', 'supermarket', 'swimming pool']"
2955,2026-08-06,classic wooden toys,"['alphabet blocks', 'cup-and-ball', ""jacob's ladder"", 'lincoln logs']"
2956,2026-08-07,starting with male animals,"['buckyball', 'jackpot', 'rambo', 'tomatillo']"
2957,2026-08-07,parts of an elevator,"['buttons', 'cables', 'motor', 'shaft']"
2958,2026-08-07,cold things,"['liquid nitrogen', 'refrigerator', 'snow', 'sundae']"
2959,2026-08-07,components of a candle,"['fragrance', 'jar', 'wax', 'wick']"
2960,2026-08-08,safety ___,"['belt', 'goggles', 'pin', 'razor']"
2961,2026-08-08,words abbreviated with letters as homophones,"['cutie', 'easy', 'effects', 'i owe you']"
2962,2026-08-08,convey,"['couch', 'express', 'frame', 'phrase']"
2963,2026-08-08,quaint expressions of excitement,"['hot dog', 'hurrah', 'whoopee', 'yahoo']"
2964,2026-08-09,things people try to get out of,"['bad dream', 'escape room', 'jury duty', 'labyrinth']"
2965,2026-08-09,movie subgenres,"['buddy cop', 'neo-noir', 'space opera', 'spaghetti western']"
2966,2026-08-09,classic children's books,"['caps for sale', 'corduroy', 'goodnight moon', 'madeline']"
2967,2026-08-09,take a different approach,"['change tack', 'course-correct', 'recalibrate', 'shift gears']"
2968,2026-08-10,famous goatees,"['billy goat', 'colonel sanders', 'doctor strange', 'the devil']"
2969,2026-08-10,sections on an invoice,"['balance due', 'bill to', 'order number', 'unit price']"
2970,2026-08-10,ways to receive event tickets,"['mail delivery', 'mobile ticket', 'print-at-home', 'will call']"
2971,2026-08-10,haphazardly,"['any old how', 'at random', 'helter-skelter', 'willy-nilly']"
2972,2026-08-11,homophones of facial features,"['aye', 'hare', 'knows', 'tung']"
2973,2026-08-11,words in an auctioneer's chant,"['going', 'once', 'sold', 'twice']"
2974,2026-08-11,basic cable channels,"['bet', 'bravo', 'history', 'usa']"
2975,2026-08-11,doomed,"['done', 'sunk', 'through', 'toast']"
2976,2026-08-12,starting with affirmative responses,"['fine print', 'goodbye', 'great white', 'okayama']"
2977,2026-08-12,nbc sitcom surnames,"['benes', 'bing', 'lemon', 'scott']"
2978,2026-08-12,kinds of frogs,"['bull', 'green', 'poison dart', 'tree']"
2979,2026-08-12,"hold onto, as a feeling","['foster', 'harbor', 'maintain', 'nurse']"
2980,2026-08-13,"""cold"" things, in idioms","['comfort', 'feet', 'shoulder', 'turkey']"
2981,2026-08-13,airline status perks,"['checked bags', 'lounge', 'miles', 'upgrade']"
2982,2026-08-13,move slowly (up to),"['creep', 'ease', 'edge', 'inch']"
2983,2026-08-13,persevere,"['carry on', 'continue', 'make it', 'persist']"
2984,2026-08-14,triangle logos,"['bass ale', 'citgo', 'delta airlines', 'google drive']"
2985,2026-08-14,comic book artist's tools,"['bristol board', 'dip pen', 'india ink', 'straightedge']"
2986,2026-08-14,places where everyone thinks the same ways,"['bubble', 'echo chamber', 'hivemind', 'silo']"
2987,2026-08-14,black-and-yellow,"['bumblebee', 'caution tape', 'charlie brown', 'wolverine']"
2988,2026-08-15,ending in synonyms for follow secretly,"['beanstalk', 'eyeshadow', 'hightail', 'soundtrack']"
2989,2026-08-15,ending in units of length,"['chamomile', 'grinch', 'hotfoot', 'lanyard']"
2990,2026-08-15,segment,"['leg', 'phase', 'stage', 'stretch']"
2991,2026-08-15,exhausted,"['beat', 'fried', 'spent', 'worn out']"
2992,2026-08-16,descriptors for our human ancestors,"['from neander', 'handy', 'upright', 'wise']"
2993,2026-08-16,family relationship modifiers,"['grand', 'great', 'half', 'step']"
2994,2026-08-16,participant,"['actor', 'agent', 'party', 'player']"
2995,2026-08-16,musical performance,"['concert', 'gig', 'set', 'show']"
2996,2026-08-17,starting with pets,"['birdie', 'cattle', 'dogie', 'fisheye']"
2997,2026-08-17,first names of country music legends,"['dolly', 'johnny', 'patsy', 'willie']"
2998,2026-08-17,spreadsheet features,"['formula', 'function', 'macro', 'script']"
2999,2026-08-17,video call platforms,"['huddle', 'meet', 'teams', 'zoom']"
3000,2026-08-18,things that are gritty,"['cowboy coffee', 'film noir', 'flyers mascot', 'sandpaper']"
3001,2026-08-18,things that are orange,"['basketball', 'orangutan', 'sweet potato', 'traffic cone']"
3002,2026-08-18,pjs,"['petroleum jelly', 'poetic justice', 'practical joke', 'private jet']"
3003,2026-08-18,seen at a movie premiere,"['limousine', 'paparazzi', 'red carpet', 'velvet rope']"
3004,2026-08-19,homophones of cgi-animated films,"['ants', 'cocoa', 'rheo', 'seoul']"
3005,2026-08-19,"words before ""ball"" in sport names","['base', 'basket', 'foot', 'pickle']"
3006,2026-08-19,conceal,"['blanket', 'hide', 'mask', 'obscure']"
3007,2026-08-19,piece of cake,"['breeze', 'cinch', 'picnic', 'snap']"
3008,2026-08-20,starting with chinese zodiac animals,"['dragonfly', 'oxford', 'pigment', 'ratchet']"
3009,2026-08-20,similarly shaped typographical marks,"['apostrophe', 'cedilla', 'comma', 'okina']"
3010,2026-08-20,kinds of numbers,"['atomic', 'serial', 'social security', 'telephone']"
3011,2026-08-20,kinds of pizza,"['diavola', 'hawaiian', 'meat lovers', 'white']"
3012,2026-08-21,once in a ___,"['blue moon', 'generation', 'lifetime', 'while']"
3013,2026-08-21,___ kids,"['comeback', 'karate', 'sundance', 'wimpy']"
3014,2026-08-21,calls to begin a performance,"['action', 'curtain up', 'places', 'showtime']"
3015,2026-08-21,things most animals need,"['nutrition', 'oxygen', 'sleep', 'water']"
3016,2026-08-22,___ girls of pop culture,"['gilmore', 'golden', 'mean', 'spice']"
3017,2026-08-22,garden hose settings,"['cone', 'jet', 'mist', 'shower']"
3018,2026-08-22,kinds of melon,"['bitter', 'musk', 'water', 'winter']"
3019,2026-08-22,carpentry tools,"['chisel', 'hammer', 'plane', 'saw']"
3020,2026-08-23,household stain removers,"['baking soda', 'club soda', 'hydrogen peroxide', 'vinegar']"
3021,2026-08-23,made with potatoes,"['home fries', 'potato battery', 'vischyssoise', 'vodka']"
3022,2026-08-23,double vowels,"['antifreeze', 'bazaar', 'skiing', 'vacuum']"
3023,2026-08-23,potentially explosive things,"['powder keg', 'time bomb', 'tinderbox', 'volcano']"
3024,2026-08-24,letter homophone plus tennis term,"['beset', 'deserve', 'ex-love', 'eyelet']"
3025,2026-08-24,pro-wrestling lingo,"['face', 'heel', 'jobber', 'kayfabe']"
3026,2026-08-24,principal,"['arch', 'chief', 'main', 'prime']"
3027,2026-08-24,fish,"['mullet', 'pike', 'sole', 'tang']"
3028,2026-08-25,ending in ice cream orders,"['harlem shake', 'inside scoop', 'lickety-split', 'traffic cone']"
3029,2026-08-25,"stephen king film adaptations, with ""the""","['green mile', 'long walk', 'running man', 'shawshank redemption']"
3030,2026-08-25,sci-fi phenomena,"['hyperspace', 'parallel universe', 'teleportation', 'time warp']"
3031,2026-08-25,surface-level,"['cosmetic', 'one-dimensional', 'skin-deep', 'superficial']"
3032,2026-08-26,key ___,"['chain', 'largo', 'lime', 'signature']"
3033,2026-08-26,"what ""p"" might stand for","['page', 'park', 'phosphorus', 'piano']"
3034,2026-08-26,knack,"['forte', 'gift', 'strength', 'talent']"
3035,2026-08-26,"""there you have it!""","['behold', 'presto', 'shazam', 'voilà']"
3036,2026-08-27,music genre plus starting letter,"['brock', 'nemo', 'spunk', 'wrap']"
3037,2026-08-27,shades of gray,"['ash', 'dove', 'pewter', 'slate']"
3038,2026-08-27,moved to tears,"['choked up', 'emotional', 'misty', 'overcome']"
3039,2026-08-27,electric things,"['electric eel', 'lightning', 'live wire', 'pikachu']"
3040,2026-08-28,top of the ___,"['hour', 'line', 'morning', 'pops']"
3041,2026-08-28,modern add-ons/combining forms,"['bro', 'coded', 'era', 'maxxing']"
3042,2026-08-28,palindromes,"['mom', 'noon', 'sis', 'top spot']"
3043,2026-08-28,bedtime parting words,"['night', 'rest easy', 'sleep tight', 'sweet dreams']"
3044,2026-08-29,starting with figures from greek myth,"['at last', 'herald', 'hydrant', 'tritone']"
3045,2026-08-29,keyboard keys,"['control', 'escape', 'shift', 'space']"
3046,2026-08-29,kinds of salad,"['chopped', 'greek', 'house', 'wedge']"
3047,2026-08-29,under the hood of a car,"['alternator', 'battery', 'engine', 'radiator']"
3048,2026-08-30,words on an old west wanted poster,"['alias', 'outlaw', 'reward', 'wanted']"
3049,2026-08-30,brands with bunny rabbit mascots,"['cadbury', 'energizer', 'playboy', 'trix']"
3050,2026-08-30,wine accessories,"['aerator', 'corkscrew', 'decanter', 'stopper']"
3051,2026-08-30,exercise facilities,"['gymnasium', 'health club', 'rec center', 'ymca']"
3052,2026-08-31,___ bowl,"['dust', 'poke', 'salad', 'super']"
3053,2026-08-31,historical sovereign titles,"['caliph', 'khan', 'pharaoh', 'shogun']"
3054,2026-08-31,warnings on a shipping box,"['fragile', 'heavy', 'perishable', 'this side up']"
3055,2026-08-31,things that come in tubes,"['lipstick', 'poster', 'tennis balls', 'toothpaste']"
3056,2026-09-01,starting with words of intention,"['aimee mann', 'hope diamond', 'planetarium', 'wishy-washy']"
3057,2026-09-01,private investigators of fiction,"['hercule poirot', 'mike hammer', 'sam spade', 'sherlock holmes']"
3058,2026-09-01,"long, skinny things often seen together","['arrow', 'golf club', 'pick-up stick', 'spaghetto']"
3059,2026-09-01,"""i promise!""","['cross my heart', 'for real', 'on god', 'pinky swear']"
3060,2026-09-02,___ dogs (that aren't dogs),"['corn', 'prairie', 'salty', 'top']"
3061,2026-09-02,___ dogs (that are dogs),"['hunting', 'rescue', 'sausage', 'sheep']"
3062,2026-09-02,things in a violin case,"['bow', 'mute', 'rosin', 'shoulder rest']"
3063,2026-09-02,flabbergast,"['dazzle', 'floor', 'stun', 'wow']"
3064,2026-09-03,spreadsheet functions,"['average', 'count', 'max', 'sum']"
3065,2026-09-03,toy car brands,"['hot wheels', 'matchbox', 'micro machines', 'tonka']"
3066,2026-09-03,shades of red,"['carmine', 'cinnabar', 'maroon', 'vermillion']"
3067,2026-09-03,two shakes of a lamb's tail,"['blink', 'flash', 'heartbeat', 'trice']"
3068,2026-09-04,accessories inside starting and ending letters,"['cringy', 'opine', 'stied', ""that's""]"
3069,2026-09-04,kinds of eels,"['conger', 'gulper', 'moray', 'ribbon']"
3070,2026-09-04,food whose name is two foods,"['cake donut', 'candy corn', 'cherry tomato', 'pizza pie']"
3071,2026-09-04,spherical things,"['bowling ball', 'eye', 'moon', 'orange']"
3072,2026-09-05,desserts minus last letter,"['cobble', 'pi', 'tar', 'tort']"
3073,2026-09-05,___head,"['bobble', 'hammer', 'jug', 'sleepy']"
3074,2026-09-05,bird onomatopoeia,"['coo', 'gobble', 'honk', 'warble']"
3075,2026-09-05,move unsteadily,"['sway', 'toddle', 'totter', 'wobble']"
3076,2026-09-06,ending with ways to carve a surface,"['court scribe', ""director's cut"", 'pizza slice', 'sat score']"
3077,2026-09-06,abbreviations followed by redundant word,"['atm machine', 'lcd display', 'pin number', 'upc code']"
3078,2026-09-06,places to insert something into on a computer,"['card slot', 'headphone jack', 'optical drive', 'usb port']"
3079,2026-09-06,unrestricted permission,"['blank check', 'carte blanche', 'free reign', 'full authority']"
3080,2026-09-07,starting with disney characters,"['plutonium', 'scar tissue', 'stitch marker', 'trampoline']"
3081,2026-09-07,associated with pine trees,"['car air freshener', 'christmas', 'needles', 'turpentine']"
3082,2026-09-07,parts of a bra,"['cup', 'hook', 'strap', 'underwire']"
3083,2026-09-07,quite the saga,"['fabrication', 'fish story', 'tall tale', 'yarn']"
3084,2026-09-08,candy bars plus a letter,"['doves', 'marsh', 'skort', 'twixt']"
3085,2026-09-08,___ heart,"['artichoke', 'purple', 'sacred', 'take to']"
3086,2026-09-08,features of a mime costume,"['beret', 'gloves', 'stripes', 'suspenders']"
3087,2026-09-08,classic american performance cars,"['corvette', 'firebird', 'mustang', 'viper']"
3088,2026-09-09,"words before ""force""","['brute', 'electromagnetic', 'g', 'task']"
3089,2026-09-09,horror movies,"['arachnophobia', 'halloween', 'it', 'saw']"
3090,2026-09-09,"words with ""small"" prefixes","['microbrewery', 'minivan', 'nanotechnology', 'picosecond']"
3091,2026-09-09,hard to understand,"['bewildering', 'esoteric', 'incomprehensible', 'opaque']"
3092,2026-09-10,"ending in synonyms for ""happening now""","['adult contemporary', 'alternating current', 'represent', 'sextant']"
3093,2026-09-10,bruce springsteen classics,"['atlantic city', 'badlands', 'born to run', 'thunder road']"
3094,2026-09-10,what you might see sticking out of a window,"['air conditioner', 'catio', 'clothesline', 'flower box']"
3095,2026-09-10,chemical elements,"['actinium', 'krypton', 'lead', 'sulfur']"
3096,2026-09-11,things that are pushed metaphorically,"['agenda', 'envelope', 'limits', 'luck']"
3097,2026-09-11,ways to practice self-care,"['exercise', 'journal', 'meditate', 'unplug']"
3098,2026-09-11,internalize,"['absorb', 'digest', 'process', 'take in']"
3099,2026-09-11,people hired for an event,"['band', 'florist', 'photographer', 'planner']"
3100,2026-09-12,___ alert,"['nerd', 'red', 'spoiler', 'weather']"
3101,2026-09-12,things that blink,"['cursor', 'eyelids', 'smoke detector', 'turn signal']"
3102,2026-09-12,people in an online forum,"['lurker', 'poster', 'spammer', 'troll']"
3103,2026-09-12,ways to personalize a car,"['bumper sticker', 'fuzzy dice', 'hood ornament', 'vanity plate']"
3104,2026-09-13,ending in elevated landforms,"['doublespeak', 'heathcliff', 'paramount', 'porridge']"
3105,2026-09-13,words that sound like two letters,"['empty', 'excess', 'kewpie', 'odie']"
3106,2026-09-13,u.s. presidents,"['cleveland', 'garfield', 'grant', 'madison']"
3107,2026-09-13,lacking in firmness,"['droopy', 'flaccid', 'sagging', 'slack']"
3108,2026-09-14,___grass,"['blue', 'crab', 'lemon', 'wheat']"
3109,2026-09-14,common single-use plastic items,"['bag', 'cutlery', 'stirrer', 'straw']"
3110,2026-09-14,informant,"['canary', 'rat', 'snitch', 'stoolie']"
3111,2026-09-14,waterbirds,"['coot', 'goose', 'loon', 'teal']"
3112,2026-09-15,things that appear at the end,"['caboose', 'december', 'dessert', 'epilogue']"
3113,2026-09-15,undercover operative,"['asset', 'mole', 'plant', 'sleeper']"
3114,2026-09-15,parts of a whistling kettle,"['handle', 'lid', 'spout', 'whistle']"
3115,2026-09-15,instruct,"['coach', 'direct', 'guide', 'train']"
3116,2026-09-16,sausages plus a letter,"['borat', 'clink', 'frank-n-furter', 'widener']"
3117,2026-09-16,poets' middle names,"['barrett', 'carlos', 'st. vincent', 'wadsworth']"
3118,2026-09-16,starting with u.s. coins,"['dimension', 'nickelodeon', 'pennywise', 'quarterback']"
3119,2026-09-16,ending in metal elements,"['latin', 'long john silver', 'marigold', 'steam iron']"
3120,2026-09-17,love ___,"['handles', 'language', 'tap', 'triangle']"
3121,2026-09-17,"hugh jackman movies, with ""the""","['fountain', 'prestige', 'sheep detectives', 'wolverine']"
3122,2026-09-17,things that are underground,"['mine shaft', 'sewer line', 'subway station', 'well']"
3123,2026-09-17,elasticity,"['bounce', 'flexibility', 'give', 'spring']"
3124,2026-09-18,___case,"['brief', 'pillow', 'stair', 'upper']"
3125,2026-09-18,parts of a flight,"['boarding', 'cruise', 'landing', 'takeoff']"
3126,2026-09-18,assortments of food/drink,"['flight', 'medley', 'platter', 'sampler']"
3127,2026-09-18,segment of a process,"['phase', 'round', 'stage', 'step']"
3128,2026-09-19,starting with abbreviated math functions,"['cos lettuce', 'log cabin', 'sin city', 'tan line']"
3129,2026-09-19,associated with swinging london in the 1960s,"['carnaby street', 'miniskirt', 'mod', 'twiggy']"
3130,2026-09-19,features of a kid's drawing,"['house', 'stick figure', 'sun', 'tree']"
3131,2026-09-19,widen one's scope,"['branch out', 'diversify', 'expand', 'grow']"
3132,2026-09-20,___boards you ride on,"['hover', 'skate', 'snow', 'surf']"
3133,2026-09-20,vampire movies,"['blade', 'near dark', 'sinners', 'twilight']"
3134,2026-09-20,associated with kentucky,"['bluegrass', 'bourbon', 'derby', 'fried chicken']"
3135,2026-09-20,round flat things,"['blu-ray', 'coaster', 'sand dollar', 'tortilla']"
3136,2026-09-21,starts of composers' names,"['beet', 'brah', 'chop', 'viva']"
3137,2026-09-21,chess verbs,"['capture', 'castle', 'check', 'mate']"
3138,2026-09-21,ways to attract fish,"['chum', 'fly', 'spinner', 'worm']"
3139,2026-09-21,email buttons,"['compose', 'drafts', 'sent', 'spam']"
3140,2026-09-22,beverages with acute accents removed,"['cafe', 'patron', 'rose', 'the']"
3141,2026-09-22,options on a multiple choice survey,"['agree', 'disagree', 'neutral', 'other']"
3142,2026-09-22,embellishment,"['accent', 'detail', 'flourish', 'touch']"
3143,2026-09-22,demonstratives,"['that', 'these', 'this', 'those']"
3144,2026-09-23,"ending in synonyms for ""term""","['bitcoin', 'record label', 'rub-a-dub', 'suriname']"
3145,2026-09-23,things that come in cans,"['condensed milk', 'paint', 'shaving cream', 'spam']"
3146,2026-09-23,website hurdles,"['age verification', 'captcha', 'cookie consent', 'paywall']"
3147,2026-09-23,things you grab before leaving the house,"['keys', 'phone', 'sunglasses', 'wallet']"
3148,2026-09-24,anagrams,"['beer hat', 'breathe', 'herb tea', 'the bear']"
3149,2026-09-24,featuring pointing,"['creation of adam', 'foam finger', ""i'm with stupid shirt"", 'uncle sam']"
3150,2026-09-24,things with spring/s,"['bobblehead', 'pogo stick', 'snakes in a can', 'trampoline']"
3151,2026-09-24,parts of a vampire costume,"['cape', 'face paint', 'fake blood', 'fangs']"
3152,2026-09-25,taxonomic ranks plus a letter,"['border', 'classy', 'foamily', 'genius']"
3153,2026-09-25,famous dans,"['aykroyd', 'levy', 'rather', 'savage']"
3154,2026-09-25,parts of a mechanical clock,"['escapement', 'pendulum', 'ratchet', 'spring']"
3155,2026-09-25,luxe,"['bougie', 'fancy', 'posh', 'swank']"
3156,2026-09-26,"""cool"" things, in expressions","['beans', 'cat', 'cucumber', 'customer']"
3157,2026-09-26,features of wood,"['burl', 'grain', 'knots', 'rings']"
3158,2026-09-26,things done to a dress shirt at the laundry,"['fold', 'press', 'starch', 'wash']"
3159,2026-09-26,breath fresheners,"['gum', 'mint', 'mouthwash', 'spray']"
3160,2026-09-27,ending in chinese dynasties,"['bbqing', 'homing', 'lohan', 'wu-tang']"
3161,2026-09-27,telecom,"['carrier', 'network', 'operator', 'provider']"
3162,2026-09-27,restaurant seating options,"['banquette', 'booth', 'chair', 'stool']"
3163,2026-09-27,sculpture media,"['bronze', 'clay', 'marble', 'plaster']"
3164,2026-09-28,three letters plus repeated trigrams,"['arkansans', 'chihuahua', 'possesses', 'springing']"
3165,2026-09-28,dodge models,"['challenger', 'charger', 'durango', 'viper']"
3166,2026-09-28,oyster condiments,"['horseradish', 'lemon', 'mignonette', 'tabasco']"
3167,2026-09-28,things with stalks,"['bamboo', 'celery', 'corn', 'wheat']"
3168,2026-09-29,phrases hiding greek letters,"['freeze tag', 'home game', 'model tank', 'oral phase']"
3169,2026-09-29,first words of pixar films,"['finding', 'inside', 'monsters', 'toy']"
3170,2026-09-29,river features,"['delta', 'drainage basin', 'mouth', 'stream bed']"
3171,2026-09-29,secluded,"['hidden', 'remote', 'secret', 'tucked away']"
3172,2026-09-30,starting with month abbreviations,"['decent', 'novelty', 'octopussy', 'septum']"
3173,2026-09-30,gangster movies,"['bugsy', 'casino', 'donnie brasco', 'scarface']"
3174,2026-09-30,things that are shaken (not stirred),"['etch a sketch', 'martini', 'spray paint', 'tambourine']"
3175,2026-09-30,securities,"['bond', 'future', 'option', 'stock']"
3176,2026-10-01,starts of nyt print puzzles,"['acro', 'cross', 'ken', 'sud']"
3177,2026-10-01,"2000s indie rock bands, with ""the""","['decemberists', 'national', 'shins', 'walkmen']"
3178,2026-10-01,dress shirt measurements,"['chest', 'neck', 'sleeve', 'waist']"
3179,2026-10-01,put,"['place', 'position', 'situate', 'stick']"
3180,2026-10-02,prime ___,"['number', 'real estate', 'rib', 'time']"
3181,2026-10-02,customary,"['common', 'routine', 'standard', 'stock']"
3182,2026-10-02,fingers,"['index', 'little', 'middle', 'ring']"
3183,2026-10-02,finance,"['back', 'bankroll', 'fund', 'support']"
3184,2026-10-03,ending in fantasy creatures,"['diet sprite', 'merv griffin', 'ny giant', 'river phoenix']"
3185,2026-10-03,starting with u.s. museums,"['broad bean', 'getty images', 'met halfway', 'whitney houston']"
3186,2026-10-03,ending in musicals,"['elbow grease', 'fat cats', 'linda hamilton', 'something wicked']"
3187,2026-10-03,"starting with terms for ""toilet""","['can opener', 'head waiter', 'john denver', 'w.c. fields']"
3188,2026-10-04,silent ___,"['auction', 'film', 'partner', 'treatment']"
3189,2026-10-04,parts of a judge costume,"['collar', 'gavel', 'robe', 'wig']"
3190,2026-10-04,table tennis needs,"['ball', 'net', 'paddle', 'table']"
3191,2026-10-04,considerable amount,"['bunch', 'heap', 'lot', 'stack']"
3192,2026-10-05,ending in ways to temporarily acquire,"['parent', 'please', 'sapphire', 'sloan']"
3193,2026-10-05,kinds of boards,"['advisory', 'chess', 'ironing', 'message']"
3194,2026-10-05,adjectives for mature content,"['explicit', 'graphic', 'strong', 'suggestive']"
3195,2026-10-05,calm,"['content', 'peaceful', 'placid', 'serene']"
3196,2026-10-06,ending in talents,"['catskill', 'knickknack', 'pianoforte', 'stability']"
3197,2026-10-06,___ inn hotels,"['comfort', 'days', 'hampton', 'holiday']"
3198,2026-10-06,kinds of chairs,"['adirondack', 'eames', 'windsor', 'wingback']"
3199,2026-10-06,"financial firms, for short","['berkshire', 'citi', 'goldman', 'merrill']"
3200,2026-06-29,ending in parts of a tree,"['embark', 'groot', 'nudibranch', 'strunk']"
3201,2026-06-29,parts of a speaker,"['cabinet', 'cone', 'magnet', 'woofer']"
3202,2026-06-29,consume with gusto,"['crush', 'guzzle', 'inhale', 'snarf']"
3203,2026-06-29,old timey troublemakers,"['miscreant', 'rogue', 'ruffian', 'scoundrel']"
3204,2026-06-30,"what ""draft"" might refer to","['breeze', 'on tap', 'recruit', 'sketch']"
3205,2026-06-30,common recyclables,"['bottle', 'box', 'can', 'newspaper']"
3206,2026-06-30,participate in some winter olympics,"['curl', 'luge', 'skate', 'ski']"
3207,2026-06-30,dividing structures,"['fence', 'gate', 'hedge', 'wall']"
3208,2026-07-01,starting with countries,"['dominican republic', 'guinea-bissau', 'indianapolis', 'nigeria']"
3209,2026-07-01,places in cocktail names,"['cuba', 'long island', 'moscow', 'singapore']"
3210,2026-07-01,best picture winners/nominees,"['casablanca', 'chicago', 'fargo', 'munich']"
3211,2026-07-01,things named after places,"['champagne', 'china', 'cologne', 'limerick']"
3212,2026-07-02,starting with sports venues,"['court jester', 'diamond ring', 'field mouse', 'track record']"
3213,2026-07-02,starting with nicknames,"['billy goat', 'dan dan noodles', 'rich text', 'tom-tom']"
3214,2026-07-02,old-timey names for things we still use,"['looking glass', 'spectacles', 'talkie', 'water closet']"
3215,2026-07-02,they impersonate other things,"['copycat', 'mime', 'mockingbird', 't-1000']"
3216,2026-07-03,"what things pronounced ""t"" might refer to","['golf accessory', 'gossip', 'hot drink', 'shirt']"
3217,2026-07-03,bad things to give someone,"['cold shoulder', 'dirty look', 'hard time', 'runaround']"
3218,2026-07-03,retro expressions of approval,"['cool beans', 'far out', 'groovy', 'right on']"
3219,2026-07-03,positive feelings,"['bliss', 'felicity', 'happiness', 'warm fuzzies']"
3220,2026-07-04,sweet ___,"['dreams', 'nothings', 'pea', 'spot']"
3221,2026-07-04,tropical drinks,"['hurricane', 'painkiller', 'scorpion', 'zombie']"
3222,2026-07-04,kinds of poems,"['ballad', 'epic', 'ode', 'villanelle']"
3223,2026-07-04,persist,"['continue', 'last', 'linger', 'stay']"
3224,2026-07-05,"what ""w"" might stand for","['tungsten', 'west', 'win', 'with']"
3225,2026-07-05,amex card types,"['centurion', 'gold', 'green', 'platinum']"
3226,2026-07-05,payment methods,"['card', 'cash', 'check', 'wire']"
3227,2026-07-05,granola ingredients,"['honey', 'nuts', 'oats', 'seeds']"
3228,2026-07-06,starting with dating apps,"['bumblebee', 'grind rail', 'matcha', 'tinderbox']"
3229,2026-07-06,acme products used by wile e. coyote,"['earthquake pills', 'iron bird seed', 'rocket skates', 'tnt']"
3230,2026-07-06,science fair model subjects,"['atom', 'dna', 'solar system', 'volcano']"
3231,2026-07-06,stunning news,"['bombshell', 'revelation', 'shocker', 'thunderbolt']"
3232,2026-07-07,"ending in ""sesame street"" characters","['bernie', 'colbert', 'discount', 'san anselmo']"
3233,2026-07-07,___ twist,"['french', 'lemon', 'oliver', 'plot']"
3234,2026-07-07,student-athlete designations,"['all-american', 'jock', 'letterman', 'team captain']"
3235,2026-07-07,rooms in clue,"['conservatory', 'hall', 'kitchen', 'study']"
3236,2026-07-08,house of ___,"['cards', 'lords', 'wax', 'worship']"
3237,2026-07-08,guitar-playing techniques,"['pick', 'pluck', 'strum', 'tap']"
3238,2026-07-08,motif,"['drift', 'plot', 'theme', 'thread']"
3239,2026-07-08,cut into thin pieces,"['grate', 'plane', 'shave', 'sliver']"
3240,2026-07-09,pontiac models,"['firebird', 'g6', 'grand prix', 'trans am']"
3241,2026-07-09,kinds of rugs,"['persian', 'prayer', 'shag', 'throw']"
3242,2026-07-09,music publications,"['billboard', 'pitchfork', 'rolling stone', 'spin']"
3243,2026-07-09,non-alcoholic designators,"['na', 'spirit-free', 'virgin', 'zero-proof']"
3244,2026-07-10,starting with baseball calls,"['ball gown', 'outkast', 'safe mode', 'strike a pose']"
3245,2026-07-10,'80s synth-pop bands,"['depeche mode', 'erasure', 'new order', 'pet shop boys']"
3246,2026-07-10,dessert menu descriptors,"['decadent', 'fresh-baked', 'molten', 'à la mode']"
3247,2026-07-10,smartphone settings,"['airplane mode', 'do not disturb', 'hotspot', 'location services']"
3248,2026-07-11,double letters appearing in that letter's alphabetical position,"['aardvark', 'bocce', 'ebbing', 'twiddle']"
3249,2026-07-11,"""toy story"" characters","['bo peep', 'jessie', 'slinky', 'woody']"
3250,2026-07-11,"undisturbed, as water","['calm', 'flat', 'glassy', 'still']"
3251,2026-07-11,circus equipment,"['cannon', 'stilts', 'trapeze', 'unicycle']"
3252,2026-07-12,starts of u.s. capitals,"['den', 'mad', 'pho', 'sac']"
3253,2026-07-12,verbs in a college life slogan,"['party', 'repeat', 'sleep', 'study']"
3254,2026-07-12,bit of fruit-flavored candy,"['dot', 'nerd', 'runt', 'spree']"
3255,2026-07-12,reproductive part of fruit,"['pip', 'pit', 'seed', 'stone']"
3256,2026-07-13,starting with smooches,"['bussin', 'kisser', 'peckish', 'smackdown']"
3257,2026-07-13,fictional cats,"['figaro', 'puss', 'salem', 'tom']"
3258,2026-07-13,things with handles,"['bucket', 'drawer', 'mug', 'umbrella']"
3259,2026-07-13,interrogate,"['examine', 'grill', 'pump', 'question']"
3260,2026-07-14,symbolized with arrows,"['recycling', 'shuffle', 'this side up', 'u-turn']"
3261,2026-07-14,kinds of baskets,"['easter', 'grocery', 'laundry', 'picnic']"
3262,2026-07-14,edit menu options,"['copy', 'cut', 'delete', 'paste']"
3263,2026-07-14,contract,"['agreement', 'bargain', 'deal', 'understanding']"
3264,2026-07-15,"words before ""room"" to indicate extra space","['breathing', 'elbow', 'head', 'wiggle']"
3265,2026-07-15,kinds of sports,"['extreme', 'motor', 'racket', 'water']"
3266,2026-07-15,things with laces,"['baseball glove', 'corset', 'football', 'shoe']"
3267,2026-07-15,terms for the legal system,"['bar', 'bench', 'court', 'tribunal']"
3268,2026-07-16,starting with tiny marks,"['dot matrix', 'period piece', 'point break', 'spot remover']"
3269,2026-07-16,associated with precision,"['bullseye', 'clockwork', 'laser', 'needle']"
3270,2026-07-16,shades of black,"['charcoal', 'ink', 'jet', 'pitch']"
3271,2026-07-16,skincare products,"['clay mask', 'eye cream', 'peel', 'toner']"
3272,2026-07-17,ending in parts of a car,"['plot spoiler', 'robin hood', 'satires', 'tree trunk']"
3273,2026-07-17,four groups of four,"['cardinal directions', 'classical elements', 'seasons', 'suits']"
3274,2026-07-17,seen in an arcade,"['crane game', 'pinball', 'tickets', 'tokens']"
3275,2026-07-17,grand finale,"['epilogue', 'farewell', 'last dance', 'swan song']"
3276,2026-07-18,"words after ""pop""","['culture', 'fly', 'quiz', 'tart']"
3277,2026-07-18,things tracked in video games,"['health', 'lives', 'score', 'time']"
3278,2026-07-18,belief,"['attitude', 'mind', 'opinion', 'view']"
3279,2026-07-18,commit a basketball violation,"['carry', 'double dribble', 'goaltend', 'travel']"
3280,2026-07-19,___ face expressions,"['game', 'long', 'poker', 'straight']"
3281,2026-07-19,things toilets do,"['drain', 'flush', 'refill', 'swirl']"
3282,2026-07-19,digital coupling verbs,"['connect', 'join', 'pair', 'sync']"
3283,2026-07-19,circuit components,"['breaker', 'fuse', 'relay', 'switch']"
3284,2026-07-20,starting with alcoholic beverages,"['alexa', 'meadow', 'portobello', 'sakes']"
3285,2026-07-20,associated with pearls,"['bubble tea', 'oyster', 'swine', 'wisdom']"
3286,2026-07-20,things to click,"['button', 'icon', 'link', 'menu']"
3287,2026-07-20,announce,"['blare', 'herald', 'sound', 'trumpet']"
3288,2026-07-21,tele___,"['gram', 'kinesis', 'prompter', 'vision']"
3289,2026-07-21,elements of a musical,"['book', 'lyrics', 'music', 'orchestration']"
3290,2026-07-21,software downloads,"['app', 'driver', 'extension', 'plugin']"
3291,2026-07-21,kinds of tops,"['crop', 'halter', 'tank', 'tube']"
3292,2026-07-22,features of a zebra,"['hooves', 'mane', 'tail', 'white stripes']"
3293,2026-07-22,platform-specific posts,"['pins', 'snaps', 'tweets', 'vines']"
3294,2026-07-22,on a golf scorecard,"['hole', 'par', 'score', 'strokes']"
3295,2026-07-22,symptoms of an allergic reaction,"['hives', 'itching', 'rash', 'redness']"
3296,2026-07-23,ending in geometry terms,"['appoint', 'deplane', 'feline', 'jangle']"
3297,2026-07-23,parts of an airport,"['apron', 'hangar', 'runway', 'terminal']"
3298,2026-07-23,in an anxious state,"['excited', 'febrile', 'frenetic', 'intense']"
3299,2026-07-23,spherical things,"['baseball', 'globe', 'marble', 'orange']"
3300,2026-07-24,homophones of religious roles,"['canter', 'fryer', 'llama', 'none']"
3301,2026-07-24,"bring to mind, as a memory","['jog', 'prompt', 'refresh', 'spark']"
3302,2026-07-24,outcomes for a batter,"['home run', 'single', 'strikeout', 'walk']"
3303,2026-07-24,talk at length,"['babble', 'drone', 'ramble', 'yak']"
3304,2026-07-25,strip ___,"['club', 'mall', 'poker', 'steak']"
3305,2026-07-25,african currencies,"['kwanza', 'leone', 'naira', 'rand']"
3306,2026-07-25,"start to cry, with ""up""","['choke', 'mist', 'tear', 'well']"
3307,2026-07-25,spanish relatives,"['abuela', 'hijo', 'madre', 'primo']"
3308,2026-07-26,"what ""shell"" might refer to","['carapace', 'gas station', 'pastry crust', 'rowing boat']"
3309,2026-07-26,expressions for rain,"['april showers', 'liquid sunshine', 'scotch mist', 'wet weather']"
3310,2026-07-26,outmoded consumer tech,"['blackberry', 'discman', 'dvd player', 'plasma tv']"
3311,2026-07-26,baby milestones,"['crawling', 'first words', 'rolling over', 'solid food']"
3312,2026-07-27,icons on a shopping site,"['bell', 'cart', 'heart', 'magnifying glass']"
3313,2026-07-27,kinds of shifts,"['doppler', 'graveyard', 'paradigm', 'stick']"
3314,2026-07-27,long tapered things,"['carrot', 'icicle', 'knitting needle', 'stalactite']"
3315,2026-07-27,gymnastics apparatus,"['beam', 'horse', 'rings', 'vault']"
3316,2026-07-28,starting with palindromic names,"['annapolis', 'bobsled', 'everest', 'ottoman']"
3317,2026-07-28,"shoe brands starting with ""c""","['camper', 'clarks', 'converse', 'crocs']"
3318,2026-07-28,how do you like them apples,"['empire', 'fuji', 'gala', 'honeycrisp']"
3319,2026-07-28,command,"['captain', 'direct', 'head', 'lead']"
3320,2026-07-29,___boards in a classroom,"['black', 'chalk', 'cork', 'white']"
3321,2026-07-29,units of wisdom,"['gem', 'nugget', 'pearl', 'word']"
3322,2026-07-29,nondescript,"['basic', 'mid', 'plain', 'vanilla']"
3323,2026-07-29,fasteners,"['nail', 'rivet', 'screw', 'staple']"
3324,2026-07-30,"on the ___, to mean ""precise""","['dot', 'mark', 'money', 'nose']"
3325,2026-07-30,cruise lines,"['carnival', 'celebrity', 'princess', 'viking']"
3326,2026-07-30,activities with multiple balls,"['beer pong', 'bingo', 'juggling', 'pool']"
3327,2026-07-30,virtuous,"['fair', 'good', 'just', 'right']"
3328,2026-07-31,starting with merriments,"['cheerios', 'fungus', 'gleek', 'joystick']"
3329,2026-07-31,fruits plus starting letter,"['dapple', 'jdate', 'slime', 'spear']"
3330,2026-07-31,super mario figures,"['dinosaur', 'mushroom', 'plumber', 'princess']"
3331,2026-07-31,construct,"['fashion', 'model', 'mold', 'shape']"
3332,2026-08-01,starting with bread shapes,"['boulevard', 'bundle', 'loafer', 'rolls-royce']"
3333,2026-08-01,perform some hole machining operations,"['bore', 'countersink', 'drill', 'ream']"
3334,2026-08-01,oscar-winning actors since 2010,"['bale', 'jordan', 'phoenix', 'waltz']"
3335,2026-08-01,bedding,"['comforter', 'sham', 'sheet', 'throw']"
3336,2026-08-02,u.s. airport codes plus starting letter,"['asea', 'flax', 'lord', 'olga']"
3337,2026-08-02,___ mode,"['airplane', 'beast', 'dark', 'à la']"
3338,2026-08-02,by means of,"['by', 'per', 'through', 'via']"
3339,2026-08-02,filler words,"['actually', 'like', 'so', 'well']"
3340,2026-08-03,"starting with synonyms for ""pester""","['bug fix', 'nag champa', 'needless', 'tea set']"
3341,2026-08-03,"""y"" is the only vowel","['fly by', 'myrrh', 'nsync', 'rhythm']"
3342,2026-08-03,shades of green,"['forest', 'hunter', 'mint', 'sage']"
3343,2026-08-03,road less traveled,"['alley', 'backstreet', 'byway', 'lane']"
3344,2026-08-04,v-shaped things,"['angle bracket', 'chevron', 'goose formation', 'peace sign']"
3345,2026-08-04,things with pedals,"['piano', 'sewing machine', 'swan boat', 'unicycle']"
3346,2026-08-04,iconic nyc sights,"['bodega', 'pigeon', 'subway station', 'taxi cab']"
3347,2026-08-04,long cylindrical things,"['cigarette', 'foam roller', 'pool noodle', 'pretzel rod']"
3348,2026-08-05,"what ""stock"" might refer to","['broth', 'cattle', 'investment', 'merchandise']"
3349,2026-08-05,house styles,"['cape cod', 'mission', 'ranch', 'tudor']"
3350,2026-08-05,jeans brands,"['diesel', 'gap', 'lucky', 'wrangler']"
3351,2026-08-05,navigate,"['drive', 'maneuver', 'pilot', 'steer']"
3352,2026-08-06,places with nets,"['barclays center', 'fishing boat', 'hockey rink', 'tennis court']"
3353,2026-08-06,iconic roman landmarks,"['colosseum', 'pantheon', 'spanish steps', 'trevi fountain']"
3354,2026-08-06,places with lanes,"['bowling alley', 'freeway', 'supermarket', 'swimming pool']"
3355,2026-08-06,classic wooden toys,"['alphabet blocks', 'cup-and-ball', ""jacob's ladder"", 'lincoln logs']"
3356,2026-08-07,starting with male animals,"['buckyball', 'jackpot', 'rambo', 'tomatillo']"
3357,2026-08-07,parts of an elevator,"['buttons', 'cables', 'motor', 'shaft']"
3358,2026-08-07,cold things,"['liquid nitrogen', 'refrigerator', 'snow', 'sundae']"
3359,2026-08-07,components of a candle,"['fragrance', 'jar', 'wax', 'wick']"
3360,2026-08-08,safety ___,"['belt', 'goggles', 'pin', 'razor']"
3361,2026-08-08,words abbreviated with letters as homophones,"['cutie', 'easy', 'effects', 'i owe you']"
3362,2026-08-08,convey,"['couch', 'express', 'frame', 'phrase']"
3363,2026-08-08,quaint expressions of excitement,"['hot dog', 'hurrah', 'whoopee', 'yahoo']"
3364,2026-08-09,things people try to get out of,"['bad dream', 'escape room', 'jury duty', 'labyrinth']"
3365,2026-08-09,movie subgenres,"['buddy cop', 'neo-noir', 'space opera', 'spaghetti western']"
3366,2026-08-09,classic children's books,"['caps for sale', 'corduroy', 'goodnight moon', 'madeline']"
3367,2026-08-09,take a different approach,"['change tack', 'course-correct', 'recalibrate', 'shift gears']"
3368,2026-08-10,famous goatees,"['billy goat', 'colonel sanders', 'doctor strange', 'the devil']"
3369,2026-08-10,sections on an invoice,"['balance due', 'bill to', 'order number', 'unit price']"
3370,2026-08-10,ways to receive event tickets,"['mail delivery', 'mobile ticket', 'print-at-home', 'will call']"
3371,2026-08-10,haphazardly,"['any old how', 'at random', 'helter-skelter', 'willy-nilly']"
3372,2026-08-11,homophones of facial features,"['aye', 'hare', 'knows', 'tung']"
3373,2026-08-11,words in an auctioneer's chant,"['going', 'once', 'sold', 'twice']"
3374,2026-08-11,basic cable channels,"['bet', 'bravo', 'history', 'usa']"
3375,2026-08-11,doomed,"['done', 'sunk', 'through', 'toast']"
3376,2026-08-12,starting with affirmative responses,"['fine print', 'goodbye', 'great white', 'okayama']"
3377,2026-08-12,nbc sitcom surnames,"['benes', 'bing', 'lemon', 'scott']"
3378,2026-08-12,kinds of frogs,"['bull', 'green', 'poison dart', 'tree']"
3379,2026-08-12,"hold onto, as a feeling","['foster', 'harbor', 'maintain', 'nurse']"
3380,2026-08-13,"""cold"" things, in idioms","['comfort', 'feet', 'shoulder', 'turkey']"
3381,2026-08-13,airline status perks,"['checked bags', 'lounge', 'miles', 'upgrade']"
3382,2026-08-13,move slowly (up to),"['creep', 'ease', 'edge', 'inch']"
3383,2026-08-13,persevere,"['carry on', 'continue', 'make it', 'persist']"
3384,2026-08-14,triangle logos,"['bass ale', 'citgo', 'delta airlines', 'google drive']"
3385,2026-08-14,comic book artist's tools,"['bristol board', 'dip pen', 'india ink', 'straightedge']"
3386,2026-08-14,places where everyone thinks the same ways,"['bubble', 'echo chamber', 'hivemind', 'silo']"
3387,2026-08-14,black-and-yellow,"['bumblebee', 'caution tape', 'charlie brown', 'wolverine']"
3388,2026-08-15,ending in synonyms for follow secretly,"['beanstalk', 'eyeshadow', 'hightail', 'soundtrack']"
3389,2026-08-15,ending in units of length,"['chamomile', 'grinch', 'hotfoot', 'lanyard']"
3390,2026-08-15,segment,"['leg', 'phase', 'stage', 'stretch']"
3391,2026-08-15,exhausted,"['beat', 'fried', 'spent', 'worn out']"
3392,2026-08-16,descriptors for our human ancestors,"['from neander', 'handy', 'upright', 'wise']"
3393,2026-08-16,family relationship modifiers,"['grand', 'great', 'half', 'step']"
3394,2026-08-16,participant,"['actor', 'agent', 'party', 'player']"
3395,2026-08-16,musical performance,"['concert', 'gig', 'set', 'show']"
3396,2026-08-17,starting with pets,"['birdie', 'cattle', 'dogie', 'fisheye']"
3397,2026-08-17,first names of country music legends,"['dolly', 'johnny', 'patsy', 'willie']"
3398,2026-08-17,spreadsheet features,"['formula', 'function', 'macro', 'script']"
3399,2026-08-17,video call platforms,"['huddle', 'meet', 'teams', 'zoom']"
3400,2026-08-18,things that are gritty,"['cowboy coffee', 'film noir', 'flyers mascot', 'sandpaper']"
3401,2026-08-18,things that are orange,"['basketball', 'orangutan', 'sweet potato', 'traffic cone']"
3402,2026-08-18,pjs,"['petroleum jelly', 'poetic justice', 'practical joke', 'private jet']"
3403,2026-08-18,seen at a movie premiere,"['limousine', 'paparazzi', 'red carpet', 'velvet rope']"
3404,2026-08-19,homophones of cgi-animated films,"['ants', 'cocoa', 'rheo', 'seoul']"
3405,2026-08-19,"words before ""ball"" in sport names","['base', 'basket', 'foot', 'pickle']"
3406,2026-08-19,conceal,"['blanket', 'hide', 'mask', 'obscure']"
3407,2026-08-19,piece of cake,"['breeze', 'cinch', 'picnic', 'snap']"
3408,2026-08-20,starting with chinese zodiac animals,"['dragonfly', 'oxford', 'pigment', 'ratchet']"
3409,2026-08-20,similarly shaped typographical marks,"['apostrophe', 'cedilla', 'comma', 'okina']"
3410,2026-08-20,kinds of numbers,"['atomic', 'serial', 'social security', 'telephone']"
3411,2026-08-20,kinds of pizza,"['diavola', 'hawaiian', 'meat lovers', 'white']"
3412,2026-08-21,once in a ___,"['blue moon', 'generation', 'lifetime', 'while']"
3413,2026-08-21,___ kids,"['comeback', 'karate', 'sundance', 'wimpy']"
3414,2026-08-21,calls to begin a performance,"['action', 'curtain up', 'places', 'showtime']"
3415,2026-08-21,things most animals need,"['nutrition', 'oxygen', 'sleep', 'water']"
3416,2026-08-22,___ girls of pop culture,"['gilmore', 'golden', 'mean', 'spice']"
3417,2026-08-22,garden hose settings,"['cone', 'jet', 'mist', 'shower']"
3418,2026-08-22,kinds of melon,"['bitter', 'musk', 'water', 'winter']"
3419,2026-08-22,carpentry tools,"['chisel', 'hammer', 'plane', 'saw']"
3420,2026-08-23,household stain removers,"['baking soda', 'club soda', 'hydrogen peroxide', 'vinegar']"
3421,2026-08-23,made with potatoes,"['home fries', 'potato battery', 'vischyssoise', 'vodka']"
3422,2026-08-23,double vowels,"['antifreeze', 'bazaar', 'skiing', 'vacuum']"
3423,2026-08-23,potentially explosive things,"['powder keg', 'time bomb', 'tinderbox', 'volcano']"
3424,2026-08-24,letter homophone plus tennis term,"['beset', 'deserve', 'ex-love', 'eyelet']"
3425,2026-08-24,pro-wrestling lingo,"['face', 'heel', 'jobber', 'kayfabe']"
3426,2026-08-24,principal,"['arch', 'chief', 'main', 'prime']"
3427,2026-08-24,fish,"['mullet', 'pike', 'sole', 'tang']"
3428,2026-08-25,ending in ice cream orders,"['harlem shake', 'inside scoop', 'lickety-split', 'traffic cone']"
3429,2026-08-25,"stephen king film adaptations, with ""the""","['green mile', 'long walk', 'running man', 'shawshank redemption']"
3430,2026-08-25,sci-fi phenomena,"['hyperspace', 'parallel universe', 'teleportation', 'time warp']"
3431,2026-08-25,surface-level,"['cosmetic', 'one-dimensional', 'skin-deep', 'superficial']"
3432,2026-08-26,key ___,"['chain', 'largo', 'lime', 'signature']"
3433,2026-08-26,"what ""p"" might stand for","['page', 'park', 'phosphorus', 'piano']"
3434,2026-08-26,knack,"['forte', 'gift', 'strength', 'talent']"
3435,2026-08-26,"""there you have it!""","['behold', 'presto', 'shazam', 'voilà']"
3436,2026-08-27,music genre plus starting letter,"['brock', 'nemo', 'spunk', 'wrap']"
3437,2026-08-27,shades of gray,"['ash', 'dove', 'pewter', 'slate']"
3438,2026-08-27,moved to tears,"['choked up', 'emotional', 'misty', 'overcome']"
3439,2026-08-27,electric things,"['electric eel', 'lightning', 'live wire', 'pikachu']"
3440,2026-08-28,top of the ___,"['hour', 'line', 'morning', 'pops']"
3441,2026-08-28,modern add-ons/combining forms,"['bro', 'coded', 'era', 'maxxing']"
3442,2026-08-28,palindromes,"['mom', 'noon', 'sis', 'top spot']"
3443,2026-08-28,bedtime parting words,"['night', 'rest easy', 'sleep tight', 'sweet dreams']"
3444,2026-08-29,starting with figures from greek myth,"['at last', 'herald', 'hydrant', 'tritone']"
3445,2026-08-29,keyboard keys,"['control', 'escape', 'shift', 'space']"
3446,2026-08-29,kinds of salad,"['chopped', 'greek', 'house', 'wedge']"
3447,2026-08-29,under the hood of a car,"['alternator', 'battery', 'engine', 'radiator']"
3448,2026-08-30,words on an old west wanted poster,"['alias', 'outlaw', 'reward', 'wanted']"
3449,2026-08-30,brands with bunny rabbit mascots,"['cadbury', 'energizer', 'playboy', 'trix']"
3450,2026-08-30,wine accessories,"['aerator', 'corkscrew', 'decanter', 'stopper']"
3451,2026-08-30,exercise facilities,"['gymnasium', 'health club', 'rec center', 'ymca']"
3452,2026-08-31,___ bowl,"['dust', 'poke', 'salad', 'super']"
3453,2026-08-31,historical sovereign titles,"['caliph', 'khan', 'pharaoh', 'shogun']"
3454,2026-08-31,warnings on a shipping box,"['fragile', 'heavy', 'perishable', 'this side up']"
3455,2026-08-31,things that come in tubes,"['lipstick', 'poster', 'tennis balls', 'toothpaste']"
3456,2026-09-01,starting with words of intention,"['aimee mann', 'hope diamond', 'planetarium', 'wishy-washy']"
3457,2026-09-01,private investigators of fiction,"['hercule poirot', 'mike hammer', 'sam spade', 'sherlock holmes']"
3458,2026-09-01,"long, skinny things often seen together","['arrow', 'golf club', 'pick-up stick', 'spaghetto']"
3459,2026-09-01,"""i promise!""","['cross my heart', 'for real', 'on god', 'pinky swear']"
3460,2026-09-02,___ dogs (that aren't dogs),"['corn', 'prairie', 'salty', 'top']"
3461,2026-09-02,___ dogs (that are dogs),"['hunting', 'rescue', 'sausage', 'sheep']"
3462,2026-09-02,things in a violin case,"['bow', 'mute', 'rosin', 'shoulder rest']"
3463,2026-09-02,flabbergast,"['dazzle', 'floor', 'stun', 'wow']"
3464,2026-09-03,spreadsheet functions,"['average', 'count', 'max', 'sum']"
3465,2026-09-03,toy car brands,"['hot wheels', 'matchbox', 'micro machines', 'tonka']"
3466,2026-09-03,shades of red,"['carmine', 'cinnabar', 'maroon', 'vermillion']"
3467,2026-09-03,two shakes of a lamb's tail,"['blink', 'flash', 'heartbeat', 'trice']"
3468,2026-09-04,accessories inside starting and ending letters,"['cringy', 'opine', 'stied', ""that's""]"
3469,2026-09-04,kinds of eels,"['conger', 'gulper', 'moray', 'ribbon']"
3470,2026-09-04,food whose name is two foods,"['cake donut', 'candy corn', 'cherry tomato', 'pizza pie']"
3471,2026-09-04,spherical things,"['bowling ball', 'eye', 'moon', 'orange']"
3472,2026-09-05,desserts minus last letter,"['cobble', 'pi', 'tar', 'tort']"
3473,2026-09-05,___head,"['bobble', 'hammer', 'jug', 'sleepy']"
3474,2026-09-05,bird onomatopoeia,"['coo', 'gobble', 'honk', 'warble']"
3475,2026-09-05,move unsteadily,"['sway', 'toddle', 'totter', 'wobble']"
3476,2026-09-06,ending with ways to carve a surface,"['court scribe', ""director's cut"", 'pizza slice', 'sat score']"
3477,2026-09-06,abbreviations followed by redundant word,"['atm machine', 'lcd display', 'pin number', 'upc code']"
3478,2026-09-06,places to insert something into on a computer,"['card slot', 'headphone jack', 'optical drive', 'usb port']"
3479,2026-09-06,unrestricted permission,"['blank check', 'carte blanche', 'free reign', 'full authority']"
3480,2026-09-07,starting with disney characters,"['plutonium', 'scar tissue', 'stitch marker', 'trampoline']"
3481,2026-09-07,associated with pine trees,"['car air freshener', 'christmas', 'needles', 'turpentine']"
3482,2026-09-07,parts of a bra,"['cup', 'hook', 'strap', 'underwire']"
3483,2026-09-07,quite the saga,"['fabrication', 'fish story', 'tall tale', 'yarn']"
3484,2026-09-08,candy bars plus a letter,"['doves', 'marsh', 'skort', 'twixt']"
3485,2026-09-08,___ heart,"['artichoke', 'purple', 'sacred', 'take to']"
3486,2026-09-08,features of a mime costume,"['beret', 'gloves', 'stripes', 'suspenders']"
3487,2026-09-08,classic american performance cars,"['corvette', 'firebird', 'mustang', 'viper']"
3488,2026-09-09,"words before ""force""","['brute', 'electromagnetic', 'g', 'task']"
3489,2026-09-09,horror movies,"['arachnophobia', 'halloween', 'it', 'saw']"
3490,2026-09-09,"words with ""small"" prefixes","['microbrewery', 'minivan', 'nanotechnology', 'picosecond']"
3491,2026-09-09,hard to understand,"['bewildering', 'esoteric', 'incomprehensible', 'opaque']"
3492,2026-09-10,"ending in synonyms for ""happening now""","['adult contemporary', 'alternating current', 'represent', 'sextant']"
3493,2026-09-10,bruce springsteen classics,"['atlantic city', 'badlands', 'born to run', 'thunder road']"
3494,2026-09-10,what you might see sticking out of a window,"['air conditioner', 'catio', 'clothesline', 'flower box']"
3495,2026-09-10,chemical elements,"['actinium', 'krypton', 'lead', 'sulfur']"
3496,2026-09-11,things that are pushed metaphorically,"['agenda', 'envelope', 'limits', 'luck']"
3497,2026-09-11,ways to practice self-care,"['exercise', 'journal', 'meditate', 'unplug']"
3498,2026-09-11,internalize,"['absorb', 'digest', 'process', 'take in']"
3499,2026-09-11,people hired for an event,"['band', 'florist', 'photographer', 'planner']"
3500,2026-09-12,___ alert,"['nerd', 'red', 'spoiler', 'weather']"
3501,2026-09-12,things that blink,"['cursor', 'eyelids', 'smoke detector', 'turn signal']"
3502,2026-09-12,people in an online forum,"['lurker', 'poster', 'spammer', 'troll']"
3503,2026-09-12,ways to personalize a car,"['bumper sticker', 'fuzzy dice', 'hood ornament', 'vanity plate']"
3504,2026-09-13,ending in elevated landforms,"['doublespeak', 'heathcliff', 'paramount', 'porridge']"
3505,2026-09-13,words that sound like two letters,"['empty', 'excess', 'kewpie', 'odie']"
3506,2026-09-13,u.s. presidents,"['cleveland', 'garfield', 'grant', 'madison']"
3507,2026-09-13,lacking in firmness,"['droopy', 'flaccid', 'sagging', 'slack']"
3508,2026-09-14,___grass,"['blue', 'crab', 'lemon', 'wheat']"
3509,2026-09-14,common single-use plastic items,"['bag', 'cutlery', 'stirrer', 'straw']"
3510,2026-09-14,informant,"['canary', 'rat', 'snitch', 'stoolie']"
3511,2026-09-14,waterbirds,"['coot', 'goose', 'loon', 'teal']"
3512,2026-09-15,things that appear at the end,"['caboose', 'december', 'dessert', 'epilogue']"
3513,2026-09-15,undercover operative,"['asset', 'mole', 'plant', 'sleeper']"
3514,2026-09-15,parts of a whistling kettle,"['handle', 'lid', 'spout', 'whistle']"
3515,2026-09-15,instruct,"['coach', 'direct', 'guide', 'train']"
3516,2026-09-16,sausages plus a letter,"['borat', 'clink', 'frank-n-furter', 'widener']"
3517,2026-09-16,poets' middle names,"['barrett', 'carlos', 'st. vincent', 'wadsworth']"
3518,2026-09-16,starting with u.s. coins,"['dimension', 'nickelodeon', 'pennywise', 'quarterback']"
3519,2026-09-16,ending in metal elements,"['latin', 'long john silver', 'marigold', 'steam iron']"
3520,2026-09-17,love ___,"['handles', 'language', 'tap', 'triangle']"
3521,2026-09-17,"hugh jackman movies, with ""the""","['fountain', 'prestige', 'sheep detectives', 'wolverine']"
3522,2026-09-17,things that are underground,"['mine shaft', 'sewer line', 'subway station', 'well']"
3523,2026-09-17,elasticity,"['bounce', 'flexibility', 'give', 'spring']"
3524,2026-09-18,___case,"['brief', 'pillow', 'stair', 'upper']"
3525,2026-09-18,parts of a flight,"['boarding', 'cruise', 'landing', 'takeoff']"
3526,2026-09-18,assortments of food/drink,"['flight', 'medley', 'platter', 'sampler']"
3527,2026-09-18,segment of a process,"['phase', 'round', 'stage', 'step']"
3528,2026-09-19,starting with abbreviated math functions,"['cos lettuce', 'log cabin', 'sin city', 'tan line']"
3529,2026-09-19,associated with swinging london in the 1960s,"['carnaby street', 'miniskirt', 'mod', 'twiggy']"
3530,2026-09-19,features of a kid's drawing,"['house', 'stick figure', 'sun', 'tree']"
3531,2026-09-19,widen one's scope,"['branch out', 'diversify', 'expand', 'grow']"
3532,2026-09-20,___boards you ride on,"['hover', 'skate', 'snow', 'surf']"
3533,2026-09-20,vampire movies,"['blade', 'near dark', 'sinners', 'twilight']"
3534,2026-09-20,associated with kentucky,"['bluegrass', 'bourbon', 'derby', 'fried chicken']"
3535,2026-09-20,round flat things,"['blu-ray', 'coaster', 'sand dollar', 'tortilla']"
3536,2026-09-21,starts of composers' names,"['beet', 'brah', 'chop', 'viva']"
3537,2026-09-21,chess verbs,"['capture', 'castle', 'check', 'mate']"
3538,2026-09-21,ways to attract fish,"['chum', 'fly', 'spinner', 'worm']"
3539,2026-09-21,email buttons,"['compose', 'drafts', 'sent', 'spam']"
3540,2026-09-22,beverages with acute accents removed,"['cafe', 'patron', 'rose', 'the']"
3541,2026-09-22,options on a multiple choice survey,"['agree', 'disagree', 'neutral', 'other']"
3542,2026-09-22,embellishment,"['accent', 'detail', 'flourish', 'touch']"
3543,2026-09-22,demonstratives,"['that', 'these', 'this', 'those']"
3544,2026-09-23,"ending in synonyms for ""term""","['bitcoin', 'record label', 'rub-a-dub', 'suriname']"
3545,2026-09-23,things that come in cans,"['condensed milk', 'paint', 'shaving cream', 'spam']"
3546,2026-09-23,website hurdles,"['age verification', 'captcha', 'cookie consent', 'paywall']"
3547,2026-09-23,things you grab before leaving the house,"['keys', 'phone', 'sunglasses', 'wallet']"
3548,2026-09-24,anagrams,"['beer hat', 'breathe', 'herb tea', 'the bear']"
3549,2026-09-24,featuring pointing,"['creation of adam', 'foam finger', ""i'm with stupid shirt"", 'uncle sam']"
3550,2026-09-24,things with spring/s,"['bobblehead', 'pogo stick', 'snakes in a can', 'trampoline']"
3551,2026-09-24,parts of a vampire costume,"['cape', 'face paint', 'fake blood', 'fangs']"
3552,2026-09-25,taxonomic ranks plus a letter,"['border', 'classy', 'foamily', 'genius']"
3553,2026-09-25,famous dans,"['aykroyd', 'levy', 'rather', 'savage']"
3554,2026-09-25,parts of a mechanical clock,"['escapement', 'pendulum', 'ratchet', 'spring']"
3555,2026-09-25,luxe,"['bougie', 'fancy', 'posh', 'swank']"
3556,2026-09-26,"""cool"" things, in expressions","['beans', 'cat', 'cucumber', 'customer']"
3557,2026-09-26,features of wood,"['burl', 'grain', 'knots', 'rings']"
3558,2026-09-26,things done to a dress shirt at the laundry,"['fold', 'press', 'starch', 'wash']"
3559,2026-09-26,breath fresheners,"['gum', 'mint', 'mouthwash', 'spray']"
3560,2026-09-27,ending in chinese dynasties,"['bbqing', 'homing', 'lohan', 'wu-tang']"
3561,2026-09-27,telecom,"['carrier', 'network', 'operator', 'provider']"
3562,2026-09-27,restaurant seating options,"['banquette', 'booth', 'chair', 'stool']"
3563,2026-09-27,sculpture media,"['bronze', 'clay', 'marble', 'plaster']"
3564,2026-09-28,three letters plus repeated trigrams,"['arkansans', 'chihuahua', 'possesses', 'springing']"
3565,2026-09-28,dodge models,"['challenger', 'charger', 'durango', 'viper']"
3566,2026-09-28,oyster condiments,"['horseradish', 'lemon', 'mignonette', 'tabasco']"
3567,2026-09-28,things with stalks,"['bamboo', 'celery', 'corn', 'wheat']"
3568,2026-09-29,phrases hiding greek letters,"['freeze tag', 'home game', 'model tank', 'oral phase']"
3569,2026-09-29,first words of pixar films,"['finding', 'inside', 'monsters', 'toy']"
3570,2026-09-29,river features,"['delta', 'drainage basin', 'mouth', 'stream bed']"
3571,2026-09-29,secluded,"['hidden', 'remote', 'secret', 'tucked away']"
3572,2026-09-30,starting with month abbreviations,"['decent', 'novelty', 'octopussy', 'septum']"
3573,2026-09-30,gangster movies,"['bugsy', 'casino', 'donnie brasco', 'scarface']"
3574,2026-09-30,things that are shaken (not stirred),"['etch a sketch', 'martini', 'spray paint', 'tambourine']"
3575,2026-09-30,securities,"['bond', 'future', 'option', 'stock']"
3576,2026-10-01,starts of nyt print puzzles,"['acro', 'cross', 'ken', 'sud']"
3577,2026-10-01,"2000s indie rock bands, with ""the""","['decemberists', 'national', 'shins', 'walkmen']"
3578,2026-10-01,dress shirt measurements,"['chest', 'neck', 'sleeve', 'waist']"
3579,2026-10-01,put,"['place', 'position', 'situate', 'stick']"
3580,2026-10-02,prime ___,"['number', 'real estate', 'rib', 'time']"
3581,2026-10-02,customary,"['common', 'routine', 'standard', 'stock']"
3582,2026-10-02,fingers,"['index', 'little', 'middle', 'ring']"
3583,2026-10-02,finance,"['back', 'bankroll', 'fund', 'support']"
3584,2026-10-03,ending in fantasy creatures,"['diet sprite', 'merv griffin', 'ny giant', 'river phoenix']"
3585,2026-10-03,starting with u.s. museums,"['broad bean', 'getty images', 'met halfway', 'whitney houston']"
3586,2026-10-03,ending in musicals,"['elbow grease', 'fat cats', 'linda hamilton', 'something wicked']"
3587,2026-10-03,"starting with terms for ""toilet""","['can opener', 'head waiter', 'john denver', 'w.c. fields']"
3588,2026-10-04,silent ___,"['auction', 'film', 'partner', 'treatment']"
3589,2026-10-04,parts of a judge costume,"['collar', 'gavel', 'robe', 'wig']"
3590,2026-10-04,table tennis needs,"['ball', 'net', 'paddle', 'table']"
3591,2026-10-04,considerable amount,"['bunch', 'heap', 'lot', 'stack']"
3592,2026-10-05,ending in ways to temporarily acquire,"['parent', 'please', 'sapphire', 'sloan']"
3593,2026-10-05,kinds of boards,"['advisory', 'chess', 'ironing', 'message']"
3594,2026-10-05,adjectives for mature content,"['explicit', 'graphic', 'strong', 'suggestive']"
3595,2026-10-05,calm,"['content', 'peaceful', 'placid', 'serene']"
3596,2026-10-06,ending in talents,"['catskill', 'knickknack', 'pianoforte', 'stability']"
3597,2026-10-06,___ inn hotels,"['comfort', 'days', 'hampton', 'holiday']"
3598,2026-10-06,kinds of chairs,"['adirondack', 'eames', 'windsor', 'wingback']"
3599,2026-10-06,"financial firms, for short","['berkshire', 'citi', 'goldman', 'merrill']"
3600,2026-06-29,ending in parts of a tree,"['embark', 'groot', 'nudibranch', 'strunk']"
3601,2026-06-29,parts of a speaker,"['cabinet', 'cone', 'magnet', 'woofer']"
3602,2026-06-29,consume with gusto,"['crush', 'guzzle', 'inhale', 'snarf']"
3603,2026-06-29,old timey troublemakers,"['miscreant', 'rogue', 'ruffian', 'scoundrel']"
3604,2026-06-30,"what ""draft"" might refer to","['breeze', 'on tap', 'recruit', 'sketch']"
3605,2026-06-30,common recyclables,"['bottle', 'box', 'can', 'newspaper']"
3606,2026-06-30,participate in some winter olympics,"['curl', 'luge', 'skate', 'ski']"
3607,2026-06-30,dividing structures,"['fence', 'gate', 'hedge', 'wall']"
3608,2026-07-01,starting with countries,"['dominican republic', 'guinea-bissau', 'indianapolis', 'nigeria']"
3609,2026-07-01,places in cocktail names,"['cuba', 'long island', 'moscow', 'singapore']"
3610,2026-07-01,best picture winners/nominees,"['casablanca', 'chicago', 'fargo', 'munich']"
3611,2026-07-01,things named after places,"['champagne', 'china', 'cologne', 'limerick']"
3612,2026-07-02,starting with sports venues,"['court jester', 'diamond ring', 'field mouse', 'track record']"
3613,2026-07-02,starting with nicknames,"['billy goat', 'dan dan noodles', 'rich text', 'tom-tom']"
3614,2026-07-02,old-timey names for things we still use,"['looking glass', 'spectacles', 'talkie', 'water closet']"
3615,2026-07-02,they impersonate other things,"['copycat', 'mime', 'mockingbird', 't-1000']"
3616,2026-07-03,"what things pronounced ""t"" might refer to","['golf accessory', 'gossip', 'hot drink', 'shirt']"
3617,2026-07-03,bad things to give someone,"['cold shoulder', 'dirty look', 'hard time', 'runaround']"
3618,2026-07-03,retro expressions of approval,"['cool beans', 'far out', 'groovy', 'right on']"
3619,2026-07-03,positive feelings,"['bliss', 'felicity', 'happiness', 'warm fuzzies']"
3620,2026-07-04,sweet ___,"['dreams', 'nothings', 'pea', 'spot']"
3621,2026-07-04,tropical drinks,"['hurricane', 'painkiller', 'scorpion', 'zombie']"
3622,2026-07-04,kinds of poems,"['ballad', 'epic', 'ode', 'villanelle']"
3623,2026-07-04,persist,"['continue', 'last', 'linger', 'stay']"
3624,2026-07-05,"what ""w"" might stand for","['tungsten', 'west', 'win', 'with']"
3625,2026-07-05,amex card types,"['centurion', 'gold', 'green', 'platinum']"
3626,2026-07-05,payment methods,"['card', 'cash', 'check', 'wire']"
3627,2026-07-05,granola ingredients,"['honey', 'nuts', 'oats', 'seeds']"
3628,2026-07-06,starting with dating apps,"['bumblebee', 'grind rail', 'matcha', 'tinderbox']"
3629,2026-07-06,acme products used by wile e. coyote,"['earthquake pills', 'iron bird seed', 'rocket skates', 'tnt']"
3630,2026-07-06,science fair model subjects,"['atom', 'dna', 'solar system', 'volcano']"
3631,2026-07-06,stunning news,"['bombshell', 'revelation', 'shocker', 'thunderbolt']"
3632,2026-07-07,"ending in ""sesame street"" characters","['bernie', 'colbert', 'discount', 'san anselmo']"
3633,2026-07-07,___ twist,"['french', 'lemon', 'oliver', 'plot']"
3634,2026-07-07,student-athlete designations,"['all-american', 'jock', 'letterman', 'team captain']"
3635,2026-07-07,rooms in clue,"['conservatory', 'hall', 'kitchen', 'study']"
3636,2026-07-08,house of ___,"['cards', 'lords', 'wax', 'worship']"
3637,2026-07-08,guitar-playing techniques,"['pick', 'pluck', 'strum', 'tap']"
3638,2026-07-08,motif,"['drift', 'plot', 'theme', 'thread']"
3639,2026-07-08,cut into thin pieces,"['grate', 'plane', 'shave', 'sliver']"
3640,2026-07-09,pontiac models,"['firebird', 'g6', 'grand prix', 'trans am']"
3641,2026-07-09,kinds of rugs,"['persian', 'prayer', 'shag', 'throw']"
3642,2026-07-09,music publications,"['billboard', 'pitchfork', 'rolling stone', 'spin']"
3643,2026-07-09,non-alcoholic designators,"['na', 'spirit-free', 'virgin', 'zero-proof']"
3644,2026-07-10,starting with baseball calls,"['ball gown', 'outkast', 'safe mode', 'strike a pose']"
3645,2026-07-10,'80s synth-pop bands,"['depeche mode', 'erasure', 'new order', 'pet shop boys']"
3646,2026-07-10,dessert menu descriptors,"['decadent', 'fresh-baked', 'molten', 'à la mode']"
3647,2026-07-10,smartphone settings,"['airplane mode', 'do not disturb', 'hotspot', 'location services']"
3648,2026-07-11,double letters appearing in that letter's alphabetical position,"['aardvark', 'bocce', 'ebbing', 'twiddle']"
3649,2026-07-11,"""toy story"" characters","['bo peep', 'jessie', 'slinky', 'woody']"
3650,2026-07-11,"undisturbed, as water","['calm', 'flat', 'glassy', 'still']"
3651,2026-07-11,circus equipment,"['cannon', 'stilts', 'trapeze', 'unicycle']"
3652,2026-07-12,starts of u.s. capitals,"['den', 'mad', 'pho', 'sac']"
3653,2026-07-12,verbs in a college life slogan,"['party', 'repeat', 'sleep', 'study']"
3654,2026-07-12,bit of fruit-flavored candy,"['dot', 'nerd', 'runt', 'spree']"
3655,2026-07-12,reproductive part of fruit,"['pip', 'pit', 'seed', 'stone']"
3656,2026-07-13,starting with smooches,"['bussin', 'kisser', 'peckish', 'smackdown']"
3657,2026-07-13,fictional cats,"['figaro', 'puss', 'salem', 'tom']"
3658,2026-07-13,things with handles,"['bucket', 'drawer', 'mug', 'umbrella']"
3659,2026-07-13,interrogate,"['examine', 'grill', 'pump', 'question']"
3660,2026-07-14,symbolized with arrows,"['recycling', 'shuffle', 'this side up', 'u-turn']"
3661,2026-07-14,kinds of baskets,"['easter', 'grocery', 'laundry', 'picnic']"
3662,2026-07-14,edit menu options,"['copy', 'cut', 'delete', 'paste']"
3663,2026-07-14,contract,"['agreement', 'bargain', 'deal', 'understanding']"
3664,2026-07-15,"words before ""room"" to indicate extra space","['breathing', 'elbow', 'head', 'wiggle']"
3665,2026-07-15,kinds of sports,"['extreme', 'motor', 'racket', 'water']"
3666,2026-07-15,things with laces,"['baseball glove', 'corset', 'football', 'shoe']"
3667,2026-07-15,terms for the legal system,"['bar', 'bench', 'court', 'tribunal']"
3668,2026-07-16,starting with tiny marks,"['dot matrix', 'period piece', 'point break', 'spot remover']"
3669,2026-07-16,associated with precision,"['bullseye', 'clockwork', 'laser', 'needle']"
3670,2026-07-16,shades of black,"['charcoal', 'ink', 'jet', 'pitch']"
3671,2026-07-16,skincare products,"['clay mask', 'eye cream', 'peel', 'toner']"
3672,2026-07-17,ending in parts of a car,"['plot spoiler', 'robin hood', 'satires', 'tree trunk']"
3673,2026-07-17,four groups of four,"['cardinal directions', 'classical elements', 'seasons', 'suits']"
3674,2026-07-17,seen in an arcade,"['crane game', 'pinball', 'tickets', 'tokens']"
3675,2026-07-17,grand finale,"['epilogue', 'farewell', 'last dance', 'swan song']"
3676,2026-07-18,"words after ""pop""","['culture', 'fly', 'quiz', 'tart']"
3677,2026-07-18,things tracked in video games,"['health', 'lives', 'score', 'time']"
3678,2026-07-18,belief,"['attitude', 'mind', 'opinion', 'view']"
3679,2026-07-18,commit a basketball violation,"['carry', 'double dribble', 'goaltend', 'travel']"
3680,2026-07-19,___ face expressions,"['game', 'long', 'poker', 'straight']"
3681,2026-07-19,things toilets do,"['drain', 'flush', 'refill', 'swirl']"
3682,2026-07-19,digital coupling verbs,"['connect', 'join', 'pair', 'sync']"
3683,2026-07-19,circuit components,"['breaker', 'fuse', 'relay', 'switch']"
3684,2026-07-20,starting with alcoholic beverages,"['alexa', 'meadow', 'portobello', 'sakes']"
3685,2026-07-20,associated with pearls,"['bubble tea', 'oyster', 'swine', 'wisdom']"
3686,2026-07-20,things to click,"['button', 'icon', 'link', 'menu']"
3687,2026-07-20,announce,"['blare', 'herald', 'sound', 'trumpet']"
3688,2026-07-21,tele___,"['gram', 'kinesis', 'prompter', 'vision']"
3689,2026-07-21,elements of a musical,"['book', 'lyrics', 'music', 'orchestration']"
3690,2026-07-21,software downloads,"['app', 'driver', 'extension', 'plugin']"
3691,2026-07-21,kinds of tops,"['crop', 'halter', 'tank', 'tube']"
3692,2026-07-22,features of a zebra,"['hooves', 'mane', 'tail', 'white stripes']"
3693,2026-07-22,platform-specific posts,"['pins', 'snaps', 'tweets', 'vines']"
3694,2026-07-22,on a golf scorecard,"['hole', 'par', 'score', 'strokes']"
3695,2026-07-22,symptoms of an allergic reaction,"['hives', 'itching', 'rash', 'redness']"
3696,2026-07-23,ending in geometry terms,"['appoint', 'deplane', 'feline', 'jangle']"
3697,2026-07-23,parts of an airport,"['apron', 'hangar', 'runway', 'terminal']"
3698,2026-07-23,in an anxious state,"['excited', 'febrile', 'frenetic', 'intense']"
3699,2026-07-23,spherical things,"['baseball', 'globe', 'marble', 'orange']"
3700,2026-07-24,homophones of religious roles,"['canter', 'fryer', 'llama', 'none']"
3701,2026-07-24,"bring to mind, as a memory","['jog', 'prompt', 'refresh', 'spark']"
3702,2026-07-24,outcomes for a batter,"['home run', 'single', 'strikeout', 'walk']"
3703,2026-07-24,talk at length,"['babble', 'drone', 'ramble', 'yak']"
3704,2026-07-25,strip ___,"['club', 'mall', 'poker', 'steak']"
3705,2026-07-25,african currencies,"['kwanza', 'leone', 'naira', 'rand']"
3706,2026-07-25,"start to cry, with ""up""","['choke', 'mist', 'tear', 'well']"
3707,2026-07-25,spanish relatives,"['abuela', 'hijo', 'madre', 'primo']"
3708,2026-07-26,"what ""shell"" might refer to","['carapace', 'gas station', 'pastry crust', 'rowing boat']"
3709,2026-07-26,expressions for rain,"['april showers', 'liquid sunshine', 'scotch mist', 'wet weather']"
3710,2026-07-26,outmoded consumer tech,"['blackberry', 'discman', 'dvd player', 'plasma tv']"
3711,2026-07-26,baby milestones,"['crawling', 'first words', 'rolling over', 'solid food']"
3712,2026-07-27,icons on a shopping site,"['bell', 'cart', 'heart', 'magnifying glass']"
3713,2026-07-27,kinds of shifts,"['doppler', 'graveyard', 'paradigm', 'stick']"
3714,2026-07-27,long tapered things,"['carrot', 'icicle', 'knitting needle', 'stalactite']"
3715,2026-07-27,gymnastics apparatus,"['beam', 'horse', 'rings', 'vault']"
3716,2026-07-28,starting with palindromic names,"['annapolis', 'bobsled', 'everest', 'ottoman']"
3717,2026-07-28,"shoe brands starting with ""c""","['camper', 'clarks', 'converse', 'crocs']"
3718,2026-07-28,how do you like them apples,"['empire', 'fuji', 'gala', 'honeycrisp']"
3719,2026-07-28,command,"['captain', 'direct', 'head', 'lead']"
3720,2026-07-29,___boards in a classroom,"['black', 'chalk', 'cork', 'white']"
3721,2026-07-29,units of wisdom,"['gem', 'nugget', 'pearl', 'word']"
3722,2026-07-29,nondescript,"['basic', 'mid', 'plain', 'vanilla']"
3723,2026-07-29,fasteners,"['nail', 'rivet', 'screw', 'staple']"
3724,2026-07-30,"on the ___, to mean ""precise""","['dot', 'mark', 'money', 'nose']"
3725,2026-07-30,cruise lines,"['carnival', 'celebrity', 'princess', 'viking']"
3726,2026-07-30,activities with multiple balls,"['beer pong', 'bingo', 'juggling', 'pool']"
3727,2026-07-30,virtuous,"['fair', 'good', 'just', 'right']"
3728,2026-07-31,starting with merriments,"['cheerios', 'fungus', 'gleek', 'joystick']"
3729,2026-07-31,fruits plus starting letter,"['dapple', 'jdate', 'slime', 'spear']"
3730,2026-07-31,super mario figures,"['dinosaur', 'mushroom', 'plumber', 'princess']"
3731,2026-07-31,construct,"['fashion', 'model', 'mold', 'shape']"
3732,2026-08-01,starting with bread shapes,"['boulevard', 'bundle', 'loafer', 'rolls-royce']"
3733,2026-08-01,perform some hole machining operations,"['bore', 'countersink', 'drill', 'ream']"
3734,2026-08-01,oscar-winning actors since 2010,"['bale', 'jordan', 'phoenix', 'waltz']"
3735,2026-08-01,bedding,"['comforter', 'sham', 'sheet', 'throw']"
3736,2026-08-02,u.s. airport codes plus starting letter,"['asea', 'flax', 'lord', 'olga']"
3737,2026-08-02,___ mode,"['airplane', 'beast', 'dark', 'à la']"
3738,2026-08-02,by means of,"['by', 'per', 'through', 'via']"
3739,2026-08-02,filler words,"['actually', 'like', 'so', 'well']"
3740,2026-08-03,"starting with synonyms for ""pester""","['bug fix', 'nag champa', 'needless', 'tea set']"
3741,2026-08-03,"""y"" is the only vowel","['fly by', 'myrrh', 'nsync', 'rhythm']"
3742,2026-08-03,shades of green,"['forest', 'hunter', 'mint', 'sage']"
3743,2026-08-03,road less traveled,"['alley', 'backstreet', 'byway', 'lane']"
3744,2026-08-04,v-shaped things,"['angle bracket', 'chevron', 'goose formation', 'peace sign']"
3745,2026-08-04,things with pedals,"['piano', 'sewing machine', 'swan boat', 'unicycle']"
3746,2026-08-04,iconic nyc sights,"['bodega', 'pigeon', 'subway station', 'taxi cab']"
3747,2026-08-04,long cylindrical things,"['cigarette', 'foam roller', 'pool noodle', 'pretzel rod']"
3748,2026-08-05,"what ""stock"" might refer to","['broth', 'cattle', 'investment', 'merchandise']"
3749,2026-08-05,house styles,"['cape cod', 'mission', 'ranch', 'tudor']"
3750,2026-08-05,jeans brands,"['diesel', 'gap', 'lucky', 'wrangler']"
3751,2026-08-05,navigate,"['drive', 'maneuver', 'pilot', 'steer']"
3752,2026-08-06,places with nets,"['barclays center', 'fishing boat', 'hockey rink', 'tennis court']"
3753,2026-08-06,iconic roman landmarks,"['colosseum', 'pantheon', 'spanish steps', 'trevi fountain']"
3754,2026-08-06,places with lanes,"['bowling alley', 'freeway', 'supermarket', 'swimming pool']"
3755,2026-08-06,classic wooden toys,"['alphabet blocks', 'cup-and-ball', ""jacob's ladder"", 'lincoln logs']"
3756,2026-08-07,starting with male animals,"['buckyball', 'jackpot', 'rambo', 'tomatillo']"
3757,2026-08-07,parts of an elevator,"['buttons', 'cables', 'motor', 'shaft']"
3758,2026-08-07,cold things,"['liquid nitrogen', 'refrigerator', 'snow', 'sundae']"
3759,2026-08-07,components of a candle,"['fragrance', 'jar', 'wax', 'wick']"
3760,2026-08-08,safety ___,"['belt', 'goggles', 'pin', 'razor']"
3761,2026-08-08,words abbreviated with letters as homophones,"['cutie', 'easy', 'effects', 'i owe you']"
3762,2026-08-08,convey,"['couch', 'express', 'frame', 'phrase']"
3763,2026-08-08,quaint expressions of excitement,"['hot dog', 'hurrah', 'whoopee', 'yahoo']"
3764,2026-08-09,things people try to get out of,"['bad dream', 'escape room', 'jury duty', 'labyrinth']"
3765,2026-08-09,movie subgenres,"['buddy cop', 'neo-noir', 'space opera', 'spaghetti western']"
3766,2026-08-09,classic children's books,"['caps for sale', 'corduroy', 'goodnight moon', 'madeline']"
3767,2026-08-09,take a different approach,"['change tack', 'course-correct', 'recalibrate', 'shift gears']"
3768,2026-08-10,famous goatees,"['billy goat', 'colonel sanders', 'doctor strange', 'the devil']"
3769,2026-08-10,sections on an invoice,"['balance due', 'bill to', 'order number', 'unit price']"
3770,2026-08-10,ways to receive event tickets,"['mail delivery', 'mobile ticket', 'print-at-home', 'will call']"
3771,2026-08-10,haphazardly,"['any old how', 'at random', 'helter-skelter', 'willy-nilly']"
3772,2026-08-11,homophones of facial features,"['aye', 'hare', 'knows', 'tung']"
3773,2026-08-11,words in an auctioneer's chant,"['going', 'once', 'sold', 'twice']"
3774,2026-08-11,basic cable channels,"['bet', 'bravo', 'history', 'usa']"
3775,2026-08-11,doomed,"['done', 'sunk', 'through', 'toast']"
3776,2026-08-12,starting with affirmative responses,"['fine print', 'goodbye', 'great white', 'okayama']"
3777,2026-08-12,nbc sitcom surnames,"['benes', 'bing', 'lemon', 'scott']"
3778,2026-08-12,kinds of frogs,"['bull', 'green', 'poison dart', 'tree']"
3779,2026-08-12,"hold onto, as a feeling","['foster', 'harbor', 'maintain', 'nurse']"
3780,2026-08-13,"""cold"" things, in idioms","['comfort', 'feet', 'shoulder', 'turkey']"
3781,2026-08-13,airline status perks,"['checked bags', 'lounge', 'miles', 'upgrade']"
3782,2026-08-13,move slowly (up to),"['creep', 'ease', 'edge', 'inch']"
3783,2026-08-13,persevere,"['carry on', 'continue', 'make it', 'persist']"
3784,2026-08-14,triangle logos,"['bass ale', 'citgo', 'delta airlines', 'google drive']"
3785,2026-08-14,comic book artist's tools,"['bristol board', 'dip pen', 'india ink', 'straightedge']"
3786,2026-08-14,places where everyone thinks the same ways,"['bubble', 'echo chamber', 'hivemind', 'silo']"
3787,2026-08-14,black-and-yellow,"['bumblebee', 'caution tape', 'charlie brown', 'wolverine']"
3788,2026-08-15,ending in synonyms for follow secretly,"['beanstalk', 'eyeshadow', 'hightail', 'soundtrack']"
3789,2026-08-15,ending in units of length,"['chamomile', 'grinch', 'hotfoot', 'lanyard']"
3790,2026-08-15,segment,"['leg', 'phase', 'stage', 'stretch']"
3791,2026-08-15,exhausted,"['beat', 'fried', 'spent', 'worn out']"
3792,2026-08-16,descriptors for our human ancestors,"['from neander', 'handy', 'upright', 'wise']"
3793,2026-08-16,family relationship modifiers,"['grand', 'great', 'half', 'step']"
3794,2026-08-16,participant,"['actor', 'agent', 'party', 'player']"
3795,2026-08-16,musical performance,"['concert', 'gig', 'set', 'show']"
3796,2026-08-17,starting with pets,"['birdie', 'cattle', 'dogie', 'fisheye']"
3797,2026-08-17,first names of country music legends,"['dolly', 'johnny', 'patsy', 'willie']"
3798,2026-08-17,spreadsheet features,"['formula', 'function', 'macro', 'script']"
3799,2026-08-17,video call platforms,"['huddle', 'meet', 'teams', 'zoom']"
3800,2026-08-18,things that are gritty,"['cowboy coffee', 'film noir', 'flyers mascot', 'sandpaper']"
3801,2026-08-18,things that are orange,"['basketball', 'orangutan', 'sweet potato', 'traffic cone']"
3802,2026-08-18,pjs,"['petroleum jelly', 'poetic justice', 'practical joke', 'private jet']"
3803,2026-08-18,seen at a movie premiere,"['limousine', 'paparazzi', 'red carpet', 'velvet rope']"
3804,2026-08-19,homophones of cgi-animated films,"['ants', 'cocoa', 'rheo', 'seoul']"
3805,2026-08-19,"words before ""ball"" in sport names","['base', 'basket', 'foot', 'pickle']"
3806,2026-08-19,conceal,"['blanket', 'hide', 'mask', 'obscure']"
3807,2026-08-19,piece of cake,"['breeze', 'cinch', 'picnic', 'snap']"
3808,2026-08-20,starting with chinese zodiac animals,"['dragonfly', 'oxford', 'pigment', 'ratchet']"
3809,2026-08-20,similarly shaped typographical marks,"['apostrophe', 'cedilla', 'comma', 'okina']"
3810,2026-08-20,kinds of numbers,"['atomic', 'serial', 'social security', 'telephone']"
3811,2026-08-20,kinds of pizza,"['diavola', 'hawaiian', 'meat lovers', 'white']"
3812,2026-08-21,once in a ___,"['blue moon', 'generation', 'lifetime', 'while']"
3813,2026-08-21,___ kids,"['comeback', 'karate', 'sundance', 'wimpy']"
3814,2026-08-21,calls to begin a performance,"['action', 'curtain up', 'places', 'showtime']"
3815,2026-08-21,things most animals need,"['nutrition', 'oxygen', 'sleep', 'water']"
3816,2026-08-22,___ girls of pop culture,"['gilmore', 'golden', 'mean', 'spice']"
3817,2026-08-22,garden hose settings,"['cone', 'jet', 'mist', 'shower']"
3818,2026-08-22,kinds of melon,"['bitter', 'musk', 'water', 'winter']"
3819,2026-08-22,carpentry tools,"['chisel', 'hammer', 'plane', 'saw']"
3820,2026-08-23,household stain removers,"['baking soda', 'club soda', 'hydrogen peroxide', 'vinegar']"
3821,2026-08-23,made with potatoes,"['home fries', 'potato battery', 'vischyssoise', 'vodka']"
3822,2026-08-23,double vowels,"['antifreeze', 'bazaar', 'skiing', 'vacuum']"
3823,2026-08-23,potentially explosive things,"['powder keg', 'time bomb', 'tinderbox', 'volcano']"
3824,2026-08-24,letter homophone plus tennis term,"['beset', 'deserve', 'ex-love', 'eyelet']"
3825,2026-08-24,pro-wrestling lingo,"['face', 'heel', 'jobber', 'kayfabe']"
3826,2026-08-24,principal,"['arch', 'chief', 'main', 'prime']"
3827,2026-08-24,fish,"['mullet', 'pike', 'sole', 'tang']"
3828,2026-08-25,ending in ice cream orders,"['harlem shake', 'inside scoop', 'lickety-split', 'traffic cone']"
3829,2026-08-25,"stephen king film adaptations, with ""the""","['green mile', 'long walk', 'running man', 'shawshank redemption']"
3830,2026-08-25,sci-fi phenomena,"['hyperspace', 'parallel universe', 'teleportation', 'time warp']"
3831,2026-08-25,surface-level,"['cosmetic', 'one-dimensional', 'skin-deep', 'superficial']"
3832,2026-08-26,key ___,"['chain', 'largo', 'lime', 'signature']"
3833,2026-08-26,"what ""p"" might stand for","['page', 'park', 'phosphorus', 'piano']"
3834,2026-08-26,knack,"['forte', 'gift', 'strength', 'talent']"
3835,2026-08-26,"""there you have it!""","['behold', 'presto', 'shazam', 'voilà']"
3836,2026-08-27,music genre plus starting letter,"['brock', 'nemo', 'spunk', 'wrap']"
3837,2026-08-27,shades of gray,"['ash', 'dove', 'pewter', 'slate']"
3838,2026-08-27,moved to tears,"['choked up', 'emotional', 'misty', 'overcome']"
3839,2026-08-27,electric things,"['electric eel', 'lightning', 'live wire', 'pikachu']"
3840,2026-08-28,top of the ___,"['hour', 'line', 'morning', 'pops']"
3841,2026-08-28,modern add-ons/combining forms,"['bro', 'coded', 'era', 'maxxing']"
3842,2026-08-28,palindromes,"['mom', 'noon', 'sis', 'top spot']"
3843,2026-08-28,bedtime parting words,"['night', 'rest easy', 'sleep tight', 'sweet dreams']"
3844,2026-08-29,starting with figures from greek myth,"['at last', 'herald', 'hydrant', 'tritone']"
3845,2026-08-29,keyboard keys,"['control', 'escape', 'shift', 'space']"
3846,2026-08-29,kinds of salad,"['chopped', 'greek', 'house', 'wedge']"
3847,2026-08-29,under the hood of a car,"['alternator', 'battery', 'engine', 'radiator']"
3848,2026-08-30,words on an old west wanted poster,"['alias', 'outlaw', 'reward', 'wanted']"
3849,2026-08-30,brands with bunny rabbit mascots,"['cadbury', 'energizer', 'playboy', 'trix']"
3850,2026-08-30,wine accessories,"['aerator', 'corkscrew', 'decanter', 'stopper']"
3851,2026-08-30,exercise facilities,"['gymnasium', 'health club', 'rec center', 'ymca']"
3852,2026-08-31,___ bowl,"['dust', 'poke', 'salad', 'super']"
3853,2026-08-31,historical sovereign titles,"['caliph', 'khan', 'pharaoh', 'shogun']"
3854,2026-08-31,warnings on a shipping box,"['fragile', 'heavy', 'perishable', 'this side up']"
3855,2026-08-31,things that come in tubes,"['lipstick', 'poster', 'tennis balls', 'toothpaste']"
3856,2026-09-01,starting with words of intention,"['aimee mann', 'hope diamond', 'planetarium', 'wishy-washy']"
3857,2026-09-01,private investigators of fiction,"['hercule poirot', 'mike hammer', 'sam spade', 'sherlock holmes']"
3858,2026-09-01,"long, skinny things often seen together","['arrow', 'golf club', 'pick-up stick', 'spaghetto']"
3859,2026-09-01,"""i promise!""","['cross my heart', 'for real', 'on god', 'pinky swear']"
3860,2026-09-02,___ dogs (that aren't dogs),"['corn', 'prairie', 'salty', 'top']"
3861,2026-09-02,___ dogs (that are dogs),"['hunting', 'rescue', 'sausage', 'sheep']"
3862,2026-09-02,things in a violin case,"['bow', 'mute', 'rosin', 'shoulder rest']"
3863,2026-09-02,flabbergast,"['dazzle', 'floor', 'stun', 'wow']"
3864,2026-09-03,spreadsheet functions,"['average', 'count', 'max', 'sum']"
3865,2026-09-03,toy car brands,"['hot wheels', 'matchbox', 'micro machines', 'tonka']"
3866,2026-09-03,shades of red,"['carmine', 'cinnabar', 'maroon', 'vermillion']"
3867,2026-09-03,two shakes of a lamb's tail,"['blink', 'flash', 'heartbeat', 'trice']"
3868,2026-09-04,accessories inside starting and ending letters,"['cringy', 'opine', 'stied', ""that's""]"
3869,2026-09-04,kinds of eels,"['conger', 'gulper', 'moray', 'ribbon']"
3870,2026-09-04,food whose name is two foods,"['cake donut', 'candy corn', 'cherry tomato', 'pizza pie']"
3871,2026-09-04,spherical things,"['bowling ball', 'eye', 'moon', 'orange']"
3872,2026-09-05,desserts minus last letter,"['cobble', 'pi', 'tar', 'tort']"
3873,2026-09-05,___head,"['bobble', 'hammer', 'jug', 'sleepy']"
3874,2026-09-05,bird onomatopoeia,"['coo', 'gobble', 'honk', 'warble']"
3875,2026-09-05,move unsteadily,"['sway', 'toddle', 'totter', 'wobble']"
3876,2026-09-06,ending with ways to carve a surface,"['court scribe', ""director's cut"", 'pizza slice', 'sat score']"
3877,2026-09-06,abbreviations followed by redundant word,"['atm machine', 'lcd display', 'pin number', 'upc code']"
3878,2026-09-06,places to insert something into on a computer,"['card slot', 'headphone jack', 'optical drive', 'usb port']"
3879,2026-09-06,unrestricted permission,"['blank check', 'carte blanche', 'free reign', 'full authority']"
3880,2026-09-07,starting with disney characters,"['plutonium', 'scar tissue', 'stitch marker', 'trampoline']"
3881,2026-09-07,associated with pine trees,"['car air freshener', 'christmas', 'needles', 'turpentine']"
3882,2026-09-07,parts of a bra,"['cup', 'hook', 'strap', 'underwire']"
3883,2026-09-07,quite the saga,"['fabrication', 'fish story', 'tall tale', 'yarn']"
3884,2026-09-08,candy bars plus a letter,"['doves', 'marsh', 'skort', 'twixt']"
3885,2026-09-08,___ heart,"['artichoke', 'purple', 'sacred', 'take to']"
3886,2026-09-08,features of a mime costume,"['beret', 'gloves', 'stripes', 'suspenders']"
3887,2026-09-08,classic american performance cars,"['corvette', 'firebird', 'mustang', 'viper']"
3888,2026-09-09,"words before ""force""","['brute', 'electromagnetic', 'g', 'task']"
3889,2026-09-09,horror movies,"['arachnophobia', 'halloween', 'it', 'saw']"
3890,2026-09-09,"words with ""small"" prefixes","['microbrewery', 'minivan', 'nanotechnology', 'picosecond']"
3891,2026-09-09,hard to understand,"['bewildering', 'esoteric', 'incomprehensible', 'opaque']"
3892,2026-09-10,"ending in synonyms for ""happening now""","['adult contemporary', 'alternating current', 'represent', 'sextant']"
3893,2026-09-10,bruce springsteen classics,"['atlantic city', 'badlands', 'born to run', 'thunder road']"
3894,2026-09-10,what you might see sticking out of a window,"['air conditioner', 'catio', 'clothesline', 'flower box']"
3895,2026-09-10,chemical elements,"['actinium', 'krypton', 'lead', 'sulfur']"
3896,2026-09-11,things that are pushed metaphorically,"['agenda', 'envelope', 'limits', 'luck']"
3897,2026-09-11,ways to practice self-care,"['exercise', 'journal', 'meditate', 'unplug']"
3898,2026-09-11,internalize,"['absorb', 'digest', 'process', 'take in']"
3899,2026-09-11,people hired for an event,"['band', 'florist', 'photographer', 'planner']"
3900,2026-09-12,___ alert,"['nerd', 'red', 'spoiler', 'weather']"
3901,2026-09-12,things that blink,"['cursor', 'eyelids', 'smoke detector', 'turn signal']"
3902,2026-09-12,people in an online forum,"['lurker', 'poster', 'spammer', 'troll']"
3903,2026-09-12,ways to personalize a car,"['bumper sticker', 'fuzzy dice', 'hood ornament', 'vanity plate']"
3904,2026-09-13,ending in elevated landforms,"['doublespeak', 'heathcliff', 'paramount', 'porridge']"
3905,2026-09-13,words that sound like two letters,"['empty', 'excess', 'kewpie', 'odie']"
3906,2026-09-13,u.s. presidents,"['cleveland', 'garfield', 'grant', 'madison']"
3907,2026-09-13,lacking in firmness,"['droopy', 'flaccid', 'sagging', 'slack']"
3908,2026-09-14,___grass,"['blue', 'crab', 'lemon', 'wheat']"
3909,2026-09-14,common single-use plastic items,"['bag', 'cutlery', 'stirrer', 'straw']"
3910,2026-09-14,informant,"['canary', 'rat', 'snitch', 'stoolie']"
3911,2026-09-14,waterbirds,"['coot', 'goose', 'loon', 'teal']"
3912,2026-09-15,things that appear at the end,"['caboose', 'december', 'dessert', 'epilogue']"
3913,2026-09-15,undercover operative,"['asset', 'mole', 'plant', 'sleeper']"
3914,2026-09-15,parts of a whistling kettle,"['handle', 'lid', 'spout', 'whistle']"
3915,2026-09-15,instruct,"['coach', 'direct', 'guide', 'train']"
3916,2026-09-16,sausages plus a letter,"['borat', 'clink', 'frank-n-furter', 'widener']"
3917,2026-09-16,poets' middle names,"['barrett', 'carlos', 'st. vincent', 'wadsworth']"
3918,2026-09-16,starting with u.s. coins,"['dimension', 'nickelodeon', 'pennywise', 'quarterback']"
3919,2026-09-16,ending in metal elements,"['latin', 'long john silver', 'marigold', 'steam iron']"
3920,2026-09-17,love ___,"['handles', 'language', 'tap', 'triangle']"
3921,2026-09-17,"hugh jackman movies, with ""the""","['fountain', 'prestige', 'sheep detectives', 'wolverine']"
3922,2026-09-17,things that are underground,"['mine shaft', 'sewer line', 'subway station', 'well']"
3923,2026-09-17,elasticity,"['bounce', 'flexibility', 'give', 'spring']"
3924,2026-09-18,___case,"['brief', 'pillow', 'stair', 'upper']"
3925,2026-09-18,parts of a flight,"['boarding', 'cruise', 'landing', 'takeoff']"
3926,2026-09-18,assortments of food/drink,"['flight', 'medley', 'platter', 'sampler']"
3927,2026-09-18,segment of a process,"['phase', 'round', 'stage', 'step']"
3928,2026-09-19,starting with abbreviated math functions,"['cos lettuce', 'log cabin', 'sin city', 'tan line']"
3929,2026-09-19,associated with swinging london in the 1960s,"['carnaby street', 'miniskirt', 'mod', 'twiggy']"
3930,2026-09-19,features of a kid's drawing,"['house', 'stick figure', 'sun', 'tree']"
3931,2026-09-19,widen one's scope,"['branch out', 'diversify', 'expand', 'grow']"
3932,2026-09-20,___boards you ride on,"['hover', 'skate', 'snow', 'surf']"
3933,2026-09-20,vampire movies,"['blade', 'near dark', 'sinners', 'twilight']"
3934,2026-09-20,associated with kentucky,"['bluegrass', 'bourbon', 'derby', 'fried chicken']"
3935,2026-09-20,round flat things,"['blu-ray', 'coaster', 'sand dollar', 'tortilla']"
3936,2026-09-21,starts of composers' names,"['beet', 'brah', 'chop', 'viva']"
3937,2026-09-21,chess verbs,"['capture', 'castle', 'check', 'mate']"
3938,2026-09-21,ways to attract fish,"['chum', 'fly', 'spinner', 'worm']"
3939,2026-09-21,email buttons,"['compose', 'drafts', 'sent', 'spam']"
3940,2026-09-22,beverages with acute accents removed,"['cafe', 'patron', 'rose', 'the']"
3941,2026-09-22,options on a multiple choice survey,"['agree', 'disagree', 'neutral', 'other']"
3942,2026-09-22,embellishment,"['accent', 'detail', 'flourish', 'touch']"
3943,2026-09-22,demonstratives,"['that', 'these', 'this', 'those']"
3944,2026-09-23,"ending in synonyms for ""term""","['bitcoin', 'record label', 'rub-a-dub', 'suriname']"
3945,2026-09-23,things that come in cans,"['condensed milk', 'paint', 'shaving cream', 'spam']"
3946,2026-09-23,website hurdles,"['age verification', 'captcha', 'cookie consent', 'paywall']"
3947,2026-09-23,things you grab before leaving the house,"['keys', 'phone', 'sunglasses', 'wallet']"
3948,2026-09-24,anagrams,"['beer hat', 'breathe', 'herb tea', 'the bear']"
3949,2026-09-24,featuring pointing,"['creation of adam', 'foam finger', ""i'm with stupid shirt"", 'uncle sam']"
3950,2026-09-24,things with spring/s,"['bobblehead', 'pogo stick', 'snakes in a can', 'trampoline']"
3951,2026-09-24,parts of a vampire costume,"['cape', 'face paint', 'fake blood', 'fangs']"
3952,2026-09-25,taxonomic ranks plus a letter,"['border', 'classy', 'foamily', 'genius']"
3953,2026-09-25,famous dans,"['aykroyd', 'levy', 'rather', 'savage']"
3954,2026-09-25,parts of a mechanical clock,"['escapement', 'pendulum', 'ratchet', 'spring']"
3955,2026-09-25,luxe,"['bougie', 'fancy', 'posh', 'swank']"
3956,2026-09-26,"""cool"" things, in expressions","['beans', 'cat', 'cucumber', 'customer']"
3957,2026-09-26,features of wood,"['burl', 'grain', 'knots', 'rings']"
3958,2026-09-26,things done to a dress shirt at the laundry,"['fold', 'press', 'starch', 'wash']"
3959,2026-09-26,breath fresheners,"['gum', 'mint', 'mouthwash', 'spray']"
3960,2026-09-27,ending in chinese dynasties,"['bbqing', 'homing', 'lohan', 'wu-tang']"
3961,2026-09-27,telecom,"['carrier', 'network', 'operator', 'provider']"
3962,2026-09-27,restaurant seating options,"['banquette', 'booth', 'chair', 'stool']"
3963,2026-09-27,sculpture media,"['bronze', 'clay', 'marble', 'plaster']"
3964,2026-09-28,three letters plus repeated trigrams,"['arkansans', 'chihuahua', 'possesses', 'springing']"
3965,2026-09-28,dodge models,"['challenger', 'charger', 'durango', 'viper']"
3966,2026-09-28,oyster condiments,"['horseradish', 'lemon', 'mignonette', 'tabasco']"
3967,2026-09-28,things with stalks,"['bamboo', 'celery', 'corn', 'wheat']"
3968,2026-09-29,phrases hiding greek letters,"['freeze tag', 'home game', 'model tank', 'oral phase']"
3969,2026-09-29,first words of pixar films,"['finding', 'inside', 'monsters', 'toy']"
3970,2026-09-29,river features,"['delta', 'drainage basin', 'mouth', 'stream bed']"
3971,2026-09-29,secluded,"['hidden', 'remote', 'secret', 'tucked away']"
3972,2026-09-30,starting with month abbreviations,"['decent', 'novelty', 'octopussy', 'septum']"
3973,2026-09-30,gangster movies,"['bugsy', 'casino', 'donnie brasco', 'scarface']"
3974,2026-09-30,things that are shaken (not stirred),"['etch a sketch', 'martini', 'spray paint', 'tambourine']"
3975,2026-09-30,securities,"['bond', 'future', 'option', 'stock']"
3976,2026-10-01,starts of nyt print puzzles,"['acro', 'cross', 'ken', 'sud']"
3977,2026-10-01,"2000s indie rock bands, with ""the""","['decemberists', 'national', 'shins', 'walkmen']"
3978,2026-10-01,dress shirt measurements,"['chest', 'neck', 'sleeve', 'waist']"
3979,2026-10-01,put,"['place', 'position', 'situate', 'stick']"
3980,2026-10-02,prime ___,"['number', 'real estate', 'rib', 'time']"
3981,2026-10-02,customary,"['common', 'routine', 'standard', 'stock']"
3982,2026-10-02,fingers,"['index', 'little', 'middle', 'ring']"
3983,2026-10-02,finance,"['back', 'bankroll', 'fund', 'support']"
3984,2026-10-03,ending in fantasy creatures,"['diet sprite', 'merv griffin', 'ny giant', 'river phoenix']"
3985,2026-10-03,starting with u.s. museums,"['broad bean', 'getty images', 'met halfway', 'whitney houston']"
3986,2026-10-03,ending in musicals,"['elbow grease', 'fat cats', 'linda hamilton', 'something wicked']"
3987,2026-10-03,"starting with terms for ""toilet""","['can opener', 'head waiter', 'john denver', 'w.c. fields']"
3988,2026-10-04,silent ___,"['auction', 'film', 'partner', 'treatment']"
3989,2026-10-04,parts of a judge costume,"['collar', 'gavel', 'robe', 'wig']"
3990,2026-10-04,table tennis needs,"['ball', 'net', 'paddle', 'table']"
3991,2026-10-04,considerable amount,"['bunch', 'heap', 'lot', 'stack']"
3992,2026-10-05,ending in ways to temporarily acquire,"['parent', 'please', 'sapphire', 'sloan']"
3993,2026-10-05,kinds of boards,"['advisory', 'chess', 'ironing', 'message']"
3994,2026-10-05,adjectives for mature content,"['explicit', 'graphic', 'strong', 'suggestive']"
3995,2026-10-05,calm,"['content', 'peaceful', 'placid', 'serene']"
3996,2026-10-06,ending in talents,"['catskill', 'knickknack', 'pianoforte', 'stability']"
3997,2026-10-06,___ inn hotels,"['comfort', 'days', 'hampton', 'holiday']"
3998,2026-10-06,kinds of chairs,"['adirondack', 'eames', 'windsor', 'wingback']"
3999,2026-10-06,"financial firms, for short","['berkshire', 'citi', 'goldman', 'merrill']"
4000,2026-06-29,ending in parts of a tree,"['embark', 'groot', 'nudibranch', 'strunk']"
4001,2026-06-29,parts of a speaker,"['cabinet', 'cone', 'magnet', 'woofer']"
4002,2026-06-29,consume with gusto,"['crush', 'guzzle', 'inhale', 'snarf']"
4003,2026-06-29,old timey troublemakers,"['miscreant', 'rogue', 'ruffian', 'scoundrel']"
4004,2026-06-30,"what ""draft"" might refer to","['breeze', 'on tap', 'recruit', 'sketch']"
4005,2026-06-30,common recyclables,"['bottle', 'box', 'can', 'newspaper']"
4006,2026-06-30,participate in some winter olympics,"['curl', 'luge', 'skate', 'ski']"
4007,2026-06-30,dividing structures,"['fence', 'gate', 'hedge', 'wall']"
4008,2026-07-01,starting with countries,"['dominican republic', 'guinea-bissau', 'indianapolis', 'nigeria']"
4009,2026-07-01,places in cocktail names,"['cuba', 'long island', 'moscow', 'singapore']"
4010,2026-07-01,best picture winners/nominees,"['casablanca', 'chicago', 'fargo', 'munich']"
4011,2026-07-01,things named after places,"['champagne', 'china', 'cologne', 'limerick']"
4012,2026-07-02,starting with sports venues,"['court jester', 'diamond ring', 'field mouse', 'track record']"
4013,2026-07-02,starting with nicknames,"['billy goat', 'dan dan noodles', 'rich text', 'tom-tom']"
4014,2026-07-02,old-timey names for things we still use,"['looking glass', 'spectacles', 'talkie', 'water closet']"
4015,2026-07-02,they impersonate other things,"['copycat', 'mime', 'mockingbird', 't-1000']"
4016,2026-07-03,"what things pronounced ""t"" might refer to","['golf accessory', 'gossip', 'hot drink', 'shirt']"
4017,2026-07-03,bad things to give someone,"['cold shoulder', 'dirty look', 'hard time', 'runaround']"
4018,2026-07-03,retro expressions of approval,"['cool beans', 'far out', 'groovy', 'right on']"
4019,2026-07-03,positive feelings,"['bliss', 'felicity', 'happiness', 'warm fuzzies']"
4020,2026-07-04,sweet ___,"['dreams', 'nothings', 'pea', 'spot']"
4021,2026-07-04,tropical drinks,"['hurricane', 'painkiller', 'scorpion', 'zombie']"
4022,2026-07-04,kinds of poems,"['ballad', 'epic', 'ode', 'villanelle']"
4023,2026-07-04,persist,"['continue', 'last', 'linger', 'stay']"
4024,2026-07-05,"what ""w"" might stand for","['tungsten', 'west', 'win', 'with']"
4025,2026-07-05,amex card types,"['centurion', 'gold', 'green', 'platinum']"
4026,2026-07-05,payment methods,"['card', 'cash', 'check', 'wire']"
4027,2026-07-05,granola ingredients,"['honey', 'nuts', 'oats', 'seeds']"
4028,2026-07-06,starting with dating apps,"['bumblebee', 'grind rail', 'matcha', 'tinderbox']"
4029,2026-07-06,acme products used by wile e. coyote,"['earthquake pills', 'iron bird seed', 'rocket skates', 'tnt']"
4030,2026-07-06,science fair model subjects,"['atom', 'dna', 'solar system', 'volcano']"
4031,2026-07-06,stunning news,"['bombshell', 'revelation', 'shocker', 'thunderbolt']"
4032,2026-07-07,"ending in ""sesame street"" characters","['bernie', 'colbert', 'discount', 'san anselmo']"
4033,2026-07-07,___ twist,"['french', 'lemon', 'oliver', 'plot']"
4034,2026-07-07,student-athlete designations,"['all-american', 'jock', 'letterman', 'team captain']"
4035,2026-07-07,rooms in clue,"['conservatory', 'hall', 'kitchen', 'study']"
4036,2026-07-08,house of ___,"['cards', 'lords', 'wax', 'worship']"
4037,2026-07-08,guitar-playing techniques,"['pick', 'pluck', 'strum', 'tap']"
4038,2026-07-08,motif,"['drift', 'plot', 'theme', 'thread']"
4039,2026-07-08,cut into thin pieces,"['grate', 'plane', 'shave', 'sliver']"
4040,2026-07-09,pontiac models,"['firebird', 'g6', 'grand prix', 'trans am']"
4041,2026-07-09,kinds of rugs,"['persian', 'prayer', 'shag', 'throw']"
4042,2026-07-09,music publications,"['billboard', 'pitchfork', 'rolling stone', 'spin']"
4043,2026-07-09,non-alcoholic designators,"['na', 'spirit-free', 'virgin', 'zero-proof']"
4044,2026-07-10,starting with baseball calls,"['ball gown', 'outkast', 'safe mode', 'strike a pose']"
4045,2026-07-10,'80s synth-pop bands,"['depeche mode', 'erasure', 'new order', 'pet shop boys']"
4046,2026-07-10,dessert menu descriptors,"['decadent', 'fresh-baked', 'molten', 'à la mode']"
4047,2026-07-10,smartphone settings,"['airplane mode', 'do not disturb', 'hotspot', 'location services']"
4048,2026-07-11,double letters appearing in that letter's alphabetical position,"['aardvark', 'bocce', 'ebbing', 'twiddle']"
4049,2026-07-11,"""toy story"" characters","['bo peep', 'jessie', 'slinky', 'woody']"
4050,2026-07-11,"undisturbed, as water","['calm', 'flat', 'glassy', 'still']"
4051,2026-07-11,circus equipment,"['cannon', 'stilts', 'trapeze', 'unicycle']"
4052,2026-07-12,starts of u.s. capitals,"['den', 'mad', 'pho', 'sac']"
4053,2026-07-12,verbs in a college life slogan,"['party', 'repeat', 'sleep', 'study']"
4054,2026-07-12,bit of fruit-flavored candy,"['dot', 'nerd', 'runt', 'spree']"
4055,2026-07-12,reproductive part of fruit,"['pip', 'pit', 'seed', 'stone']"
4056,2026-07-13,starting with smooches,"['bussin', 'kisser', 'peckish', 'smackdown']"
4057,2026-07-13,fictional cats,"['figaro', 'puss', 'salem', 'tom']"
4058,2026-07-13,things with handles,"['bucket', 'drawer', 'mug', 'umbrella']"
4059,2026-07-13,interrogate,"['examine', 'grill', 'pump', 'question']"
4060,2026-07-14,symbolized with arrows,"['recycling', 'shuffle', 'this side up', 'u-turn']"
4061,2026-07-14,kinds of baskets,"['easter', 'grocery', 'laundry', 'picnic']"
4062,2026-07-14,edit menu options,"['copy', 'cut', 'delete', 'paste']"
4063,2026-07-14,contract,"['agreement', 'bargain', 'deal', 'understanding']"
4064,2026-07-15,"words before ""room"" to indicate extra space","['breathing', 'elbow', 'head', 'wiggle']"
4065,2026-07-15,kinds of sports,"['extreme', 'motor', 'racket', 'water']"
4066,2026-07-15,things with laces,"['baseball glove', 'corset', 'football', 'shoe']"
4067,2026-07-15,terms for the legal system,"['bar', 'bench', 'court', 'tribunal']"
4068,2026-07-16,starting with tiny marks,"['dot matrix', 'period piece', 'point break', 'spot remover']"
4069,2026-07-16,associated with precision,"['bullseye', 'clockwork', 'laser', 'needle']"
4070,2026-07-16,shades of black,"['charcoal', 'ink', 'jet', 'pitch']"
4071,2026-07-16,skincare products,"['clay mask', 'eye cream', 'peel', 'toner']"
4072,2026-07-17,ending in parts of a car,"['plot spoiler', 'robin hood', 'satires', 'tree trunk']"
4073,2026-07-17,four groups of four,"['cardinal directions', 'classical elements', 'seasons', 'suits']"
4074,2026-07-17,seen in an arcade,"['crane game', 'pinball', 'tickets', 'tokens']"
4075,2026-07-17,grand finale,"['epilogue', 'farewell', 'last dance', 'swan song']"
4076,2026-07-18,"words after ""pop""","['culture', 'fly', 'quiz', 'tart']"
4077,2026-07-18,things tracked in video games,"['health', 'lives', 'score', 'time']"
4078,2026-07-18,belief,"['attitude', 'mind', 'opinion', 'view']"
4079,2026-07-18,commit a basketball violation,"['carry', 'double dribble', 'goaltend', 'travel']"
4080,2026-07-19,___ face expressions,"['game', 'long', 'poker', 'straight']"
4081,2026-07-19,things toilets do,"['drain', 'flush', 'refill', 'swirl']"
4082,2026-07-19,digital coupling verbs,"['connect', 'join', 'pair', 'sync']"
4083,2026-07-19,circuit components,"['breaker', 'fuse', 'relay', 'switch']"
4084,2026-07-20,starting with alcoholic beverages,"['alexa', 'meadow', 'portobello', 'sakes']"
4085,2026-07-20,associated with pearls,"['bubble tea', 'oyster', 'swine', 'wisdom']"
4086,2026-07-20,things to click,"['button', 'icon', 'link', 'menu']"
4087,2026-07-20,announce,"['blare', 'herald', 'sound', 'trumpet']"
4088,2026-07-21,tele___,"['gram', 'kinesis', 'prompter', 'vision']"
4089,2026-07-21,elements of a musical,"['book', 'lyrics', 'music', 'orchestration']"
4090,2026-07-21,software downloads,"['app', 'driver', 'extension', 'plugin']"
4091,2026-07-21,kinds of tops,"['crop', 'halter', 'tank', 'tube']"
4092,2026-07-22,features of a zebra,"['hooves', 'mane', 'tail', 'white stripes']"
4093,2026-07-22,platform-specific posts,"['pins', 'snaps', 'tweets', 'vines']"
4094,2026-07-22,on a golf scorecard,"['hole', 'par', 'score', 'strokes']"
4095,2026-07-22,symptoms of an allergic reaction,"['hives', 'itching', 'rash', 'redness']"
4096,2026-07-23,ending in geometry terms,"['appoint', 'deplane', 'feline', 'jangle']"
4097,2026-07-23,parts of an airport,"['apron', 'hangar', 'runway', 'terminal']"
4098,2026-07-23,in an anxious state,"['excited', 'febrile', 'frenetic', 'intense']"
4099,2026-07-23,spherical things,"['baseball', 'globe', 'marble', 'orange']"
4100,2026-07-24,homophones of religious roles,"['canter', 'fryer', 'llama', 'none']"
4101,2026-07-24,"bring to mind, as a memory","['jog', 'prompt', 'refresh', 'spark']"
4102,2026-07-24,outcomes for a batter,"['home run', 'single', 'strikeout', 'walk']"
4103,2026-07-24,talk at length,"['babble', 'drone', 'ramble', 'yak']"
4104,2026-07-25,strip ___,"['club', 'mall', 'poker', 'steak']"
4105,2026-07-25,african currencies,"['kwanza', 'leone', 'naira', 'rand']"
4106,2026-07-25,"start to cry, with ""up""","['choke', 'mist', 'tear', 'well']"
4107,2026-07-25,spanish relatives,"['abuela', 'hijo', 'madre', 'primo']"
4108,2026-07-26,"what ""shell"" might refer to","['carapace', 'gas station', 'pastry crust', 'rowing boat']"
4109,2026-07-26,expressions for rain,"['april showers', 'liquid sunshine', 'scotch mist', 'wet weather']"
4110,2026-07-26,outmoded consumer tech,"['blackberry', 'discman', 'dvd player', 'plasma tv']"
4111,2026-07-26,baby milestones,"['crawling', 'first words', 'rolling over', 'solid food']"
4112,2026-07-27,icons on a shopping site,"['bell', 'cart', 'heart', 'magnifying glass']"
4113,2026-07-27,kinds of shifts,"['doppler', 'graveyard', 'paradigm', 'stick']"
4114,2026-07-27,long tapered things,"['carrot', 'icicle', 'knitting needle', 'stalactite']"
4115,2026-07-27,gymnastics apparatus,"['beam', 'horse', 'rings', 'vault']"
4116,2026-07-28,starting with palindromic names,"['annapolis', 'bobsled', 'everest', 'ottoman']"
4117,2026-07-28,"shoe brands starting with ""c""","['camper', 'clarks', 'converse', 'crocs']"
4118,2026-07-28,how do you like them apples,"['empire', 'fuji', 'gala', 'honeycrisp']"
4119,2026-07-28,command,"['captain', 'direct', 'head', 'lead']"
4120,2026-07-29,___boards in a classroom,"['black', 'chalk', 'cork', 'white']"
4121,2026-07-29,units of wisdom,"['gem', 'nugget', 'pearl', 'word']"
4122,2026-07-29,nondescript,"['basic', 'mid', 'plain', 'vanilla']"
4123,2026-07-29,fasteners,"['nail', 'rivet', 'screw', 'staple']"
4124,2026-07-30,"on the ___, to mean ""precise""","['dot', 'mark', 'money', 'nose']"
4125,2026-07-30,cruise lines,"['carnival', 'celebrity', 'princess', 'viking']"
4126,2026-07-30,activities with multiple balls,"['beer pong', 'bingo', 'juggling', 'pool']"
4127,2026-07-30,virtuous,"['fair', 'good', 'just', 'right']"
4128,2026-07-31,starting with merriments,"['cheerios', 'fungus', 'gleek', 'joystick']"
4129,2026-07-31,fruits plus starting letter,"['dapple', 'jdate', 'slime', 'spear']"
4130,2026-07-31,super mario figures,"['dinosaur', 'mushroom', 'plumber', 'princess']"
4131,2026-07-31,construct,"['fashion', 'model', 'mold', 'shape']"
4132,2026-08-01,starting with bread shapes,"['boulevard', 'bundle', 'loafer', 'rolls-royce']"
4133,2026-08-01,perform some hole machining operations,"['bore', 'countersink', 'drill', 'ream']"
4134,2026-08-01,oscar-winning actors since 2010,"['bale', 'jordan', 'phoenix', 'waltz']"
4135,2026-08-01,bedding,"['comforter', 'sham', 'sheet', 'throw']"
4136,2026-08-02,u.s. airport codes plus starting letter,"['asea', 'flax', 'lord', 'olga']"
4137,2026-08-02,___ mode,"['airplane', 'beast', 'dark', 'à la']"
4138,2026-08-02,by means of,"['by', 'per', 'through', 'via']"
4139,2026-08-02,filler words,"['actually', 'like', 'so', 'well']"
4140,2026-08-03,"starting with synonyms for ""pester""","['bug fix', 'nag champa', 'needless', 'tea set']"
4141,2026-08-03,"""y"" is the only vowel","['fly by', 'myrrh', 'nsync', 'rhythm']"
4142,2026-08-03,shades of green,"['forest', 'hunter', 'mint', 'sage']"
4143,2026-08-03,road less traveled,"['alley', 'backstreet', 'byway', 'lane']"
4144,2026-08-04,v-shaped things,"['angle bracket', 'chevron', 'goose formation', 'peace sign']"
4145,2026-08-04,things with pedals,"['piano', 'sewing machine', 'swan boat', 'unicycle']"
4146,2026-08-04,iconic nyc sights,"['bodega', 'pigeon', 'subway station', 'taxi cab']"
4147,2026-08-04,long cylindrical things,"['cigarette', 'foam roller', 'pool noodle', 'pretzel rod']"
4148,2026-08-05,"what ""stock"" might refer to","['broth', 'cattle', 'investment', 'merchandise']"
4149,2026-08-05,house styles,"['cape cod', 'mission', 'ranch', 'tudor']"
4150,2026-08-05,jeans brands,"['diesel', 'gap', 'lucky', 'wrangler']"
4151,2026-08-05,navigate,"['drive', 'maneuver', 'pilot', 'steer']"
4152,2026-08-06,places with nets,"['barclays center', 'fishing boat', 'hockey rink', 'tennis court']"
4153,2026-08-06,iconic roman landmarks,"['colosseum', 'pantheon', 'spanish steps', 'trevi fountain']"
4154,2026-08-06,places with lanes,"['bowling alley', 'freeway', 'supermarket', 'swimming pool']"
4155,2026-08-06,classic wooden toys,"['alphabet blocks', 'cup-and-ball', ""jacob's ladder"", 'lincoln logs']"
4156,2026-08-07,starting with male animals,"['buckyball', 'jackpot', 'rambo', 'tomatillo']"
4157,2026-08-07,parts of an elevator,"['buttons', 'cables', 'motor', 'shaft']"
4158,2026-08-07,cold things,"['liquid nitrogen', 'refrigerator', 'snow', 'sundae']"
4159,2026-08-07,components of a candle,"['fragrance', 'jar', 'wax', 'wick']"
4160,2026-08-08,safety ___,"['belt', 'goggles', 'pin', 'razor']"
4161,2026-08-08,words abbreviated with letters as homophones,"['cutie', 'easy', 'effects', 'i owe you']"
4162,2026-08-08,convey,"['couch', 'express', 'frame', 'phrase']"
4163,2026-08-08,quaint expressions of excitement,"['hot dog', 'hurrah', 'whoopee', 'yahoo']"
4164,2026-08-09,things people try to get out of,"['bad dream', 'escape room', 'jury duty', 'labyrinth']"
4165,2026-08-09,movie subgenres,"['buddy cop', 'neo-noir', 'space opera', 'spaghetti western']"
4166,2026-08-09,classic children's books,"['caps for sale', 'corduroy', 'goodnight moon', 'madeline']"
4167,2026-08-09,take a different approach,"['change tack', 'course-correct', 'recalibrate', 'shift gears']"
4168,2026-08-10,famous goatees,"['billy goat', 'colonel sanders', 'doctor strange', 'the devil']"
4169,2026-08-10,sections on an invoice,"['balance due', 'bill to', 'order number', 'unit price']"
4170,2026-08-10,ways to receive event tickets,"['mail delivery', 'mobile ticket', 'print-at-home', 'will call']"
4171,2026-08-10,haphazardly,"['any old how', 'at random', 'helter-skelter', 'willy-nilly']"
4172,2026-08-11,homophones of facial features,"['aye', 'hare', 'knows', 'tung']"
4173,2026-08-11,words in an auctioneer's chant,"['going', 'once', 'sold', 'twice']"
4174,2026-08-11,basic cable channels,"['bet', 'bravo', 'history', 'usa']"
4175,2026-08-11,doomed,"['done', 'sunk', 'through', 'toast']"
4176,2026-08-12,starting with affirmative responses,"['fine print', 'goodbye', 'great white', 'okayama']"
4177,2026-08-12,nbc sitcom surnames,"['benes', 'bing', 'lemon', 'scott']"
4178,2026-08-12,kinds of frogs,"['bull', 'green', 'poison dart', 'tree']"
4179,2026-08-12,"hold onto, as a feeling","['foster', 'harbor', 'maintain', 'nurse']"
4180,2026-08-13,"""cold"" things, in idioms","['comfort', 'feet', 'shoulder', 'turkey']"
4181,2026-08-13,airline status perks,"['checked bags', 'lounge', 'miles', 'upgrade']"
4182,2026-08-13,move slowly (up to),"['creep', 'ease', 'edge', 'inch']"
4183,2026-08-13,persevere,"['carry on', 'continue', 'make it', 'persist']"
4184,2026-08-14,triangle logos,"['bass ale', 'citgo', 'delta airlines', 'google drive']"
4185,2026-08-14,comic book artist's tools,"['bristol board', 'dip pen', 'india ink', 'straightedge']"
4186,2026-08-14,places where everyone thinks the same ways,"['bubble', 'echo chamber', 'hivemind', 'silo']"
4187,2026-08-14,black-and-yellow,"['bumblebee', 'caution tape', 'charlie brown', 'wolverine']"
4188,2026-08-15,ending in synonyms for follow secretly,"['beanstalk', 'eyeshadow', 'hightail', 'soundtrack']"
4189,2026-08-15,ending in units of length,"['chamomile', 'grinch', 'hotfoot', 'lanyard']"
4190,2026-08-15,segment,"['leg', 'phase', 'stage', 'stretch']"
4191,2026-08-15,exhausted,"['beat', 'fried', 'spent', 'worn out']"
4192,2026-08-16,descriptors for our human ancestors,"['from neander', 'handy', 'upright', 'wise']"
4193,2026-08-16,family relationship modifiers,"['grand', 'great', 'half', 'step']"
4194,2026-08-16,participant,"['actor', 'agent', 'party', 'player']"
4195,2026-08-16,musical performance,"['concert', 'gig', 'set', 'show']"
4196,2026-08-17,starting with pets,"['birdie', 'cattle', 'dogie', 'fisheye']"
4197,2026-08-17,first names of country music legends,"['dolly', 'johnny', 'patsy', 'willie']"
4198,2026-08-17,spreadsheet features,"['formula', 'function', 'macro', 'script']"
4199,2026-08-17,video call platforms,"['huddle', 'meet', 'teams', 'zoom']"
4200,2026-08-18,things that are gritty,"['cowboy coffee', 'film noir', 'flyers mascot', 'sandpaper']"
4201,2026-08-18,things that are orange,"['basketball', 'orangutan', 'sweet potato', 'traffic cone']"
4202,2026-08-18,pjs,"['petroleum jelly', 'poetic justice', 'practical joke', 'private jet']"
4203,2026-08-18,seen at a movie premiere,"['limousine', 'paparazzi', 'red carpet', 'velvet rope']"
4204,2026-08-19,homophones of cgi-animated films,"['ants', 'cocoa', 'rheo', 'seoul']"
4205,2026-08-19,"words before ""ball"" in sport names","['base', 'basket', 'foot', 'pickle']"
4206,2026-08-19,conceal,"['blanket', 'hide', 'mask', 'obscure']"
4207,2026-08-19,piece of cake,"['breeze', 'cinch', 'picnic', 'snap']"
4208,2026-08-20,starting with chinese zodiac animals,"['dragonfly', 'oxford', 'pigment', 'ratchet']"
4209,2026-08-20,similarly shaped typographical marks,"['apostrophe', 'cedilla', 'comma', 'okina']"
4210,2026-08-20,kinds of numbers,"['atomic', 'serial', 'social security', 'telephone']"
4211,2026-08-20,kinds of pizza,"['diavola', 'hawaiian', 'meat lovers', 'white']"
4212,2026-08-21,once in a ___,"['blue moon', 'generation', 'lifetime', 'while']"
4213,2026-08-21,___ kids,"['comeback', 'karate', 'sundance', 'wimpy']"
4214,2026-08-21,calls to begin a performance,"['action', 'curtain up', 'places', 'showtime']"
4215,2026-08-21,things most animals need,"['nutrition', 'oxygen', 'sleep', 'water']"
4216,2026-08-22,___ girls of pop culture,"['gilmore', 'golden', 'mean', 'spice']"
4217,2026-08-22,garden hose settings,"['cone', 'jet', 'mist', 'shower']"
4218,2026-08-22,kinds of melon,"['bitter', 'musk', 'water', 'winter']"
4219,2026-08-22,carpentry tools,"['chisel', 'hammer', 'plane', 'saw']"
4220,2026-08-23,household stain removers,"['baking soda', 'club soda', 'hydrogen peroxide', 'vinegar']"
4221,2026-08-23,made with potatoes,"['home fries', 'potato battery', 'vischyssoise', 'vodka']"
4222,2026-08-23,double vowels,"['antifreeze', 'bazaar', 'skiing', 'vacuum']"
4223,2026-08-23,potentially explosive things,"['powder keg', 'time bomb', 'tinderbox', 'volcano']"
4224,2026-08-24,letter homophone plus tennis term,"['beset', 'deserve', 'ex-love', 'eyelet']"
4225,2026-08-24,pro-wrestling lingo,"['face', 'heel', 'jobber', 'kayfabe']"
4226,2026-08-24,principal,"['arch', 'chief', 'main', 'prime']"
4227,2026-08-24,fish,"['mullet', 'pike', 'sole', 'tang']"
4228,2026-08-25,ending in ice cream orders,"['harlem shake', 'inside scoop', 'lickety-split', 'traffic cone']"
4229,2026-08-25,"stephen king film adaptations, with ""the""","['green mile', 'long walk', 'running man', 'shawshank redemption']"
4230,2026-08-25,sci-fi phenomena,"['hyperspace', 'parallel universe', 'teleportation', 'time warp']"
4231,2026-08-25,surface-level,"['cosmetic', 'one-dimensional', 'skin-deep', 'superficial']"
4232,2026-08-26,key ___,"['chain', 'largo', 'lime', 'signature']"
4233,2026-08-26,"what ""p"" might stand for","['page', 'park', 'phosphorus', 'piano']"
4234,2026-08-26,knack,"['forte', 'gift', 'strength', 'talent']"
4235,2026-08-26,"""there you have it!""","['behold', 'presto', 'shazam', 'voilà']"
4236,2026-08-27,music genre plus starting letter,"['brock', 'nemo', 'spunk', 'wrap']"
4237,2026-08-27,shades of gray,"['ash', 'dove', 'pewter', 'slate']"
4238,2026-08-27,moved to tears,"['choked up', 'emotional', 'misty', 'overcome']"
4239,2026-08-27,electric things,"['electric eel', 'lightning', 'live wire', 'pikachu']"
4240,2026-08-28,top of the ___,"['hour', 'line', 'morning', 'pops']"
4241,2026-08-28,modern add-ons/combining forms,"['bro', 'coded', 'era', 'maxxing']"
4242,2026-08-28,palindromes,"['mom', 'noon', 'sis', 'top spot']"
4243,2026-08-28,bedtime parting words,"['night', 'rest easy', 'sleep tight', 'sweet dreams']"
4244,2026-08-29,starting with figures from greek myth,"['at last', 'herald', 'hydrant', 'tritone']"
4245,2026-08-29,keyboard keys,"['control', 'escape', 'shift', 'space']"
4246,2026-08-29,kinds of salad,"['chopped', 'greek', 'house', 'wedge']"
4247,2026-08-29,under the hood of a car,"['alternator', 'battery', 'engine', 'radiator']"
4248,2026-08-30,words on an old west wanted poster,"['alias', 'outlaw', 'reward', 'wanted']"
4249,2026-08-30,brands with bunny rabbit mascots,"['cadbury', 'energizer', 'playboy', 'trix']"
4250,2026-08-30,wine accessories,"['aerator', 'corkscrew', 'decanter', 'stopper']"
4251,2026-08-30,exercise facilities,"['gymnasium', 'health club', 'rec center', 'ymca']"
4252,2026-08-31,___ bowl,"['dust', 'poke', 'salad', 'super']"
4253,2026-08-31,historical sovereign titles,"['caliph', 'khan', 'pharaoh', 'shogun']"
4254,2026-08-31,warnings on a shipping box,"['fragile', 'heavy', 'perishable', 'this side up']"
4255,2026-08-31,things that come in tubes,"['lipstick', 'poster', 'tennis balls', 'toothpaste']"
4256,2026-09-01,starting with words of intention,"['aimee mann', 'hope diamond', 'planetarium', 'wishy-washy']"
4257,2026-09-01,private investigators of fiction,"['hercule poirot', 'mike hammer', 'sam spade', 'sherlock holmes']"
4258,2026-09-01,"long, skinny things often seen together","['arrow', 'golf club', 'pick-up stick', 'spaghetto']"
4259,2026-09-01,"""i promise!""","['cross my heart', 'for real', 'on god', 'pinky swear']"
4260,2026-09-02,___ dogs (that aren't dogs),"['corn', 'prairie', 'salty', 'top']"
4261,2026-09-02,___ dogs (that are dogs),"['hunting', 'rescue', 'sausage', 'sheep']"
4262,2026-09-02,things in a violin case,"['bow', 'mute', 'rosin', 'shoulder rest']"
4263,2026-09-02,flabbergast,"['dazzle', 'floor', 'stun', 'wow']"
4264,2026-09-03,spreadsheet functions,"['average', 'count', 'max', 'sum']"
4265,2026-09-03,toy car brands,"['hot wheels', 'matchbox', 'micro machines', 'tonka']"
4266,2026-09-03,shades of red,"['carmine', 'cinnabar', 'maroon', 'vermillion']"
4267,2026-09-03,two shakes of a lamb's tail,"['blink', 'flash', 'heartbeat', 'trice']"
4268,2026-09-04,accessories inside starting and ending letters,"['cringy', 'opine', 'stied', ""that's""]"
4269,2026-09-04,kinds of eels,"['conger', 'gulper', 'moray', 'ribbon']"
4270,2026-09-04,food whose name is two foods,"['cake donut', 'candy corn', 'cherry tomato', 'pizza pie']"
4271,2026-09-04,spherical things,"['bowling ball', 'eye', 'moon', 'orange']"
4272,2026-09-05,desserts minus last letter,"['cobble', 'pi', 'tar', 'tort']"
4273,2026-09-05,___head,"['bobble', 'hammer', 'jug', 'sleepy']"
4274,2026-09-05,bird onomatopoeia,"['coo', 'gobble', 'honk', 'warble']"
4275,2026-09-05,move unsteadily,"['sway', 'toddle', 'totter', 'wobble']"
4276,2026-09-06,ending with ways to carve a surface,"['court scribe', ""director's cut"", 'pizza slice', 'sat score']"
4277,2026-09-06,abbreviations followed by redundant word,"['atm machine', 'lcd display', 'pin number', 'upc code']"
4278,2026-09-06,places to insert something into on a computer,"['card slot', 'headphone jack', 'optical drive', 'usb port']"
4279,2026-09-06,unrestricted permission,"['blank check', 'carte blanche', 'free reign', 'full authority']"
4280,2026-09-07,starting with disney characters,"['plutonium', 'scar tissue', 'stitch marker', 'trampoline']"
4281,2026-09-07,associated with pine trees,"['car air freshener', 'christmas', 'needles', 'turpentine']"
4282,2026-09-07,parts of a bra,"['cup', 'hook', 'strap', 'underwire']"
4283,2026-09-07,quite the saga,"['fabrication', 'fish story', 'tall tale', 'yarn']"
4284,2026-09-08,candy bars plus a letter,"['doves', 'marsh', 'skort', 'twixt']"
4285,2026-09-08,___ heart,"['artichoke', 'purple', 'sacred', 'take to']"
4286,2026-09-08,features of a mime costume,"['beret', 'gloves', 'stripes', 'suspenders']"
4287,2026-09-08,classic american performance cars,"['corvette', 'firebird', 'mustang', 'viper']"
4288,2026-09-09,"words before ""force""","['brute', 'electromagnetic', 'g', 'task']"
4289,2026-09-09,horror movies,"['arachnophobia', 'halloween', 'it', 'saw']"
4290,2026-09-09,"words with ""small"" prefixes","['microbrewery', 'minivan', 'nanotechnology', 'picosecond']"
4291,2026-09-09,hard to understand,"['bewildering', 'esoteric', 'incomprehensible', 'opaque']"
4292,2026-09-10,"ending in synonyms for ""happening now""","['adult contemporary', 'alternating current', 'represent', 'sextant']"
4293,2026-09-10,bruce springsteen classics,"['atlantic city', 'badlands', 'born to run', 'thunder road']"
4294,2026-09-10,what you might see sticking out of a window,"['air conditioner', 'catio', 'clothesline', 'flower box']"
4295,2026-09-10,chemical elements,"['actinium', 'krypton', 'lead', 'sulfur']"
4296,2026-09-11,things that are pushed metaphorically,"['agenda', 'envelope', 'limits', 'luck']"
4297,2026-09-11,ways to practice self-care,"['exercise', 'journal', 'meditate', 'unplug']"
4298,2026-09-11,internalize,"['absorb', 'digest', 'process', 'take in']"
4299,2026-09-11,people hired for an event,"['band', 'florist', 'photographer', 'planner']"
4300,2026-09-12,___ alert,"['nerd', 'red', 'spoiler', 'weather']"
4301,2026-09-12,things that blink,"['cursor', 'eyelids', 'smoke detector', 'turn signal']"
4302,2026-09-12,people in an online forum,"['lurker', 'poster', 'spammer', 'troll']"
4303,2026-09-12,ways to personalize a car,"['bumper sticker', 'fuzzy dice', 'hood ornament', 'vanity plate']"
4304,2026-09-13,ending in elevated landforms,"['doublespeak', 'heathcliff', 'paramount', 'porridge']"
4305,2026-09-13,words that sound like two letters,"['empty', 'excess', 'kewpie', 'odie']"
4306,2026-09-13,u.s. presidents,"['cleveland', 'garfield', 'grant', 'madison']"
4307,2026-09-13,lacking in firmness,"['droopy', 'flaccid', 'sagging', 'slack']"
4308,2026-09-14,___grass,"['blue', 'crab', 'lemon', 'wheat']"
4309,2026-09-14,common single-use plastic items,"['bag', 'cutlery', 'stirrer', 'straw']"
4310,2026-09-14,informant,"['canary', 'rat', 'snitch', 'stoolie']"
4311,2026-09-14,waterbirds,"['coot', 'goose', 'loon', 'teal']"
4312,2026-09-15,things that appear at the end,"['caboose', 'december', 'dessert', 'epilogue']"
4313,2026-09-15,undercover operative,"['asset', 'mole', 'plant', 'sleeper']"
4314,2026-09-15,parts of a whistling kettle,"['handle', 'lid', 'spout', 'whistle']"
4315,2026-09-15,instruct,"['coach', 'direct', 'guide', 'train']"
4316,2026-09-16,sausages plus a letter,"['borat', 'clink', 'frank-n-furter', 'widener']"
4317,2026-09-16,poets' middle names,"['barrett', 'carlos', 'st. vincent', 'wadsworth']"
4318,2026-09-16,starting with u.s. coins,"['dimension', 'nickelodeon', 'pennywise', 'quarterback']"
4319,2026-09-16,ending in metal elements,"['latin', 'long john silver', 'marigold', 'steam iron']"
4320,2026-09-17,love ___,"['handles', 'language', 'tap', 'triangle']"
4321,2026-09-17,"hugh jackman movies, with ""the""","['fountain', 'prestige', 'sheep detectives', 'wolverine']"
4322,2026-09-17,things that are underground,"['mine shaft', 'sewer line', 'subway station', 'well']"
4323,2026-09-17,elasticity,"['bounce', 'flexibility', 'give', 'spring']"
4324,2026-09-18,___case,"['brief', 'pillow', 'stair', 'upper']"
4325,2026-09-18,parts of a flight,"['boarding', 'cruise', 'landing', 'takeoff']"
4326,2026-09-18,assortments of food/drink,"['flight', 'medley', 'platter', 'sampler']"
4327,2026-09-18,segment of a process,"['phase', 'round', 'stage', 'step']"
4328,2026-09-19,starting with abbreviated math functions,"['cos lettuce', 'log cabin', 'sin city', 'tan line']"
4329,2026-09-19,associated with swinging london in the 1960s,"['carnaby street', 'miniskirt', 'mod', 'twiggy']"
4330,2026-09-19,features of a kid's drawing,"['house', 'stick figure', 'sun', 'tree']"
4331,2026-09-19,widen one's scope,"['branch out', 'diversify', 'expand', 'grow']"
4332,2026-09-20,___boards you ride on,"['hover', 'skate', 'snow', 'surf']"
4333,2026-09-20,vampire movies,"['blade', 'near dark', 'sinners', 'twilight']"
4334,2026-09-20,associated with kentucky,"['bluegrass', 'bourbon', 'derby', 'fried chicken']"
4335,2026-09-20,round flat things,"['blu-ray', 'coaster', 'sand dollar', 'tortilla']"
4336,2026-09-21,starts of composers' names,"['beet', 'brah', 'chop', 'viva']"
4337,2026-09-21,chess verbs,"['capture', 'castle', 'check', 'mate']"
4338,2026-09-21,ways to attract fish,"['chum', 'fly', 'spinner', 'worm']"
4339,2026-09-21,email buttons,"['compose', 'drafts', 'sent', 'spam']"
4340,2026-09-22,beverages with acute accents removed,"['cafe', 'patron', 'rose', 'the']"
4341,2026-09-22,options on a multiple choice survey,"['agree', 'disagree', 'neutral', 'other']"
4342,2026-09-22,embellishment,"['accent', 'detail', 'flourish', 'touch']"
4343,2026-09-22,demonstratives,"['that', 'these', 'this', 'those']"
4344,2026-09-23,"ending in synonyms for ""term""","['bitcoin', 'record label', 'rub-a-dub', 'suriname']"
4345,2026-09-23,things that come in cans,"['condensed milk', 'paint', 'shaving cream', 'spam']"
4346,2026-09-23,website hurdles,"['age verification', 'captcha', 'cookie consent', 'paywall']"
4347,2026-09-23,things you grab before leaving the house,"['keys', 'phone', 'sunglasses', 'wallet']"
4348,2026-09-24,anagrams,"['beer hat', 'breathe', 'herb tea', 'the bear']"
4349,2026-09-24,featuring pointing,"['creation of adam', 'foam finger', ""i'm with stupid shirt"", 'uncle sam']"
4350,2026-09-24,things with spring/s,"['bobblehead', 'pogo stick', 'snakes in a can', 'trampoline']"
4351,2026-09-24,parts of a vampire costume,"['cape', 'face paint', 'fake blood', 'fangs']"
4352,2026-09-25,taxonomic ranks plus a letter,"['border', 'classy', 'foamily', 'genius']"
4353,2026-09-25,famous dans,"['aykroyd', 'levy', 'rather', 'savage']"
4354,2026-09-25,parts of a mechanical clock,"['escapement', 'pendulum', 'ratchet', 'spring']"
4355,2026-09-25,luxe,"['bougie', 'fancy', 'posh', 'swank']"
4356,2026-09-26,"""cool"" things, in expressions","['beans', 'cat', 'cucumber', 'customer']"
4357,2026-09-26,features of wood,"['burl', 'grain', 'knots', 'rings']"
4358,2026-09-26,things done to a dress shirt at the laundry,"['fold', 'press', 'starch', 'wash']"
4359,2026-09-26,breath fresheners,"['gum', 'mint', 'mouthwash', 'spray']"
4360,2026-09-27,ending in chinese dynasties,"['bbqing', 'homing', 'lohan', 'wu-tang']"
4361,2026-09-27,telecom,"['carrier', 'network', 'operator', 'provider']"
4362,2026-09-27,restaurant seating options,"['banquette', 'booth', 'chair', 'stool']"
4363,2026-09-27,sculpture media,"['bronze', 'clay', 'marble', 'plaster']"
4364,2026-09-28,three letters plus repeated trigrams,"['arkansans', 'chihuahua', 'possesses', 'springing']"
4365,2026-09-28,dodge models,"['challenger', 'charger', 'durango', 'viper']"
4366,2026-09-28,oyster condiments,"['horseradish', 'lemon', 'mignonette', 'tabasco']"
4367,2026-09-28,things with stalks,"['bamboo', 'celery', 'corn', 'wheat']"
4368,2026-09-29,phrases hiding greek letters,"['freeze tag', 'home game', 'model tank', 'oral phase']"
4369,2026-09-29,first words of pixar films,"['finding', 'inside', 'monsters', 'toy']"
4370,2026-09-29,river features,"['delta', 'drainage basin', 'mouth', 'stream bed']"
4371,2026-09-29,secluded,"['hidden', 'remote', 'secret', 'tucked away']"
4372,2026-09-30,starting with month abbreviations,"['decent', 'novelty', 'octopussy', 'septum']"
4373,2026-09-30,gangster movies,"['bugsy', 'casino', 'donnie brasco', 'scarface']"
4374,2026-09-30,things that are shaken (not stirred),"['etch a sketch', 'martini', 'spray paint', 'tambourine']"
4375,2026-09-30,securities,"['bond', 'future', 'option', 'stock']"
4376,2026-10-01,starts of nyt print puzzles,"['acro', 'cross', 'ken', 'sud']"
4377,2026-10-01,"2000s indie rock bands, with ""the""","['decemberists', 'national', 'shins', 'walkmen']"
4378,2026-10-01,dress shirt measurements,"['chest', 'neck', 'sleeve', 'waist']"
4379,2026-10-01,put,"['place', 'position', 'situate', 'stick']"
4380,2026-10-02,prime ___,"['number', 'real estate', 'rib', 'time']"
4381,2026-10-02,customary,"['common', 'routine', 'standard', 'stock']"
4382,2026-10-02,fingers,"['index', 'little', 'middle', 'ring']"
4383,2026-10-02,finance,"['back', 'bankroll', 'fund', 'support']"
4384,2026-10-03,ending in fantasy creatures,"['diet sprite', 'merv griffin', 'ny giant', 'river phoenix']"
4385,2026-10-03,starting with u.s. museums,"['broad bean', 'getty images', 'met halfway', 'whitney houston']"
4386,2026-10-03,ending in musicals,"['elbow grease', 'fat cats', 'linda hamilton', 'something wicked']"
4387,2026-10-03,"starting with terms for ""toilet""","['can opener', 'head waiter', 'john denver', 'w.c. fields']"
4388,2026-10-04,silent ___,"['auction', 'film', 'partner', 'treatment']"
4389,2026-10-04,parts of a judge costume,"['collar', 'gavel', 'robe', 'wig']"
4390,2026-10-04,table tennis needs,"['ball', 'net', 'paddle', 'table']"
4391,2026-10-04,considerable amount,"['bunch', 'heap', 'lot', 'stack']"
4392,2026-10-05,ending in ways to temporarily acquire,"['parent', 'please', 'sapphire', 'sloan']"
4393,2026-10-05,kinds of boards,"['advisory', 'chess', 'ironing', 'message']"
4394,2026-10-05,adjectives for mature content,"['explicit', 'graphic', 'strong', 'suggestive']"
4395,2026-10-05,calm,"['content', 'peaceful', 'placid', 'serene']"
4396,2026-10-06,ending in talents,"['catskill', 'knickknack', 'pianoforte', 'stability']"
4397,2026-10-06,___ inn hotels,"['comfort', 'days', 'hampton', 'holiday']"
4398,2026-10-06,kinds of chairs,"['adirondack', 'eames', 'windsor', 'wingback']"
4399,2026-10-06,"financial firms, for short","['berkshire', 'citi', 'goldman', 'merrill']"
4400,2026-06-29,ending in parts of a tree,"['embark', 'groot', 'nudibranch', 'strunk']"
4401,2026-06-29,parts of a speaker,"['cabinet', 'cone', 'magnet', 'woofer']"
4402,2026-06-29,consume with gusto,"['crush', 'guzzle', 'inhale', 'snarf']"
4403,2026-06-29,old timey troublemakers,"['miscreant', 'rogue', 'ruffian', 'scoundrel']"
4404,2026-06-30,"what ""draft"" might refer to","['breeze', 'on tap', 'recruit', 'sketch']"
4405,2026-06-30,common recyclables,"['bottle', 'box', 'can', 'newspaper']"
4406,2026-06-30,participate in some winter olympics,"['curl', 'luge', 'skate', 'ski']"
4407,2026-06-30,dividing structures,"['fence', 'gate', 'hedge', 'wall']"
4408,2026-07-01,starting with countries,"['dominican republic', 'guinea-bissau', 'indianapolis', 'nigeria']"
4409,2026-07-01,places in cocktail names,"['cuba', 'long island', 'moscow', 'singapore']"
4410,2026-07-01,best picture winners/nominees,"['casablanca', 'chicago', 'fargo', 'munich']"
4411,2026-07-01,things named after places,"['champagne', 'china', 'cologne', 'limerick']"
4412,2026-07-02,starting with sports venues,"['court jester', 'diamond ring', 'field mouse', 'track record']"
4413,2026-07-02,starting with nicknames,"['billy goat', 'dan dan noodles', 'rich text', 'tom-tom']"
4414,2026-07-02,old-timey names for things we still use,"['looking glass', 'spectacles', 'talkie', 'water closet']"
4415,2026-07-02,they impersonate other things,"['copycat', 'mime', 'mockingbird', 't-1000']"
4416,2026-07-03,"what things pronounced ""t"" might refer to","['golf accessory', 'gossip', 'hot drink', 'shirt']"
4417,2026-07-03,bad things to give someone,"['cold shoulder', 'dirty look', 'hard time', 'runaround']"
4418,2026-07-03,retro expressions of approval,"['cool beans', 'far out', 'groovy', 'right on']"
4419,2026-07-03,positive feelings,"['bliss', 'felicity', 'happiness', 'warm fuzzies']"
4420,2026-07-04,sweet ___,"['dreams', 'nothings', 'pea', 'spot']"
4421,2026-07-04,tropical drinks,"['hurricane', 'painkiller', 'scorpion', 'zombie']"
4422,2026-07-04,kinds of poems,"['ballad', 'epic', 'ode', 'villanelle']"
4423,2026-07-04,persist,"['continue', 'last', 'linger', 'stay']"
4424,2026-07-05,"what ""w"" might stand for","['tungsten', 'west', 'win', 'with']"
4425,2026-07-05,amex card types,"['centurion', 'gold', 'green', 'platinum']"
4426,2026-07-05,payment methods,"['card', 'cash', 'check', 'wire']"
4427,2026-07-05,granola ingredients,"['honey', 'nuts', 'oats', 'seeds']"
4428,2026-07-06,starting with dating apps,"['bumblebee', 'grind rail', 'matcha', 'tinderbox']"
4429,2026-07-06,acme products used by wile e. coyote,"['earthquake pills', 'iron bird seed', 'rocket skates', 'tnt']"
4430,2026-07-06,science fair model subjects,"['atom', 'dna', 'solar system', 'volcano']"
4431,2026-07-06,stunning news,"['bombshell', 'revelation', 'shocker', 'thunderbolt']"
4432,2026-07-07,"ending in ""sesame street"" characters","['bernie', 'colbert', 'discount', 'san anselmo']"
4433,2026-07-07,___ twist,"['french', 'lemon', 'oliver', 'plot']"
4434,2026-07-07,student-athlete designations,"['all-american', 'jock', 'letterman', 'team captain']"
4435,2026-07-07,rooms in clue,"['conservatory', 'hall', 'kitchen', 'study']"
4436,2026-07-08,house of ___,"['cards', 'lords', 'wax', 'worship']"
4437,2026-07-08,guitar-playing techniques,"['pick', 'pluck', 'strum', 'tap']"
4438,2026-07-08,motif,"['drift', 'plot', 'theme', 'thread']"
4439,2026-07-08,cut into thin pieces,"['grate', 'plane', 'shave', 'sliver']"
4440,2026-07-09,pontiac models,"['firebird', 'g6', 'grand prix', 'trans am']"
4441,2026-07-09,kinds of rugs,"['persian', 'prayer', 'shag', 'throw']"
4442,2026-07-09,music publications,"['billboard', 'pitchfork', 'rolling stone', 'spin']"
4443,2026-07-09,non-alcoholic designators,"['na', 'spirit-free', 'virgin', 'zero-proof']"
4444,2026-07-10,starting with baseball calls,"['ball gown', 'outkast', 'safe mode', 'strike a pose']"
4445,2026-07-10,'80s synth-pop bands,"['depeche mode', 'erasure', 'new order', 'pet shop boys']"
4446,2026-07-10,dessert menu descriptors,"['decadent', 'fresh-baked', 'molten', 'à la mode']"
4447,2026-07-10,smartphone settings,"['airplane mode', 'do not disturb', 'hotspot', 'location services']"
4448,2026-07-11,double letters appearing in that letter's alphabetical position,"['aardvark', 'bocce', 'ebbing', 'twiddle']"
4449,2026-07-11,"""toy story"" characters","['bo peep', 'jessie', 'slinky', 'woody']"
4450,2026-07-11,"undisturbed, as water","['calm', 'flat', 'glassy', 'still']"
4451,2026-07-11,circus equipment,"['cannon', 'stilts', 'trapeze', 'unicycle']"
4452,2026-07-12,starts of u.s. capitals,"['den', 'mad', 'pho', 'sac']"
4453,2026-07-12,verbs in a college life slogan,"['party', 'repeat', 'sleep', 'study']"
4454,2026-07-12,bit of fruit-flavored candy,"['dot', 'nerd', 'runt', 'spree']"
4455,2026-07-12,reproductive part of fruit,"['pip', 'pit', 'seed', 'stone']"
4456,2026-07-13,starting with smooches,"['bussin', 'kisser', 'peckish', 'smackdown']"
4457,2026-07-13,fictional cats,"['figaro', 'puss', 'salem', 'tom']"
4458,2026-07-13,things with handles,"['bucket', 'drawer', 'mug', 'umbrella']"
4459,2026-07-13,interrogate,"['examine', 'grill', 'pump', 'question']"
4460,2026-07-14,symbolized with arrows,"['recycling', 'shuffle', 'this side up', 'u-turn']"
4461,2026-07-14,kinds of baskets,"['easter', 'grocery', 'laundry', 'picnic']"
4462,2026-07-14,edit menu options,"['copy', 'cut', 'delete', 'paste']"
4463,2026-07-14,contract,"['agreement', 'bargain', 'deal', 'understanding']"
4464,2026-07-15,"words before ""room"" to indicate extra space","['breathing', 'elbow', 'head', 'wiggle']"
4465,2026-07-15,kinds of sports,"['extreme', 'motor', 'racket', 'water']"
4466,2026-07-15,things with laces,"['baseball glove', 'corset', 'football', 'shoe']"
4467,2026-07-15,terms for the legal system,"['bar', 'bench', 'court', 'tribunal']"
4468,2026-07-16,starting with tiny marks,"['dot matrix', 'period piece', 'point break', 'spot remover']"
4469,2026-07-16,associated with precision,"['bullseye', 'clockwork', 'laser', 'needle']"
4470,2026-07-16,shades of black,"['charcoal', 'ink', 'jet', 'pitch']"
4471,2026-07-16,skincare products,"['clay mask', 'eye cream', 'peel', 'toner']"
4472,2026-07-17,ending in parts of a car,"['plot spoiler', 'robin hood', 'satires', 'tree trunk']"
4473,2026-07-17,four groups of four,"['cardinal directions', 'classical elements', 'seasons', 'suits']"
4474,2026-07-17,seen in an arcade,"['crane game', 'pinball', 'tickets', 'tokens']"
4475,2026-07-17,grand finale,"['epilogue', 'farewell', 'last dance', 'swan song']"
4476,2026-07-18,"words after ""pop""","['culture', 'fly', 'quiz', 'tart']"
4477,2026-07-18,things tracked in video games,"['health', 'lives', 'score', 'time']"
4478,2026-07-18,belief,"['attitude', 'mind', 'opinion', 'view']"
4479,2026-07-18,commit a basketball violation,"['carry', 'double dribble', 'goaltend', 'travel']"
4480,2026-07-19,___ face expressions,"['game', 'long', 'poker', 'straight']"
4481,2026-07-19,things toilets do,"['drain', 'flush', 'refill', 'swirl']"
4482,2026-07-19,digital coupling verbs,"['connect', 'join', 'pair', 'sync']"
4483,2026-07-19,circuit components,"['breaker', 'fuse', 'relay', 'switch']"
4484,2026-07-20,starting with alcoholic beverages,"['alexa', 'meadow', 'portobello', 'sakes']"
4485,2026-07-20,associated with pearls,"['bubble tea', 'oyster', 'swine', 'wisdom']"
4486,2026-07-20,things to click,"['button', 'icon', 'link', 'menu']"
4487,2026-07-20,announce,"['blare', 'herald', 'sound', 'trumpet']"
4488,2026-07-21,tele___,"['gram', 'kinesis', 'prompter', 'vision']"
4489,2026-07-21,elements of a musical,"['book', 'lyrics', 'music', 'orchestration']"
4490,2026-07-21,software downloads,"['app', 'driver', 'extension', 'plugin']"
4491,2026-07-21,kinds of tops,"['crop', 'halter', 'tank', 'tube']"
4492,2026-07-22,features of a zebra,"['hooves', 'mane', 'tail', 'white stripes']"
4493,2026-07-22,platform-specific posts,"['pins', 'snaps', 'tweets', 'vines']"
4494,2026-07-22,on a golf scorecard,"['hole', 'par', 'score', 'strokes']"
4495,2026-07-22,symptoms of an allergic reaction,"['hives', 'itching', 'rash', 'redness']"
4496,2026-07-23,ending in geometry terms,"['appoint', 'deplane', 'feline', 'jangle']"
4497,2026-07-23,parts of an airport,"['apron', 'hangar', 'runway', 'terminal']"
4498,2026-07-23,in an anxious state,"['excited', 'febrile', 'frenetic', 'intense']"
4499,2026-07-23,spherical things,"['baseball', 'globe', 'marble', 'orange']"
4500,2026-07-24,homophones of religious roles,"['canter', 'fryer', 'llama', 'none']"
4501,2026-07-24,"bring to mind, as a memory","['jog', 'prompt', 'refresh', 'spark']"
4502,2026-07-24,outcomes for a batter,"['home run', 'single', 'strikeout', 'walk']"
4503,2026-07-24,talk at length,"['babble', 'drone', 'ramble', 'yak']"
4504,2026-07-25,strip ___,"['club', 'mall', 'poker', 'steak']"
4505,2026-07-25,african currencies,"['kwanza', 'leone', 'naira', 'rand']"
4506,2026-07-25,"start to cry, with ""up""","['choke', 'mist', 'tear', 'well']"
4507,2026-07-25,spanish relatives,"['abuela', 'hijo', 'madre', 'primo']"
4508,2026-07-26,"what ""shell"" might refer to","['carapace', 'gas station', 'pastry crust', 'rowing boat']"
4509,2026-07-26,expressions for rain,"['april showers', 'liquid sunshine', 'scotch mist', 'wet weather']"
4510,2026-07-26,outmoded consumer tech,"['blackberry', 'discman', 'dvd player', 'plasma tv']"
4511,2026-07-26,baby milestones,"['crawling', 'first words', 'rolling over', 'solid food']"
4512,2026-07-27,icons on a shopping site,"['bell', 'cart', 'heart', 'magnifying glass']"
4513,2026-07-27,kinds of shifts,"['doppler', 'graveyard', 'paradigm', 'stick']"
4514,2026-07-27,long tapered things,"['carrot', 'icicle', 'knitting needle', 'stalactite']"
4515,2026-07-27,gymnastics apparatus,"['beam', 'horse', 'rings', 'vault']"
4516,2026-07-28,starting with palindromic names,"['annapolis', 'bobsled', 'everest', 'ottoman']"
4517,2026-07-28,"shoe brands starting with ""c""","['camper', 'clarks', 'converse', 'crocs']"
4518,2026-07-28,how do you like them apples,"['empire', 'fuji', 'gala', 'honeycrisp']"
4519,2026-07-28,command,"['captain', 'direct', 'head', 'lead']"
4520,2026-07-29,___boards in a classroom,"['black', 'chalk', 'cork', 'white']"
4521,2026-07-29,units of wisdom,"['gem', 'nugget', 'pearl', 'word']"
4522,2026-07-29,nondescript,"['basic', 'mid', 'plain', 'vanilla']"
4523,2026-07-29,fasteners,"['nail', 'rivet', 'screw', 'staple']"
4524,2026-07-30,"on the ___, to mean ""precise""","['dot', 'mark', 'money', 'nose']"
4525,2026-07-30,cruise lines,"['carnival', 'celebrity', 'princess', 'viking']"
4526,2026-07-30,activities with multiple balls,"['beer pong', 'bingo', 'juggling', 'pool']"
4527,2026-07-30,virtuous,"['fair', 'good', 'just', 'right']"
4528,2026-07-31,starting with merriments,"['cheerios', 'fungus', 'gleek', 'joystick']"
4529,2026-07-31,fruits plus starting letter,"['dapple', 'jdate', 'slime', 'spear']"
4530,2026-07-31,super mario figures,"['dinosaur', 'mushroom', 'plumber', 'princess']"
4531,2026-07-31,construct,"['fashion', 'model', 'mold', 'shape']"
4532,2026-08-01,starting with bread shapes,"['boulevard', 'bundle', 'loafer', 'rolls-royce']"
4533,2026-08-01,perform some hole machining operations,"['bore', 'countersink', 'drill', 'ream']"
4534,2026-08-01,oscar-winning actors since 2010,"['bale', 'jordan', 'phoenix', 'waltz']"
4535,2026-08-01,bedding,"['comforter', 'sham', 'sheet', 'throw']"
4536,2026-08-02,u.s. airport codes plus starting letter,"['asea', 'flax', 'lord', 'olga']"
4537,2026-08-02,___ mode,"['airplane', 'beast', 'dark', 'à la']"
4538,2026-08-02,by means of,"['by', 'per', 'through', 'via']"
4539,2026-08-02,filler words,"['actually', 'like', 'so', 'well']"
4540,2026-08-03,"starting with synonyms for ""pester""","['bug fix', 'nag champa', 'needless', 'tea set']"
4541,2026-08-03,"""y"" is the only vowel","['fly by', 'myrrh', 'nsync', 'rhythm']"
4542,2026-08-03,shades of green,"['forest', 'hunter', 'mint', 'sage']"
4543,2026-08-03,road less traveled,"['alley', 'backstreet', 'byway', 'lane']"
4544,2026-08-04,v-shaped things,"['angle bracket', 'chevron', 'goose formation', 'peace sign']"
4545,2026-08-04,things with pedals,"['piano', 'sewing machine', 'swan boat', 'unicycle']"
4546,2026-08-04,iconic nyc sights,"['bodega', 'pigeon', 'subway station', 'taxi cab']"
4547,2026-08-04,long cylindrical things,"['cigarette', 'foam roller', 'pool noodle', 'pretzel rod']"
4548,2026-08-05,"what ""stock"" might refer to","['broth', 'cattle', 'investment', 'merchandise']"
4549,2026-08-05,house styles,"['cape cod', 'mission', 'ranch', 'tudor']"
4550,2026-08-05,jeans brands,"['diesel', 'gap', 'lucky', 'wrangler']"
4551,2026-08-05,navigate,"['drive', 'maneuver', 'pilot', 'steer']"
4552,2026-08-06,places with nets,"['barclays center', 'fishing boat', 'hockey rink', 'tennis court']"
4553,2026-08-06,iconic roman landmarks,"['colosseum', 'pantheon', 'spanish steps', 'trevi fountain']"
4554,2026-08-06,places with lanes,"['bowling alley', 'freeway', 'supermarket', 'swimming pool']"
4555,2026-08-06,classic wooden toys,"['alphabet blocks', 'cup-and-ball', ""jacob's ladder"", 'lincoln logs']"
4556,2026-08-07,starting with male animals,"['buckyball', 'jackpot', 'rambo', 'tomatillo']"
4557,2026-08-07,parts of an elevator,"['buttons', 'cables', 'motor', 'shaft']"
4558,2026-08-07,cold things,"['liquid nitrogen', 'refrigerator', 'snow', 'sundae']"
4559,2026-08-07,components of a candle,"['fragrance', 'jar', 'wax', 'wick']"
4560,2026-08-08,safety ___,"['belt', 'goggles', 'pin', 'razor']"
4561,2026-08-08,words abbreviated with letters as homophones,"['cutie', 'easy', 'effects', 'i owe you']"
4562,2026-08-08,convey,"['couch', 'express', 'frame', 'phrase']"
4563,2026-08-08,quaint expressions of excitement,"['hot dog', 'hurrah', 'whoopee', 'yahoo']"
4564,2026-08-09,things people try to get out of,"['bad dream', 'escape room', 'jury duty', 'labyrinth']"
4565,2026-08-09,movie subgenres,"['buddy cop', 'neo-noir', 'space opera', 'spaghetti western']"
4566,2026-08-09,classic children's books,"['caps for sale', 'corduroy', 'goodnight moon', 'madeline']"
4567,2026-08-09,take a different approach,"['change tack', 'course-correct', 'recalibrate', 'shift gears']"
4568,2026-08-10,famous goatees,"['billy goat', 'colonel sanders', 'doctor strange', 'the devil']"
4569,2026-08-10,sections on an invoice,"['balance due', 'bill to', 'order number', 'unit price']"
4570,2026-08-10,ways to receive event tickets,"['mail delivery', 'mobile ticket', 'print-at-home', 'will call']"
4571,2026-08-10,haphazardly,"['any old how', 'at random', 'helter-skelter', 'willy-nilly']"
4572,2026-08-11,homophones of facial features,"['aye', 'hare', 'knows', 'tung']"
4573,2026-08-11,words in an auctioneer's chant,"['going', 'once', 'sold', 'twice']"
4574,2026-08-11,basic cable channels,"['bet', 'bravo', 'history', 'usa']"
4575,2026-08-11,doomed,"['done', 'sunk', 'through', 'toast']"
4576,2026-08-12,starting with affirmative responses,"['fine print', 'goodbye', 'great white', 'okayama']"
4577,2026-08-12,nbc sitcom surnames,"['benes', 'bing', 'lemon', 'scott']"
4578,2026-08-12,kinds of frogs,"['bull', 'green', 'poison dart', 'tree']"
4579,2026-08-12,"hold onto, as a feeling","['foster', 'harbor', 'maintain', 'nurse']"
4580,2026-08-13,"""cold"" things, in idioms","['comfort', 'feet', 'shoulder', 'turkey']"
4581,2026-08-13,airline status perks,"['checked bags', 'lounge', 'miles', 'upgrade']"
4582,2026-08-13,move slowly (up to),"['creep', 'ease', 'edge', 'inch']"
4583,2026-08-13,persevere,"['carry on', 'continue', 'make it', 'persist']"
4584,2026-08-14,triangle logos,"['bass ale', 'citgo', 'delta airlines', 'google drive']"
4585,2026-08-14,comic book artist's tools,"['bristol board', 'dip pen', 'india ink', 'straightedge']"
4586,2026-08-14,places where everyone thinks the same ways,"['bubble', 'echo chamber', 'hivemind', 'silo']"
4587,2026-08-14,black-and-yellow,"['bumblebee', 'caution tape', 'charlie brown', 'wolverine']"
4588,2026-08-15,ending in synonyms for follow secretly,"['beanstalk', 'eyeshadow', 'hightail', 'soundtrack']"
4589,2026-08-15,ending in units of length,"['chamomile', 'grinch', 'hotfoot', 'lanyard']"
4590,2026-08-15,segment,"['leg', 'phase', 'stage', 'stretch']"
4591,2026-08-15,exhausted,"['beat', 'fried', 'spent', 'worn out']"
4592,2026-08-16,descriptors for our human ancestors,"['from neander', 'handy', 'upright', 'wise']"
4593,2026-08-16,family relationship modifiers,"['grand', 'great', 'half', 'step']"
4594,2026-08-16,participant,"['actor', 'agent', 'party', 'player']"
4595,2026-08-16,musical performance,"['concert', 'gig', 'set', 'show']"
4596,2026-08-17,starting with pets,"['birdie', 'cattle', 'dogie', 'fisheye']"
4597,2026-08-17,first names of country music legends,"['dolly', 'johnny', 'patsy', 'willie']"
4598,2026-08-17,spreadsheet features,"['formula', 'function', 'macro', 'script']"
4599,2026-08-17,video call platforms,"['huddle', 'meet', 'teams', 'zoom']"
4600,2026-08-18,things that are gritty,"['cowboy coffee', 'film noir', 'flyers mascot', 'sandpaper']"
4601,2026-08-18,things that are orange,"['basketball', 'orangutan', 'sweet potato', 'traffic cone']"
4602,2026-08-18,pjs,"['petroleum jelly', 'poetic justice', 'practical joke', 'private jet']"
4603,2026-08-18,seen at a movie premiere,"['limousine', 'paparazzi', 'red carpet', 'velvet rope']"
4604,2026-08-19,homophones of cgi-animated films,"['ants', 'cocoa', 'rheo', 'seoul']"
4605,2026-08-19,"words before ""ball"" in sport names","['base', 'basket', 'foot', 'pickle']"
4606,2026-08-19,conceal,"['blanket', 'hide', 'mask', 'obscure']"
4607,2026-08-19,piece of cake,"['breeze', 'cinch', 'picnic', 'snap']"
4608,2026-08-20,starting with chinese zodiac animals,"['dragonfly', 'oxford', 'pigment', 'ratchet']"
4609,2026-08-20,similarly shaped typographical marks,"['apostrophe', 'cedilla', 'comma', 'okina']"
4610,2026-08-20,kinds of numbers,"['atomic', 'serial', 'social security', 'telephone']"
4611,2026-08-20,kinds of pizza,"['diavola', 'hawaiian', 'meat lovers', 'white']"
4612,2026-08-21,once in a ___,"['blue moon', 'generation', 'lifetime', 'while']"
4613,2026-08-21,___ kids,"['comeback', 'karate', 'sundance', 'wimpy']"
4614,2026-08-21,calls to begin a performance,"['action', 'curtain up', 'places', 'showtime']"
4615,2026-08-21,things most animals need,"['nutrition', 'oxygen', 'sleep', 'water']"
4616,2026-08-22,___ girls of pop culture,"['gilmore', 'golden', 'mean', 'spice']"
4617,2026-08-22,garden hose settings,"['cone', 'jet', 'mist', 'shower']"
4618,2026-08-22,kinds of melon,"['bitter', 'musk', 'water', 'winter']"
4619,2026-08-22,carpentry tools,"['chisel', 'hammer', 'plane', 'saw']"
4620,2026-08-23,household stain removers,"['baking soda', 'club soda', 'hydrogen peroxide', 'vinegar']"
4621,2026-08-23,made with potatoes,"['home fries', 'potato battery', 'vischyssoise', 'vodka']"
4622,2026-08-23,double vowels,"['antifreeze', 'bazaar', 'skiing', 'vacuum']"
4623,2026-08-23,potentially explosive things,"['powder keg', 'time bomb', 'tinderbox', 'volcano']"
4624,2026-08-24,letter homophone plus tennis term,"['beset', 'deserve', 'ex-love', 'eyelet']"
4625,2026-08-24,pro-wrestling lingo,"['face', 'heel', 'jobber', 'kayfabe']"
4626,2026-08-24,principal,"['arch', 'chief', 'main', 'prime']"
4627,2026-08-24,fish,"['mullet', 'pike', 'sole', 'tang']"
4628,2026-08-25,ending in ice cream orders,"['harlem shake', 'inside scoop', 'lickety-split', 'traffic cone']"
4629,2026-08-25,"stephen king film adaptations, with ""the""","['green mile', 'long walk', 'running man', 'shawshank redemption']"
4630,2026-08-25,sci-fi phenomena,"['hyperspace', 'parallel universe', 'teleportation', 'time warp']"
4631,2026-08-25,surface-level,"['cosmetic', 'one-dimensional', 'skin-deep', 'superficial']"
4632,2026-08-26,key ___,"['chain', 'largo', 'lime', 'signature']"
4633,2026-08-26,"what ""p"" might stand for","['page', 'park', 'phosphorus', 'piano']"
4634,2026-08-26,knack,"['forte', 'gift', 'strength', 'talent']"
4635,2026-08-26,"""there you have it!""","['behold', 'presto', 'shazam', 'voilà']"
4636,2026-08-27,music genre plus starting letter,"['brock', 'nemo', 'spunk', 'wrap']"
4637,2026-08-27,shades of gray,"['ash', 'dove', 'pewter', 'slate']"
4638,2026-08-27,moved to tears,"['choked up', 'emotional', 'misty', 'overcome']"
4639,2026-08-27,electric things,"['electric eel', 'lightning', 'live wire', 'pikachu']"
4640,2026-08-28,top of the ___,"['hour', 'line', 'morning', 'pops']"
4641,2026-08-28,modern add-ons/combining forms,"['bro', 'coded', 'era', 'maxxing']"
4642,2026-08-28,palindromes,"['mom', 'noon', 'sis', 'top spot']"
4643,2026-08-28,bedtime parting words,"['night', 'rest easy', 'sleep tight', 'sweet dreams']"
4644,2026-08-29,starting with figures from greek myth,"['at last', 'herald', 'hydrant', 'tritone']"
4645,2026-08-29,keyboard keys,"['control', 'escape', 'shift', 'space']"
4646,2026-08-29,kinds of salad,"['chopped', 'greek', 'house', 'wedge']"
4647,2026-08-29,under the hood of a car,"['alternator', 'battery', 'engine', 'radiator']"
4648,2026-08-30,words on an old west wanted poster,"['alias', 'outlaw', 'reward', 'wanted']"
4649,2026-08-30,brands with bunny rabbit mascots,"['cadbury', 'energizer', 'playboy', 'trix']"
4650,2026-08-30,wine accessories,"['aerator', 'corkscrew', 'decanter', 'stopper']"
4651,2026-08-30,exercise facilities,"['gymnasium', 'health club', 'rec center', 'ymca']"
4652,2026-08-31,___ bowl,"['dust', 'poke', 'salad', 'super']"
4653,2026-08-31,historical sovereign titles,"['caliph', 'khan', 'pharaoh', 'shogun']"
4654,2026-08-31,warnings on a shipping box,"['fragile', 'heavy', 'perishable', 'this side up']"
4655,2026-08-31,things that come in tubes,"['lipstick', 'poster', 'tennis balls', 'toothpaste']"
4656,2026-09-01,starting with words of intention,"['aimee mann', 'hope diamond', 'planetarium', 'wishy-washy']"
4657,2026-09-01,private investigators of fiction,"['hercule poirot', 'mike hammer', 'sam spade', 'sherlock holmes']"
4658,2026-09-01,"long, skinny things often seen together","['arrow', 'golf club', 'pick-up stick', 'spaghetto']"
4659,2026-09-01,"""i promise!""","['cross my heart', 'for real', 'on god', 'pinky swear']"
4660,2026-09-02,___ dogs (that aren't dogs),"['corn', 'prairie', 'salty', 'top']"
4661,2026-09-02,___ dogs (that are dogs),"['hunting', 'rescue', 'sausage', 'sheep']"
4662,2026-09-02,things in a violin case,"['bow', 'mute', 'rosin', 'shoulder rest']"
4663,2026-09-02,flabbergast,"['dazzle', 'floor', 'stun', 'wow']"
4664,2026-09-03,spreadsheet functions,"['average', 'count', 'max', 'sum']"
4665,2026-09-03,toy car brands,"['hot wheels', 'matchbox', 'micro machines', 'tonka']"
4666,2026-09-03,shades of red,"['carmine', 'cinnabar', 'maroon', 'vermillion']"
4667,2026-09-03,two shakes of a lamb's tail,"['blink', 'flash', 'heartbeat', 'trice']"
4668,2026-09-04,accessories inside starting and ending letters,"['cringy', 'opine', 'stied', ""that's""]"
4669,2026-09-04,kinds of eels,"['conger', 'gulper', 'moray', 'ribbon']"
4670,2026-09-04,food whose name is two foods,"['cake donut', 'candy corn', 'cherry tomato', 'pizza pie']"
4671,2026-09-04,spherical things,"['bowling ball', 'eye', 'moon', 'orange']"
4672,2026-09-05,desserts minus last letter,"['cobble', 'pi', 'tar', 'tort']"
4673,2026-09-05,___head,"['bobble', 'hammer', 'jug', 'sleepy']"
4674,2026-09-05,bird onomatopoeia,"['coo', 'gobble', 'honk', 'warble']"
4675,2026-09-05,move unsteadily,"['sway', 'toddle', 'totter', 'wobble']"
4676,2026-09-06,ending with ways to carve a surface,"['court scribe', ""director's cut"", 'pizza slice', 'sat score']"
4677,2026-09-06,abbreviations followed by redundant word,"['atm machine', 'lcd display', 'pin number', 'upc code']"
4678,2026-09-06,places to insert something into on a computer,"['card slot', 'headphone jack', 'optical drive', 'usb port']"
4679,2026-09-06,unrestricted permission,"['blank check', 'carte blanche', 'free reign', 'full authority']"
4680,2026-09-07,starting with disney characters,"['plutonium', 'scar tissue', 'stitch marker', 'trampoline']"
4681,2026-09-07,associated with pine trees,"['car air freshener', 'christmas', 'needles', 'turpentine']"
4682,2026-09-07,parts of a bra,"['cup', 'hook', 'strap', 'underwire']"
4683,2026-09-07,quite the saga,"['fabrication', 'fish story', 'tall tale', 'yarn']"
4684,2026-09-08,candy bars plus a letter,"['doves', 'marsh', 'skort', 'twixt']"
4685,2026-09-08,___ heart,"['artichoke', 'purple', 'sacred', 'take to']"
4686,2026-09-08,features of a mime costume,"['beret', 'gloves', 'stripes', 'suspenders']"
4687,2026-09-08,classic american performance cars,"['corvette', 'firebird', 'mustang', 'viper']"
4688,2026-09-09,"words before ""force""","['brute', 'electromagnetic', 'g', 'task']"
4689,2026-09-09,horror movies,"['arachnophobia', 'halloween', 'it', 'saw']"
4690,2026-09-09,"words with ""small"" prefixes","['microbrewery', 'minivan', 'nanotechnology', 'picosecond']"
4691,2026-09-09,hard to understand,"['bewildering', 'esoteric', 'incomprehensible', 'opaque']"
4692,2026-09-10,"ending in synonyms for ""happening now""","['adult contemporary', 'alternating current', 'represent', 'sextant']"
4693,2026-09-10,bruce springsteen classics,"['atlantic city', 'badlands', 'born to run', 'thunder road']"
4694,2026-09-10,what you might see sticking out of a window,"['air conditioner', 'catio', 'clothesline', 'flower box']"
4695,2026-09-10,chemical elements,"['actinium', 'krypton', 'lead', 'sulfur']"
4696,2026-09-11,things that are pushed metaphorically,"['agenda', 'envelope', 'limits', 'luck']"
4697,2026-09-11,ways to practice self-care,"['exercise', 'journal', 'meditate', 'unplug']"
4698,2026-09-11,internalize,"['absorb', 'digest', 'process', 'take in']"
4699,2026-09-11,people hired for an event,"['band', 'florist', 'photographer', 'planner']"
4700,2026-09-12,___ alert,"['nerd', 'red', 'spoiler', 'weather']"
4701,2026-09-12,things that blink,"['cursor', 'eyelids', 'smoke detector', 'turn signal']"
4702,2026-09-12,people in an online forum,"['lurker', 'poster', 'spammer', 'troll']"
4703,2026-09-12,ways to personalize a car,"['bumper sticker', 'fuzzy dice', 'hood ornament', 'vanity plate']"
4704,2026-09-13,ending in elevated landforms,"['doublespeak', 'heathcliff', 'paramount', 'porridge']"
4705,2026-09-13,words that sound like two letters,"['empty', 'excess', 'kewpie', 'odie']"
4706,2026-09-13,u.s. presidents,"['cleveland', 'garfield', 'grant', 'madison']"
4707,2026-09-13,lacking in firmness,"['droopy', 'flaccid', 'sagging', 'slack']"
4708,2026-09-14,___grass,"['blue', 'crab', 'lemon', 'wheat']"
4709,2026-09-14,common single-use plastic items,"['bag', 'cutlery', 'stirrer', 'straw']"
4710,2026-09-14,informant,"['canary', 'rat', 'snitch', 'stoolie']"
4711,2026-09-14,waterbirds,"['coot', 'goose', 'loon', 'teal']"
4712,2026-09-15,things that appear at the end,"['caboose', 'december', 'dessert', 'epilogue']"
4713,2026-09-15,undercover operative,"['asset', 'mole', 'plant', 'sleeper']"
4714,2026-09-15,parts of a whistling kettle,"['handle', 'lid', 'spout', 'whistle']"
4715,2026-09-15,instruct,"['coach', 'direct', 'guide', 'train']"
4716,2026-09-16,sausages plus a letter,"['borat', 'clink', 'frank-n-furter', 'widener']"
4717,2026-09-16,poets' middle names,"['barrett', 'carlos', 'st. vincent', 'wadsworth']"
4718,2026-09-16,starting with u.s. coins,"['dimension', 'nickelodeon', 'pennywise', 'quarterback']"
4719,2026-09-16,ending in metal elements,"['latin', 'long john silver', 'marigold', 'steam iron']"
4720,2026-09-17,love ___,"['handles', 'language', 'tap', 'triangle']"
4721,2026-09-17,"hugh jackman movies, with ""the""","['fountain', 'prestige', 'sheep detectives', 'wolverine']"
4722,2026-09-17,things that are underground,"['mine shaft', 'sewer line', 'subway station', 'well']"
4723,2026-09-17,elasticity,"['bounce', 'flexibility', 'give', 'spring']"
4724,2026-09-18,___case,"['brief', 'pillow', 'stair', 'upper']"
4725,2026-09-18,parts of a flight,"['boarding', 'cruise', 'landing', 'takeoff']"
4726,2026-09-18,assortments of food/drink,"['flight', 'medley', 'platter', 'sampler']"
4727,2026-09-18,segment of a process,"['phase', 'round', 'stage', 'step']"
4728,2026-09-19,starting with abbreviated math functions,"['cos lettuce', 'log cabin', 'sin city', 'tan line']"
4729,2026-09-19,associated with swinging london in the 1960s,"['carnaby street', 'miniskirt', 'mod', 'twiggy']"
4730,2026-09-19,features of a kid's drawing,"['house', 'stick figure', 'sun', 'tree']"
4731,2026-09-19,widen one's scope,"['branch out', 'diversify', 'expand', 'grow']"
4732,2026-09-20,___boards you ride on,"['hover', 'skate', 'snow', 'surf']"
4733,2026-09-20,vampire movies,"['blade', 'near dark', 'sinners', 'twilight']"
4734,2026-09-20,associated with kentucky,"['bluegrass', 'bourbon', 'derby', 'fried chicken']"
4735,2026-09-20,round flat things,"['blu-ray', 'coaster', 'sand dollar', 'tortilla']"
4736,2026-09-21,starts of composers' names,"['beet', 'brah', 'chop', 'viva']"
4737,2026-09-21,chess verbs,"['capture', 'castle', 'check', 'mate']"
4738,2026-09-21,ways to attract fish,"['chum', 'fly', 'spinner', 'worm']"
4739,2026-09-21,email buttons,"['compose', 'drafts', 'sent', 'spam']"
4740,2026-09-22,beverages with acute accents removed,"['cafe', 'patron', 'rose', 'the']"
4741,2026-09-22,options on a multiple choice survey,"['agree', 'disagree', 'neutral', 'other']"
4742,2026-09-22,embellishment,"['accent', 'detail', 'flourish', 'touch']"
4743,2026-09-22,demonstratives,"['that', 'these', 'this', 'those']"
4744,2026-09-23,"ending in synonyms for ""term""","['bitcoin', 'record label', 'rub-a-dub', 'suriname']"
4745,2026-09-23,things that come in cans,"['condensed milk', 'paint', 'shaving cream', 'spam']"
4746,2026-09-23,website hurdles,"['age verification', 'captcha', 'cookie consent', 'paywall']"
4747,2026-09-23,things you grab before leaving the house,"['keys', 'phone', 'sunglasses', 'wallet']"
4748,2026-09-24,anagrams,"['beer hat', 'breathe', 'herb tea', 'the bear']"
4749,2026-09-24,featuring pointing,"['creation of adam', 'foam finger', ""i'm with stupid shirt"", 'uncle sam']"
4750,2026-09-24,things with spring/s,"['bobblehead', 'pogo stick', 'snakes in a can', 'trampoline']"
4751,2026-09-24,parts of a vampire costume,"['cape', 'face paint', 'fake blood', 'fangs']"
4752,2026-09-25,taxonomic ranks plus a letter,"['border', 'classy', 'foamily', 'genius']"
4753,2026-09-25,famous dans,"['aykroyd', 'levy', 'rather', 'savage']"
4754,2026-09-25,parts of a mechanical clock,"['escapement', 'pendulum', 'ratchet', 'spring']"
4755,2026-09-25,luxe,"['bougie', 'fancy', 'posh', 'swank']"
4756,2026-09-26,"""cool"" things, in expressions","['beans', 'cat', 'cucumber', 'customer']"
4757,2026-09-26,features of wood,"['burl', 'grain', 'knots', 'rings']"
4758,2026-09-26,things done to a dress shirt at the laundry,"['fold', 'press', 'starch', 'wash']"
4759,2026-09-26,breath fresheners,"['gum', 'mint', 'mouthwash', 'spray']"
4760,2026-09-27,ending in chinese dynasties,"['bbqing', 'homing', 'lohan', 'wu-tang']"
4761,2026-09-27,telecom,"['carrier', 'network', 'operator', 'provider']"
4762,2026-09-27,restaurant seating options,"['banquette', 'booth', 'chair', 'stool']"
4763,2026-09-27,sculpture media,"['bronze', 'clay', 'marble', 'plaster']"
4764,2026-09-28,three letters plus repeated trigrams,"['arkansans', 'chihuahua', 'possesses', 'springing']"
4765,2026-09-28,dodge models,"['challenger', 'charger', 'durango', 'viper']"
4766,2026-09-28,oyster condiments,"['horseradish', 'lemon', 'mignonette', 'tabasco']"
4767,2026-09-28,things with stalks,"['bamboo', 'celery', 'corn', 'wheat']"
4768,2026-09-29,phrases hiding greek letters,"['freeze tag', 'home game', 'model tank', 'oral phase']"
4769,2026-09-29,first words of pixar films,"['finding', 'inside', 'monsters', 'toy']"
4770,2026-09-29,river features,"['delta', 'drainage basin', 'mouth', 'stream bed']"
4771,2026-09-29,secluded,"['hidden', 'remote', 'secret', 'tucked away']"
4772,2026-09-30,starting with month abbreviations,"['decent', 'novelty', 'octopussy', 'septum']"
4773,2026-09-30,gangster movies,"['bugsy', 'casino', 'donnie brasco', 'scarface']"
4774,2026-09-30,things that are shaken (not stirred),"['etch a sketch', 'martini', 'spray paint', 'tambourine']"
4775,2026-09-30,securities,"['bond', 'future', 'option', 'stock']"
4776,2026-10-01,starts of nyt print puzzles,"['acro', 'cross', 'ken', 'sud']"
4777,2026-10-01,"2000s indie rock bands, with ""the""","['decemberists', 'national', 'shins', 'walkmen']"
4778,2026-10-01,dress shirt measurements,"['chest', 'neck', 'sleeve', 'waist']"
4779,2026-10-01,put,"['place', 'position', 'situate', 'stick']"
4780,2026-10-02,prime ___,"['number', 'real estate', 'rib', 'time']"
4781,2026-10-02,customary,"['common', 'routine', 'standard', 'stock']"
4782,2026-10-02,fingers,"['index', 'little', 'middle', 'ring']"
4783,2026-10-02,finance,"['back', 'bankroll', 'fund', 'support']"
4784,2026-10-03,ending in fantasy creatures,"['diet sprite', 'merv griffin', 'ny giant', 'river phoenix']"
4785,2026-10-03,starting with u.s. museums,"['broad bean', 'getty images', 'met halfway', 'whitney houston']"
4786,2026-10-03,ending in musicals,"['elbow grease', 'fat cats', 'linda hamilton', 'something wicked']"
4787,2026-10-03,"starting with terms for ""toilet""","['can opener', 'head waiter', 'john denver', 'w.c. fields']"
4788,2026-10-04,silent ___,"['auction', 'film', 'partner', 'treatment']"
4789,2026-10-04,parts of a judge costume,"['collar', 'gavel', 'robe', 'wig']"
4790,2026-10-04,table tennis needs,"['ball', 'net', 'paddle', 'table']"
4791,2026-10-04,considerable amount,"['bunch', 'heap', 'lot', 'stack']"
4792,2026-10-05,ending in ways to temporarily acquire,"['parent', 'please', 'sapphire', 'sloan']"
4793,2026-10-05,kinds of boards,"['advisory', 'chess', 'ironing', 'message']"
4794,2026-10-05,adjectives for mature content,"['explicit', 'graphic', 'strong', 'suggestive']"
4795,2026-10-05,calm,"['content', 'peaceful', 'placid', 'serene']"
4796,2026-10-06,ending in talents,"['catskill', 'knickknack', 'pianoforte', 'stability']"
4797,2026-10-06,___ inn hotels,"['comfort', 'days', 'hampton', 'holiday']"
4798,2026-10-06,kinds of chairs,"['adirondack', 'eames', 'windsor', 'wingback']"
4799,2026-10-06,"financial firms, for short","['berkshire', 'citi', 'goldman', 'merrill']"
4800,2026-06-29,ending in parts of a tree,"['embark', 'groot', 'nudibranch', 'strunk']"
4801,2026-06-29,parts of a speaker,"['cabinet', 'cone', 'magnet', 'woofer']"
4802,2026-06-29,consume with gusto,"['crush', 'guzzle', 'inhale', 'snarf']"
4803,2026-06-29,old timey troublemakers,"['miscreant', 'rogue', 'ruffian', 'scoundrel']"
4804,2026-06-30,"what ""draft"" might refer to","['breeze', 'on tap', 'recruit', 'sketch']"
4805,2026-06-30,common recyclables,"['bottle', 'box', 'can', 'newspaper']"
4806,2026-06-30,participate in some winter olympics,"['curl', 'luge', 'skate', 'ski']"
4807,2026-06-30,dividing structures,"['fence', 'gate', 'hedge', 'wall']"
4808,2026-07-01,starting with countries,"['dominican republic', 'guinea-bissau', 'indianapolis', 'nigeria']"
4809,2026-07-01,places in cocktail names,"['cuba', 'long island', 'moscow', 'singapore']"
4810,2026-07-01,best picture winners/nominees,"['casablanca', 'chicago', 'fargo', 'munich']"
4811,2026-07-01,things named after places,"['champagne', 'china', 'cologne', 'limerick']"
4812,2026-07-02,starting with sports venues,"['court jester', 'diamond ring', 'field mouse', 'track record']"
4813,2026-07-02,starting with nicknames,"['billy goat', 'dan dan noodles', 'rich text', 'tom-tom']"
4814,2026-07-02,old-timey names for things we still use,"['looking glass', 'spectacles', 'talkie', 'water closet']"
4815,2026-07-02,they impersonate other things,"['copycat', 'mime', 'mockingbird', 't-1000']"
4816,2026-07-03,"what things pronounced ""t"" might refer to","['golf accessory', 'gossip', 'hot drink', 'shirt']"
4817,2026-07-03,bad things to give someone,"['cold shoulder', 'dirty look', 'hard time', 'runaround']"
4818,2026-07-03,retro expressions of approval,"['cool beans', 'far out', 'groovy', 'right on']"
4819,2026-07-03,positive feelings,"['bliss', 'felicity', 'happiness', 'warm fuzzies']"
4820,2026-07-04,sweet ___,"['dreams', 'nothings', 'pea', 'spot']"
4821,2026-07-04,tropical drinks,"['hurricane', 'painkiller', 'scorpion', 'zombie']"
4822,2026-07-04,kinds of poems,"['ballad', 'epic', 'ode', 'villanelle']"
4823,2026-07-04,persist,"['continue', 'last', 'linger', 'stay']"
4824,2026-07-05,"what ""w"" might stand for","['tungsten', 'west', 'win', 'with']"
4825,2026-07-05,amex card types,"['centurion', 'gold', 'green', 'platinum']"
4826,2026-07-05,payment methods,"['card', 'cash', 'check', 'wire']"
4827,2026-07-05,granola ingredients,"['honey', 'nuts', 'oats', 'seeds']"
4828,2026-07-06,starting with dating apps,"['bumblebee', 'grind rail', 'matcha', 'tinderbox']"
4829,2026-07-06,acme products used by wile e. coyote,"['earthquake pills', 'iron bird seed', 'rocket skates', 'tnt']"
4830,2026-07-06,science fair model subjects,"['atom', 'dna', 'solar system', 'volcano']"
4831,2026-07-06,stunning news,"['bombshell', 'revelation', 'shocker', 'thunderbolt']"
4832,2026-07-07,"ending in ""sesame street"" characters","['bernie', 'colbert', 'discount', 'san anselmo']"
4833,2026-07-07,___ twist,"['french', 'lemon', 'oliver', 'plot']"
4834,2026-07-07,student-athlete designations,"['all-american', 'jock', 'letterman', 'team captain']"
4835,2026-07-07,rooms in clue,"['conservatory', 'hall', 'kitchen', 'study']"
4836,2026-07-08,house of ___,"['cards', 'lords', 'wax', 'worship']"
4837,2026-07-08,guitar-playing techniques,"['pick', 'pluck', 'strum', 'tap']"
4838,2026-07-08,motif,"['drift', 'plot', 'theme', 'thread']"
4839,2026-07-08,cut into thin pieces,"['grate', 'plane', 'shave', 'sliver']"
4840,2026-07-09,pontiac models,"['firebird', 'g6', 'grand prix', 'trans am']"
4841,2026-07-09,kinds of rugs,"['persian', 'prayer', 'shag', 'throw']"
4842,2026-07-09,music publications,"['billboard', 'pitchfork', 'rolling stone', 'spin']"
4843,2026-07-09,non-alcoholic designators,"['na', 'spirit-free', 'virgin', 'zero-proof']"
4844,2026-07-10,starting with baseball calls,"['ball gown', 'outkast', 'safe mode', 'strike a pose']"
4845,2026-07-10,'80s synth-pop bands,"['depeche mode', 'erasure', 'new order', 'pet shop boys']"
4846,2026-07-10,dessert menu descriptors,"['decadent', 'fresh-baked', 'molten', 'à la mode']"
4847,2026-07-10,smartphone settings,"['airplane mode', 'do not disturb', 'hotspot', 'location services']"
4848,2026-07-11,double letters appearing in that letter's alphabetical position,"['aardvark', 'bocce', 'ebbing', 'twiddle']"
4849,2026-07-11,"""toy story"" characters","['bo peep', 'jessie', 'slinky', 'woody']"
4850,2026-07-11,"undisturbed, as water","['calm', 'flat', 'glassy', 'still']"
4851,2026-07-11,circus equipment,"['cannon', 'stilts', 'trapeze', 'unicycle']"
4852,2026-07-12,starts of u.s. capitals,"['den', 'mad', 'pho', 'sac']"
4853,2026-07-12,verbs in a college life slogan,"['party', 'repeat', 'sleep', 'study']"
4854,2026-07-12,bit of fruit-flavored candy,"['dot', 'nerd', 'runt', 'spree']"
4855,2026-07-12,reproductive part of fruit,"['pip', 'pit', 'seed', 'stone']"
4856,2026-07-13,starting with smooches,"['bussin', 'kisser', 'peckish', 'smackdown']"
4857,2026-07-13,fictional cats,"['figaro', 'puss', 'salem', 'tom']"
4858,2026-07-13,things with handles,"['bucket', 'drawer', 'mug', 'umbrella']"
4859,2026-07-13,interrogate,"['examine', 'grill', 'pump', 'question']"
4860,2026-07-14,symbolized with arrows,"['recycling', 'shuffle', 'this side up', 'u-turn']"
4861,2026-07-14,kinds of baskets,"['easter', 'grocery', 'laundry', 'picnic']"
4862,2026-07-14,edit menu options,"['copy', 'cut', 'delete', 'paste']"
4863,2026-07-14,contract,"['agreement', 'bargain', 'deal', 'understanding']"
4864,2026-07-15,"words before ""room"" to indicate extra space","['breathing', 'elbow', 'head', 'wiggle']"
4865,2026-07-15,kinds of sports,"['extreme', 'motor', 'racket', 'water']"
4866,2026-07-15,things with laces,"['baseball glove', 'corset', 'football', 'shoe']"
4867,2026-07-15,terms for the legal system,"['bar', 'bench', 'court', 'tribunal']"
4868,2026-07-16,starting with tiny marks,"['dot matrix', 'period piece', 'point break', 'spot remover']"
4869,2026-07-16,associated with precision,"['bullseye', 'clockwork', 'laser', 'needle']"
4870,2026-07-16,shades of black,"['charcoal', 'ink', 'jet', 'pitch']"
4871,2026-07-16,skincare products,"['clay mask', 'eye cream', 'peel', 'toner']"
4872,2026-07-17,ending in parts of a car,"['plot spoiler', 'robin hood', 'satires', 'tree trunk']"
4873,2026-07-17,four groups of four,"['cardinal directions', 'classical elements', 'seasons', 'suits']"
4874,2026-07-17,seen in an arcade,"['crane game', 'pinball', 'tickets', 'tokens']"
4875,2026-07-17,grand finale,"['epilogue', 'farewell', 'last dance', 'swan song']"
4876,2026-07-18,"words after ""pop""","['culture', 'fly', 'quiz', 'tart']"
4877,2026-07-18,things tracked in video games,"['health', 'lives', 'score', 'time']"
4878,2026-07-18,belief,"['attitude', 'mind', 'opinion', 'view']"
4879,2026-07-18,commit a basketball violation,"['carry', 'double dribble', 'goaltend', 'travel']"
4880,2026-07-19,___ face expressions,"['game', 'long', 'poker', 'straight']"
4881,2026-07-19,things toilets do,"['drain', 'flush', 'refill', 'swirl']"
4882,2026-07-19,digital coupling verbs,"['connect', 'join', 'pair', 'sync']"
4883,2026-07-19,circuit components,"['breaker', 'fuse', 'relay', 'switch']"
4884,2026-07-20,starting with alcoholic beverages,"['alexa', 'meadow', 'portobello', 'sakes']"
4885,2026-07-20,associated with pearls,"['bubble tea', 'oyster', 'swine', 'wisdom']"
4886,2026-07-20,things to click,"['button', 'icon', 'link', 'menu']"
4887,2026-07-20,announce,"['blare', 'herald', 'sound', 'trumpet']"
4888,2026-07-21,tele___,"['gram', 'kinesis', 'prompter', 'vision']"
4889,2026-07-21,elements of a musical,"['book', 'lyrics', 'music', 'orchestration']"
4890,2026-07-21,software downloads,"['app', 'driver', 'extension', 'plugin']"
4891,2026-07-21,kinds of tops,"['crop', 'halter', 'tank', 'tube']"
4892,2026-07-22,features of a zebra,"['hooves', 'mane', 'tail', 'white stripes']"
4893,2026-07-22,platform-specific posts,"['pins', 'snaps', 'tweets', 'vines']"
4894,2026-07-22,on a golf scorecard,"['hole', 'par', 'score', 'strokes']"
4895,2026-07-22,symptoms of an allergic reaction,"['hives', 'itching', 'rash', 'redness']"
4896,2026-07-23,ending in geometry terms,"['appoint', 'deplane', 'feline', 'jangle']"
4897,2026-07-23,parts of an airport,"['apron', 'hangar', 'runway', 'terminal']"
4898,2026-07-23,in an anxious state,"['excited', 'febrile', 'frenetic', 'intense']"
4899,2026-07-23,spherical things,"['baseball', 'globe', 'marble', 'orange']"
4900,2026-07-24,homophones of religious roles,"['canter', 'fryer', 'llama', 'none']"
4901,2026-07-24,"bring to mind, as a memory","['jog', 'prompt', 'refresh', 'spark']"
4902,2026-07-24,outcomes for a batter,"['home run', 'single', 'strikeout', 'walk']"
4903,2026-07-24,talk at length,"['babble', 'drone', 'ramble', 'yak']"
4904,2026-07-25,strip ___,"['club', 'mall', 'poker', 'steak']"
4905,2026-07-25,african currencies,"['kwanza', 'leone', 'naira', 'rand']"
4906,2026-07-25,"start to cry, with ""up""","['choke', 'mist', 'tear', 'well']"
4907,2026-07-25,spanish relatives,"['abuela', 'hijo', 'madre', 'primo']"
4908,2026-07-26,"what ""shell"" might refer to","['carapace', 'gas station', 'pastry crust', 'rowing boat']"
4909,2026-07-26,expressions for rain,"['april showers', 'liquid sunshine', 'scotch mist', 'wet weather']"
4910,2026-07-26,outmoded consumer tech,"['blackberry', 'discman', 'dvd player', 'plasma tv']"
4911,2026-07-26,baby milestones,"['crawling', 'first words', 'rolling over', 'solid food']"
4912,2026-07-27,icons on a shopping site,"['bell', 'cart', 'heart', 'magnifying glass']"
4913,2026-07-27,kinds of shifts,"['doppler', 'graveyard', 'paradigm', 'stick']"
4914,2026-07-27,long tapered things,"['carrot', 'icicle', 'knitting needle', 'stalactite']"
4915,2026-07-27,gymnastics apparatus,"['beam', 'horse', 'rings', 'vault']"
4916,2026-07-28,starting with palindromic names,"['annapolis', 'bobsled', 'everest', 'ottoman']"
4917,2026-07-28,"shoe brands starting with ""c""","['camper', 'clarks', 'converse', 'crocs']"
4918,2026-07-28,how do you like them apples,"['empire', 'fuji', 'gala', 'honeycrisp']"
4919,2026-07-28,command,"['captain', 'direct', 'head', 'lead']"
4920,2026-07-29,___boards in a classroom,"['black', 'chalk', 'cork', 'white']"
4921,2026-07-29,units of wisdom,"['gem', 'nugget', 'pearl', 'word']"
4922,2026-07-29,nondescript,"['basic', 'mid', 'plain', 'vanilla']"
4923,2026-07-29,fasteners,"['nail', 'rivet', 'screw', 'staple']"
4924,2026-07-30,"on the ___, to mean ""precise""","['dot', 'mark', 'money', 'nose']"
4925,2026-07-30,cruise lines,"['carnival', 'celebrity', 'princess', 'viking']"
4926,2026-07-30,activities with multiple balls,"['beer pong', 'bingo', 'juggling', 'pool']"
4927,2026-07-30,virtuous,"['fair', 'good', 'just', 'right']"
4928,2026-07-31,starting with merriments,"['cheerios', 'fungus', 'gleek', 'joystick']"
4929,2026-07-31,fruits plus starting letter,"['dapple', 'jdate', 'slime', 'spear']"
4930,2026-07-31,super mario figures,"['dinosaur', 'mushroom', 'plumber', 'princess']"
4931,2026-07-31,construct,"['fashion', 'model', 'mold', 'shape']"
4932,2026-08-01,starting with bread shapes,"['boulevard', 'bundle', 'loafer', 'rolls-royce']"
4933,2026-08-01,perform some hole machining operations,"['bore', 'countersink', 'drill', 'ream']"
4934,2026-08-01,oscar-winning actors since 2010,"['bale', 'jordan', 'phoenix', 'waltz']"
4935,2026-08-01,bedding,"['comforter', 'sham', 'sheet', 'throw']"
4936,2026-08-02,u.s. airport codes plus starting letter,"['asea', 'flax', 'lord', 'olga']"
4937,2026-08-02,___ mode,"['airplane', 'beast', 'dark', 'à la']"
4938,2026-08-02,by means of,"['by', 'per', 'through', 'via']"
4939,2026-08-02,filler words,"['actually', 'like', 'so', 'well']"
4940,2026-08-03,"starting with synonyms for ""pester""","['bug fix', 'nag champa', 'needless', 'tea set']"
4941,2026-08-03,"""y"" is the only vowel","['fly by', 'myrrh', 'nsync', 'rhythm']"
4942,2026-08-03,shades of green,"['forest', 'hunter', 'mint', 'sage']"
4943,2026-08-03,road less traveled,"['alley', 'backstreet', 'byway', 'lane']"
4944,2026-08-04,v-shaped things,"['angle bracket', 'chevron', 'goose formation', 'peace sign']"
4945,2026-08-04,things with pedals,"['piano', 'sewing machine', 'swan boat', 'unicycle']"
4946,2026-08-04,iconic nyc sights,"['bodega', 'pigeon', 'subway station', 'taxi cab']"
4947,2026-08-04,long cylindrical things,"['cigarette', 'foam roller', 'pool noodle', 'pretzel rod']"
4948,2026-08-05,"what ""stock"" might refer to","['broth', 'cattle', 'investment', 'merchandise']"
4949,2026-08-05,house styles,"['cape cod', 'mission', 'ranch', 'tudor']"
4950,2026-08-05,jeans brands,"['diesel', 'gap', 'lucky', 'wrangler']"
4951,2026-08-05,navigate,"['drive', 'maneuver', 'pilot', 'steer']"
4952,2026-08-06,places with nets,"['barclays center', 'fishing boat', 'hockey rink', 'tennis court']"
4953,2026-08-06,iconic roman landmarks,"['colosseum', 'pantheon', 'spanish steps', 'trevi fountain']"
4954,2026-08-06,places with lanes,"['bowling alley', 'freeway', 'supermarket', 'swimming pool']"
4955,2026-08-06,classic wooden toys,"['alphabet blocks', 'cup-and-ball', ""jacob's ladder"", 'lincoln logs']"
4956,2026-08-07,starting with male animals,"['buckyball', 'jackpot', 'rambo', 'tomatillo']"
4957,2026-08-07,parts of an elevator,"['buttons', 'cables', 'motor', 'shaft']"
4958,2026-08-07,cold things,"['liquid nitrogen', 'refrigerator', 'snow', 'sundae']"
4959,2026-08-07,components of a candle,"['fragrance', 'jar', 'wax', 'wick']"
4960,2026-08-08,safety ___,"['belt', 'goggles', 'pin', 'razor']"
4961,2026-08-08,words abbreviated with letters as homophones,"['cutie', 'easy', 'effects', 'i owe you']"
4962,2026-08-08,convey,"['couch', 'express', 'frame', 'phrase']"
4963,2026-08-08,quaint expressions of excitement,"['hot dog', 'hurrah', 'whoopee', 'yahoo']"
4964,2026-08-09,things people try to get out of,"['bad dream', 'escape room', 'jury duty', 'labyrinth']"
4965,2026-08-09,movie subgenres,"['buddy cop', 'neo-noir', 'space opera', 'spaghetti western']"
4966,2026-08-09,classic children's books,"['caps for sale', 'corduroy', 'goodnight moon', 'madeline']"
4967,2026-08-09,take a different approach,"['change tack', 'course-correct', 'recalibrate', 'shift gears']"
4968,2026-08-10,famous goatees,"['billy goat', 'colonel sanders', 'doctor strange', 'the devil']"
4969,2026-08-10,sections on an invoice,"['balance due', 'bill to', 'order number', 'unit price']"
4970,2026-08-10,ways to receive event tickets,"['mail delivery', 'mobile ticket', 'print-at-home', 'will call']"
4971,2026-08-10,haphazardly,"['any old how', 'at random', 'helter-skelter', 'willy-nilly']"
4972,2026-08-11,homophones of facial features,"['aye', 'hare', 'knows', 'tung']"
4973,2026-08-11,words in an auctioneer's chant,"['going', 'once', 'sold', 'twice']"
4974,2026-08-11,basic cable channels,"['bet', 'bravo', 'history', 'usa']"
4975,2026-08-11,doomed,"['done', 'sunk', 'through', 'toast']"
4976,2026-08-12,starting with affirmative responses,"['fine print', 'goodbye', 'great white', 'okayama']"
4977,2026-08-12,nbc sitcom surnames,"['benes', 'bing', 'lemon', 'scott']"
4978,2026-08-12,kinds of frogs,"['bull', 'green', 'poison dart', 'tree']"
4979,2026-08-12,"hold onto, as a feeling","['foster', 'harbor', 'maintain', 'nurse']"
4980,2026-08-13,"""cold"" things, in idioms","['comfort', 'feet', 'shoulder', 'turkey']"
4981,2026-08-13,airline status perks,"['checked bags', 'lounge', 'miles', 'upgrade']"
4982,2026-08-13,move slowly (up to),"['creep', 'ease', 'edge', 'inch']"
4983,2026-08-13,persevere,"['carry on', 'continue', 'make it', 'persist']"
4984,2026-08-14,triangle logos,"['bass ale', 'citgo', 'delta airlines', 'google drive']"
4985,2026-08-14,comic book artist's tools,"['bristol board', 'dip pen', 'india ink', 'straightedge']"
4986,2026-08-14,places where everyone thinks the same ways,"['bubble', 'echo chamber', 'hivemind', 'silo']"
4987,2026-08-14,black-and-yellow,"['bumblebee', 'caution tape', 'charlie brown', 'wolverine']"
4988,2026-08-15,ending in synonyms for follow secretly,"['beanstalk', 'eyeshadow', 'hightail', 'soundtrack']"
4989,2026-08-15,ending in units of length,"['chamomile', 'grinch', 'hotfoot', 'lanyard']"
4990,2026-08-15,segment,"['leg', 'phase', 'stage', 'stretch']"
4991,2026-08-15,exhausted,"['beat', 'fried', 'spent', 'worn out']"
4992,2026-08-16,descriptors for our human ancestors,"['from neander', 'handy', 'upright', 'wise']"
4993,2026-08-16,family relationship modifiers,"['grand', 'great', 'half', 'step']"
4994,2026-08-16,participant,"['actor', 'agent', 'party', 'player']"
4995,2026-08-16,musical performance,"['concert', 'gig', 'set', 'show']"
4996,2026-08-17,starting with pets,"['birdie', 'cattle', 'dogie', 'fisheye']"
4997,2026-08-17,first names of country music legends,"['dolly', 'johnny', 'patsy', 'willie']"
4998,2026-08-17,spreadsheet features,"['formula', 'function', 'macro', 'script']"
4999,2026-08-17,video call platforms,"['huddle', 'meet', 'teams', 'zoom']"
5000,2026-08-18,things that are gritty,"['cowboy coffee', 'film noir', 'flyers mascot', 'sandpaper']"
5001,2026-08-18,things that are orange,"['basketball', 'orangutan', 'sweet potato', 'traffic cone']"
5002,2026-08-18,pjs,"['petroleum jelly', 'poetic justice', 'practical joke', 'private jet']"
5003,2026-08-18,seen at a movie premiere,"['limousine', 'paparazzi', 'red carpet', 'velvet rope']"
5004,2026-08-19,homophones of cgi-animated films,"['ants', 'cocoa', 'rheo', 'seoul']"
5005,2026-08-19,"words before ""ball"" in sport names","['base', 'basket', 'foot', 'pickle']"
5006,2026-08-19,conceal,"['blanket', 'hide', 'mask', 'obscure']"
5007,2026-08-19,piece of cake,"['breeze', 'cinch', 'picnic', 'snap']"
5008,2026-08-20,starting with chinese zodiac animals,"['dragonfly', 'oxford', 'pigment', 'ratchet']"
5009,2026-08-20,similarly shaped typographical marks,"['apostrophe', 'cedilla', 'comma', 'okina']"
5010,2026-08-20,kinds of numbers,"['atomic', 'serial', 'social security', 'telephone']"
5011,2026-08-20,kinds of pizza,"['diavola', 'hawaiian', 'meat lovers', 'white']"
5012,2026-08-21,once in a ___,"['blue moon', 'generation', 'lifetime', 'while']"
5013,2026-08-21,___ kids,"['comeback', 'karate', 'sundance', 'wimpy']"
5014,2026-08-21,calls to begin a performance,"['action', 'curtain up', 'places', 'showtime']"
5015,2026-08-21,things most animals need,"['nutrition', 'oxygen', 'sleep', 'water']"
5016,2026-08-22,___ girls of pop culture,"['gilmore', 'golden', 'mean', 'spice']"
5017,2026-08-22,garden hose settings,"['cone', 'jet', 'mist', 'shower']"
5018,2026-08-22,kinds of melon,"['bitter', 'musk', 'water', 'winter']"
5019,2026-08-22,carpentry tools,"['chisel', 'hammer', 'plane', 'saw']"
5020,2026-08-23,household stain removers,"['baking soda', 'club soda', 'hydrogen peroxide', 'vinegar']"
5021,2026-08-23,made with potatoes,"['home fries', 'potato battery', 'vischyssoise', 'vodka']"
5022,2026-08-23,double vowels,"['antifreeze', 'bazaar', 'skiing', 'vacuum']"
5023,2026-08-23,potentially explosive things,"['powder keg', 'time bomb', 'tinderbox', 'volcano']"
5024,2026-08-24,letter homophone plus tennis term,"['beset', 'deserve', 'ex-love', 'eyelet']"
5025,2026-08-24,pro-wrestling lingo,"['face', 'heel', 'jobber', 'kayfabe']"
5026,2026-08-24,principal,"['arch', 'chief', 'main', 'prime']"
5027,2026-08-24,fish,"['mullet', 'pike', 'sole', 'tang']"
5028,2026-08-25,ending in ice cream orders,"['harlem shake', 'inside scoop', 'lickety-split', 'traffic cone']"
5029,2026-08-25,"stephen king film adaptations, with ""the""","['green mile', 'long walk', 'running man', 'shawshank redemption']"
5030,2026-08-25,sci-fi phenomena,"['hyperspace', 'parallel universe', 'teleportation', 'time warp']"
5031,2026-08-25,surface-level,"['cosmetic', 'one-dimensional', 'skin-deep', 'superficial']"
5032,2026-08-26,key ___,"['chain', 'largo', 'lime', 'signature']"
5033,2026-08-26,"what ""p"" might stand for","['page', 'park', 'phosphorus', 'piano']"
5034,2026-08-26,knack,"['forte', 'gift', 'strength', 'talent']"
5035,2026-08-26,"""there you have it!""","['behold', 'presto', 'shazam', 'voilà']"
5036,2026-08-27,music genre plus starting letter,"['brock', 'nemo', 'spunk', 'wrap']"
5037,2026-08-27,shades of gray,"['ash', 'dove', 'pewter', 'slate']"
5038,2026-08-27,moved to tears,"['choked up', 'emotional', 'misty', 'overcome']"
5039,2026-08-27,electric things,"['electric eel', 'lightning', 'live wire', 'pikachu']"
5040,2026-08-28,top of the ___,"['hour', 'line', 'morning', 'pops']"
5041,2026-08-28,modern add-ons/combining forms,"['bro', 'coded', 'era', 'maxxing']"
5042,2026-08-28,palindromes,"['mom', 'noon', 'sis', 'top spot']"
5043,2026-08-28,bedtime parting words,"['night', 'rest easy', 'sleep tight', 'sweet dreams']"
5044,2026-08-29,starting with figures from greek myth,"['at last', 'herald', 'hydrant', 'tritone']"
5045,2026-08-29,keyboard keys,"['control', 'escape', 'shift', 'space']"
5046,2026-08-29,kinds of salad,"['chopped', 'greek', 'house', 'wedge']"
5047,2026-08-29,under the hood of a car,"['alternator', 'battery', 'engine', 'radiator']"
5048,2026-08-30,words on an old west wanted poster,"['alias', 'outlaw', 'reward', 'wanted']"
5049,2026-08-30,brands with bunny rabbit mascots,"['cadbury', 'energizer', 'playboy', 'trix']"
5050,2026-08-30,wine accessories,"['aerator', 'corkscrew', 'decanter', 'stopper']"
5051,2026-08-30,exercise facilities,"['gymnasium', 'health club', 'rec center', 'ymca']"
5052,2026-08-31,___ bowl,"['dust', 'poke', 'salad', 'super']"
5053,2026-08-31,historical sovereign titles,"['caliph', 'khan', 'pharaoh', 'shogun']"
5054,2026-08-31,warnings on a shipping box,"['fragile', 'heavy', 'perishable', 'this side up']"
5055,2026-08-31,things that come in tubes,"['lipstick', 'poster', 'tennis balls', 'toothpaste']"
5056,2026-09-01,starting with words of intention,"['aimee mann', 'hope diamond', 'planetarium', 'wishy-washy']"
5057,2026-09-01,private investigators of fiction,"['hercule poirot', 'mike hammer', 'sam spade', 'sherlock holmes']"
5058,2026-09-01,"long, skinny things often seen together","['arrow', 'golf club', 'pick-up stick', 'spaghetto']"
5059,2026-09-01,"""i promise!""","['cross my heart', 'for real', 'on god', 'pinky swear']"
5060,2026-09-02,___ dogs (that aren't dogs),"['corn', 'prairie', 'salty', 'top']"
5061,2026-09-02,___ dogs (that are dogs),"['hunting', 'rescue', 'sausage', 'sheep']"
5062,2026-09-02,things in a violin case,"['bow', 'mute', 'rosin', 'shoulder rest']"
5063,2026-09-02,flabbergast,"['dazzle', 'floor', 'stun', 'wow']"
5064,2026-09-03,spreadsheet functions,"['average', 'count', 'max', 'sum']"
5065,2026-09-03,toy car brands,"['hot wheels', 'matchbox', 'micro machines', 'tonka']"
5066,2026-09-03,shades of red,"['carmine', 'cinnabar', 'maroon', 'vermillion']"
5067,2026-09-03,two shakes of a lamb's tail,"['blink', 'flash', 'heartbeat', 'trice']"
5068,2026-09-04,accessories inside starting and ending letters,"['cringy', 'opine', 'stied', ""that's""]"
5069,2026-09-04,kinds of eels,"['conger', 'gulper', 'moray', 'ribbon']"
5070,2026-09-04,food whose name is two foods,"['cake donut', 'candy corn', 'cherry tomato', 'pizza pie']"
5071,2026-09-04,spherical things,"['bowling ball', 'eye', 'moon', 'orange']"
5072,2026-09-05,desserts minus last letter,"['cobble', 'pi', 'tar', 'tort']"
5073,2026-09-05,___head,"['bobble', 'hammer', 'jug', 'sleepy']"
5074,2026-09-05,bird onomatopoeia,"['coo', 'gobble', 'honk', 'warble']"
5075,2026-09-05,move unsteadily,"['sway', 'toddle', 'totter', 'wobble']"
5076,2026-09-06,ending with ways to carve a surface,"['court scribe', ""director's cut"", 'pizza slice', 'sat score']"
5077,2026-09-06,abbreviations followed by redundant word,"['atm machine', 'lcd display', 'pin number', 'upc code']"
5078,2026-09-06,places to insert something into on a computer,"['card slot', 'headphone jack', 'optical drive', 'usb port']"
5079,2026-09-06,unrestricted permission,"['blank check', 'carte blanche', 'free reign', 'full authority']"
5080,2026-09-07,starting with disney characters,"['plutonium', 'scar tissue', 'stitch marker', 'trampoline']"
5081,2026-09-07,associated with pine trees,"['car air freshener', 'christmas', 'needles', 'turpentine']"
5082,2026-09-07,parts of a bra,"['cup', 'hook', 'strap', 'underwire']"
5083,2026-09-07,quite the saga,"['fabrication', 'fish story', 'tall tale', 'yarn']"
5084,2026-09-08,candy bars plus a letter,"['doves', 'marsh', 'skort', 'twixt']"
5085,2026-09-08,___ heart,"['artichoke', 'purple', 'sacred', 'take to']"
5086,2026-09-08,features of a mime costume,"['beret', 'gloves', 'stripes', 'suspenders']"
5087,2026-09-08,classic american performance cars,"['corvette', 'firebird', 'mustang', 'viper']"
5088,2026-09-09,"words before ""force""","['brute', 'electromagnetic', 'g', 'task']"
5089,2026-09-09,horror movies,"['arachnophobia', 'halloween', 'it', 'saw']"
5090,2026-09-09,"words with ""small"" prefixes","['microbrewery', 'minivan', 'nanotechnology', 'picosecond']"
5091,2026-09-09,hard to understand,"['bewildering', 'esoteric', 'incomprehensible', 'opaque']"
5092,2026-09-10,"ending in synonyms for ""happening now""","['adult contemporary', 'alternating current', 'represent', 'sextant']"
5093,2026-09-10,bruce springsteen classics,"['atlantic city', 'badlands', 'born to run', 'thunder road']"
5094,2026-09-10,what you might see sticking out of a window,"['air conditioner', 'catio', 'clothesline', 'flower box']"
5095,2026-09-10,chemical elements,"['actinium', 'krypton', 'lead', 'sulfur']"
5096,2026-09-11,things that are pushed metaphorically,"['agenda', 'envelope', 'limits', 'luck']"
5097,2026-09-11,ways to practice self-care,"['exercise', 'journal', 'meditate', 'unplug']"
5098,2026-09-11,internalize,"['absorb', 'digest', 'process', 'take in']"
5099,2026-09-11,people hired for an event,"['band', 'florist', 'photographer', 'planner']"
5100,2026-09-12,___ alert,"['nerd', 'red', 'spoiler', 'weather']"
5101,2026-09-12,things that blink,"['cursor', 'eyelids', 'smoke detector', 'turn signal']"
5102,2026-09-12,people in an online forum,"['lurker', 'poster', 'spammer', 'troll']"
5103,2026-09-12,ways to personalize a car,"['bumper sticker', 'fuzzy dice', 'hood ornament', 'vanity plate']"
5104,2026-09-13,ending in elevated landforms,"['doublespeak', 'heathcliff', 'paramount', 'porridge']"
5105,2026-09-13,words that sound like two letters,"['empty', 'excess', 'kewpie', 'odie']"
5106,2026-09-13,u.s. presidents,"['cleveland', 'garfield', 'grant', 'madison']"
5107,2026-09-13,lacking in firmness,"['droopy', 'flaccid', 'sagging', 'slack']"
5108,2026-09-14,___grass,"['blue', 'crab', 'lemon', 'wheat']"
5109,2026-09-14,common single-use plastic items,"['bag', 'cutlery', 'stirrer', 'straw']"
5110,2026-09-14,informant,"['canary', 'rat', 'snitch', 'stoolie']"
5111,2026-09-14,waterbirds,"['coot', 'goose', 'loon', 'teal']"
5112,2026-09-15,things that appear at the end,"['caboose', 'december', 'dessert', 'epilogue']"
5113,2026-09-15,undercover operative,"['asset', 'mole', 'plant', 'sleeper']"
5114,2026-09-15,parts of a whistling kettle,"['handle', 'lid', 'spout', 'whistle']"
5115,2026-09-15,instruct,"['coach', 'direct', 'guide', 'train']"
5116,2026-09-16,sausages plus a letter,"['borat', 'clink', 'frank-n-furter', 'widener']"
5117,2026-09-16,poets' middle names,"['barrett', 'carlos', 'st. vincent', 'wadsworth']"
5118,2026-09-16,starting with u.s. coins,"['dimension', 'nickelodeon', 'pennywise', 'quarterback']"
5119,2026-09-16,ending in metal elements,"['latin', 'long john silver', 'marigold', 'steam iron']"
5120,2026-09-17,love ___,"['handles', 'language', 'tap', 'triangle']"
5121,2026-09-17,"hugh jackman movies, with ""the""","['fountain', 'prestige', 'sheep detectives', 'wolverine']"
5122,2026-09-17,things that are underground,"['mine shaft', 'sewer line', 'subway station', 'well']"
5123,2026-09-17,elasticity,"['bounce', 'flexibility', 'give', 'spring']"
5124,2026-09-18,___case,"['brief', 'pillow', 'stair', 'upper']"
5125,2026-09-18,parts of a flight,"['boarding', 'cruise', 'landing', 'takeoff']"
5126,2026-09-18,assortments of food/drink,"['flight', 'medley', 'platter', 'sampler']"
5127,2026-09-18,segment of a process,"['phase', 'round', 'stage', 'step']"
5128,2026-09-19,starting with abbreviated math functions,"['cos lettuce', 'log cabin', 'sin city', 'tan line']"
5129,2026-09-19,associated with swinging london in the 1960s,"['carnaby street', 'miniskirt', 'mod', 'twiggy']"
5130,2026-09-19,features of a kid's drawing,"['house', 'stick figure', 'sun', 'tree']"
5131,2026-09-19,widen one's scope,"['branch out', 'diversify', 'expand', 'grow']"
5132,2026-09-20,___boards you ride on,"['hover', 'skate', 'snow', 'surf']"
5133,2026-09-20,vampire movies,"['blade', 'near dark', 'sinners', 'twilight']"
5134,2026-09-20,associated with kentucky,"['bluegrass', 'bourbon', 'derby', 'fried chicken']"
5135,2026-09-20,round flat things,"['blu-ray', 'coaster', 'sand dollar', 'tortilla']"
5136,2026-09-21,starts of composers' names,"['beet', 'brah', 'chop', 'viva']"
5137,2026-09-21,chess verbs,"['capture', 'castle', 'check', 'mate']"
5138,2026-09-21,ways to attract fish,"['chum', 'fly', 'spinner', 'worm']"
5139,2026-09-21,email buttons,"['compose', 'drafts', 'sent', 'spam']"
5140,2026-09-22,beverages with acute accents removed,"['cafe', 'patron', 'rose', 'the']"
5141,2026-09-22,options on a multiple choice survey,"['agree', 'disagree', 'neutral', 'other']"
5142,2026-09-22,embellishment,"['accent', 'detail', 'flourish', 'touch']"
5143,2026-09-22,demonstratives,"['that', 'these', 'this', 'those']"
5144,2026-09-23,"ending in synonyms for ""term""","['bitcoin', 'record label', 'rub-a-dub', 'suriname']"
5145,2026-09-23,things that come in cans,"['condensed milk', 'paint', 'shaving cream', 'spam']"
5146,2026-09-23,website hurdles,"['age verification', 'captcha', 'cookie consent', 'paywall']"
5147,2026-09-23,things you grab before leaving the house,"['keys', 'phone', 'sunglasses', 'wallet']"
5148,2026-09-24,anagrams,"['beer hat', 'breathe', 'herb tea', 'the bear']"
5149,2026-09-24,featuring pointing,"['creation of adam', 'foam finger', ""i'm with stupid shirt"", 'uncle sam']"
5150,2026-09-24,things with spring/s,"['bobblehead', 'pogo stick', 'snakes in a can', 'trampoline']"
5151,2026-09-24,parts of a vampire costume,"['cape', 'face paint', 'fake blood', 'fangs']"
5152,2026-09-25,taxonomic ranks plus a letter,"['border', 'classy', 'foamily', 'genius']"
5153,2026-09-25,famous dans,"['aykroyd', 'levy', 'rather', 'savage']"
5154,2026-09-25,parts of a mechanical clock,"['escapement', 'pendulum', 'ratchet', 'spring']"
5155,2026-09-25,luxe,"['bougie', 'fancy', 'posh', 'swank']"
5156,2026-09-26,"""cool"" things, in expressions","['beans', 'cat', 'cucumber', 'customer']"
5157,2026-09-26,features of wood,"['burl', 'grain', 'knots', 'rings']"
5158,2026-09-26,things done to a dress shirt at the laundry,"['fold', 'press', 'starch', 'wash']"
5159,2026-09-26,breath fresheners,"['gum', 'mint', 'mouthwash', 'spray']"
5160,2026-09-27,ending in chinese dynasties,"['bbqing', 'homing', 'lohan', 'wu-tang']"
5161,2026-09-27,telecom,"['carrier', 'network', 'operator', 'provider']"
5162,2026-09-27,restaurant seating options,"['banquette', 'booth', 'chair', 'stool']"
5163,2026-09-27,sculpture media,"['bronze', 'clay', 'marble', 'plaster']"
5164,2026-09-28,three letters plus repeated trigrams,"['arkansans', 'chihuahua', 'possesses', 'springing']"
5165,2026-09-28,dodge models,"['challenger', 'charger', 'durango', 'viper']"
5166,2026-09-28,oyster condiments,"['horseradish', 'lemon', 'mignonette', 'tabasco']"
5167,2026-09-28,things with stalks,"['bamboo', 'celery', 'corn', 'wheat']"
5168,2026-09-29,phrases hiding greek letters,"['freeze tag', 'home game', 'model tank', 'oral phase']"
5169,2026-09-29,first words of pixar films,"['finding', 'inside', 'monsters', 'toy']"
5170,2026-09-29,river features,"['delta', 'drainage basin', 'mouth', 'stream bed']"
5171,2026-09-29,secluded,"['hidden', 'remote', 'secret', 'tucked away']"
5172,2026-09-30,starting with month abbreviations,"['decent', 'novelty', 'octopussy', 'septum']"
5173,2026-09-30,gangster movies,"['bugsy', 'casino', 'donnie brasco', 'scarface']"
5174,2026-09-30,things that are shaken (not stirred),"['etch a sketch', 'martini', 'spray paint', 'tambourine']"
5175,2026-09-30,securities,"['bond', 'future', 'option', 'stock']"
5176,2026-10-01,starts of nyt print puzzles,"['acro', 'cross', 'ken', 'sud']"
5177,2026-10-01,"2000s indie rock bands, with ""the""","['decemberists', 'national', 'shins', 'walkmen']"
5178,2026-10-01,dress shirt measurements,"['chest', 'neck', 'sleeve', 'waist']"
5179,2026-10-01,put,"['place', 'position', 'situate', 'stick']"
5180,2026-10-02,prime ___,"['number', 'real estate', 'rib', 'time']"
5181,2026-10-02,customary,"['common', 'routine', 'standard', 'stock']"
5182,2026-10-02,fingers,"['index', 'little', 'middle', 'ring']"
5183,2026-10-02,finance,"['back', 'bankroll', 'fund', 'support']"
5184,2026-10-03,ending in fantasy creatures,"['diet sprite', 'merv griffin', 'ny giant', 'river phoenix']"
5185,2026-10-03,starting with u.s. museums,"['broad bean', 'getty images', 'met halfway', 'whitney houston']"
5186,2026-10-03,ending in musicals,"['elbow grease', 'fat cats', 'linda hamilton', 'something wicked']"
5187,2026-10-03,"starting with terms for ""toilet""","['can opener', 'head waiter', 'john denver', 'w.c. fields']"
5188,2026-10-04,silent ___,"['auction', 'film', 'partner', 'treatment']"
5189,2026-10-04,parts of a judge costume,"['collar', 'gavel', 'robe', 'wig']"
5190,2026-10-04,table tennis needs,"['ball', 'net', 'paddle', 'table']"
5191,2026-10-04,considerable amount,"['bunch', 'heap', 'lot', 'stack']"
5192,2026-10-05,ending in ways to temporarily acquire,"['parent', 'please', 'sapphire', 'sloan']"
5193,2026-10-05,kinds of boards,"['advisory', 'chess', 'ironing', 'message']"
5194,2026-10-05,adjectives for mature content,"['explicit', 'graphic', 'strong', 'suggestive']"
5195,2026-10-05,calm,"['content', 'peaceful', 'placid', 'serene']"
5196,2026-10-06,ending in talents,"['catskill', 'knickknack', 'pianoforte', 'stability']"
5197,2026-10-06,___ inn hotels,"['comfort', 'days', 'hampton', 'holiday']"
5198,2026-10-06,kinds of chairs,"['adirondack', 'eames', 'windsor', 'wingback']"
5199,2026-10-06,"financial firms, for short","['berkshire', 'citi', 'goldman', 'merrill']"
5200,2026-06-29,ending in parts of a tree,"['embark', 'groot', 'nudibranch', 'strunk']"
5201,2026-06-29,parts of a speaker,"['cabinet', 'cone', 'magnet', 'woofer']"
5202,2026-06-29,consume with gusto,"['crush', 'guzzle', 'inhale', 'snarf']"
5203,2026-06-29,old timey troublemakers,"['miscreant', 'rogue', 'ruffian', 'scoundrel']"
5204,2026-06-30,"what ""draft"" might refer to","['breeze', 'on tap', 'recruit', 'sketch']"
5205,2026-06-30,common recyclables,"['bottle', 'box', 'can', 'newspaper']"
5206,2026-06-30,participate in some winter olympics,"['curl', 'luge', 'skate', 'ski']"
5207,2026-06-30,dividing structures,"['fence', 'gate', 'hedge', 'wall']"
5208,2026-07-01,starting with countries,"['dominican republic', 'guinea-bissau', 'indianapolis', 'nigeria']"
5209,2026-07-01,places in cocktail names,"['cuba', 'long island', 'moscow', 'singapore']"
5210,2026-07-01,best picture winners/nominees,"['casablanca', 'chicago', 'fargo', 'munich']"
5211,2026-07-01,things named after places,"['champagne', 'china', 'cologne', 'limerick']"
5212,2026-07-02,starting with sports venues,"['court jester', 'diamond ring', 'field mouse', 'track record']"
5213,2026-07-02,starting with nicknames,"['billy goat', 'dan dan noodles', 'rich text', 'tom-tom']"
5214,2026-07-02,old-timey names for things we still use,"['looking glass', 'spectacles', 'talkie', 'water closet']"
5215,2026-07-02,they impersonate other things,"['copycat', 'mime', 'mockingbird', 't-1000']"
5216,2026-07-03,"what things pronounced ""t"" might refer to","['golf accessory', 'gossip', 'hot drink', 'shirt']"
5217,2026-07-03,bad things to give someone,"['cold shoulder', 'dirty look', 'hard time', 'runaround']"
5218,2026-07-03,retro expressions of approval,"['cool beans', 'far out', 'groovy', 'right on']"
5219,2026-07-03,positive feelings,"['bliss', 'felicity', 'happiness', 'warm fuzzies']"
5220,2026-07-04,sweet ___,"['dreams', 'nothings', 'pea', 'spot']"
5221,2026-07-04,tropical drinks,"['hurricane', 'painkiller', 'scorpion', 'zombie']"
5222,2026-07-04,kinds of poems,"['ballad', 'epic', 'ode', 'villanelle']"
5223,2026-07-04,persist,"['continue', 'last', 'linger', 'stay']"
5224,2026-07-05,"what ""w"" might stand for","['tungsten', 'west', 'win', 'with']"
5225,2026-07-05,amex card types,"['centurion', 'gold', 'green', 'platinum']"
5226,2026-07-05,payment methods,"['card', 'cash', 'check', 'wire']"
5227,2026-07-05,granola ingredients,"['honey', 'nuts', 'oats', 'seeds']"
5228,2026-07-06,starting with dating apps,"['bumblebee', 'grind rail', 'matcha', 'tinderbox']"
5229,2026-07-06,acme products used by wile e. coyote,"['earthquake pills', 'iron bird seed', 'rocket skates', 'tnt']"
5230,2026-07-06,science fair model subjects,"['atom', 'dna', 'solar system', 'volcano']"
5231,2026-07-06,stunning news,"['bombshell', 'revelation', 'shocker', 'thunderbolt']"
5232,2026-07-07,"ending in ""sesame street"" characters","['bernie', 'colbert', 'discount', 'san anselmo']"
5233,2026-07-07,___ twist,"['french', 'lemon', 'oliver', 'plot']"
5234,2026-07-07,student-athlete designations,"['all-american', 'jock', 'letterman', 'team captain']"
5235,2026-07-07,rooms in clue,"['conservatory', 'hall', 'kitchen', 'study']"
5236,2026-07-08,house of ___,"['cards', 'lords', 'wax', 'worship']"
5237,2026-07-08,guitar-playing techniques,"['pick', 'pluck', 'strum', 'tap']"
5238,2026-07-08,motif,"['drift', 'plot', 'theme', 'thread']"
5239,2026-07-08,cut into thin pieces,"['grate', 'plane', 'shave', 'sliver']"
5240,2026-07-09,pontiac models,"['firebird', 'g6', 'grand prix', 'trans am']"
5241,2026-07-09,kinds of rugs,"['persian', 'prayer', 'shag', 'throw']"
5242,2026-07-09,music publications,"['billboard', 'pitchfork', 'rolling stone', 'spin']"
5243,2026-07-09,non-alcoholic designators,"['na', 'spirit-free', 'virgin', 'zero-proof']"
5244,2026-07-10,starting with baseball calls,"['ball gown', 'outkast', 'safe mode', 'strike a pose']"
5245,2026-07-10,'80s synth-pop bands,"['depeche mode', 'erasure', 'new order', 'pet shop boys']"
5246,2026-07-10,dessert menu descriptors,"['decadent', 'fresh-baked', 'molten', 'à la mode']"
5247,2026-07-10,smartphone settings,"['airplane mode', 'do not disturb', 'hotspot', 'location services']"
5248,2026-07-11,double letters appearing in that letter's alphabetical position,"['aardvark', 'bocce', 'ebbing', 'twiddle']"
5249,2026-07-11,"""toy story"" characters","['bo peep', 'jessie', 'slinky', 'woody']"
5250,2026-07-11,"undisturbed, as water","['calm', 'flat', 'glassy', 'still']"
5251,2026-07-11,circus equipment,"['cannon', 'stilts', 'trapeze', 'unicycle']"
5252,2026-07-12,starts of u.s. capitals,"['den', 'mad', 'pho', 'sac']"
5253,2026-07-12,verbs in a college life slogan,"['party', 'repeat', 'sleep', 'study']"
5254,2026-07-12,bit of fruit-flavored candy,"['dot', 'nerd', 'runt', 'spree']"
5255,2026-07-12,reproductive part of fruit,"['pip', 'pit', 'seed', 'stone']"
5256,2026-07-13,starting with smooches,"['bussin', 'kisser', 'peckish', 'smackdown']"
5257,2026-07-13,fictional cats,"['figaro', 'puss', 'salem', 'tom']"
5258,2026-07-13,things with handles,"['bucket', 'drawer', 'mug', 'umbrella']"
5259,2026-07-13,interrogate,"['examine', 'grill', 'pump', 'question']"
5260,2026-07-14,symbolized with arrows,"['recycling', 'shuffle', 'this side up', 'u-turn']"
5261,2026-07-14,kinds of baskets,"['easter', 'grocery', 'laundry', 'picnic']"
5262,2026-07-14,edit menu options,"['copy', 'cut', 'delete', 'paste']"
5263,2026-07-14,contract,"['agreement', 'bargain', 'deal', 'understanding']"
5264,2026-07-15,"words before ""room"" to indicate extra space","['breathing', 'elbow', 'head', 'wiggle']"
5265,2026-07-15,kinds of sports,"['extreme', 'motor', 'racket', 'water']"
5266,2026-07-15,things with laces,"['baseball glove', 'corset', 'football', 'shoe']"
5267,2026-07-15,terms for the legal system,"['bar', 'bench', 'court', 'tribunal']"
5268,2026-07-16,starting with tiny marks,"['dot matrix', 'period piece', 'point break', 'spot remover']"
5269,2026-07-16,associated with precision,"['bullseye', 'clockwork', 'laser', 'needle']"
5270,2026-07-16,shades of black,"['charcoal', 'ink', 'jet', 'pitch']"
5271,2026-07-16,skincare products,"['clay mask', 'eye cream', 'peel', 'toner']"
5272,2026-07-17,ending in parts of a car,"['plot spoiler', 'robin hood', 'satires', 'tree trunk']"
5273,2026-07-17,four groups of four,"['cardinal directions', 'classical elements', 'seasons', 'suits']"
5274,2026-07-17,seen in an arcade,"['crane game', 'pinball', 'tickets', 'tokens']"
5275,2026-07-17,grand finale,"['epilogue', 'farewell', 'last dance', 'swan song']"
5276,2026-07-18,"words after ""pop""","['culture', 'fly', 'quiz', 'tart']"
5277,2026-07-18,things tracked in video games,"['health', 'lives', 'score', 'time']"
5278,2026-07-18,belief,"['attitude', 'mind', 'opinion', 'view']"
5279,2026-07-18,commit a basketball violation,"['carry', 'double dribble', 'goaltend', 'travel']"
5280,2026-07-19,___ face expressions,"['game', 'long', 'poker', 'straight']"
5281,2026-07-19,things toilets do,"['drain', 'flush', 'refill', 'swirl']"
5282,2026-07-19,digital coupling verbs,"['connect', 'join', 'pair', 'sync']"
5283,2026-07-19,circuit components,"['breaker', 'fuse', 'relay', 'switch']"
5284,2026-07-20,starting with alcoholic beverages,"['alexa', 'meadow', 'portobello', 'sakes']"
5285,2026-07-20,associated with pearls,"['bubble tea', 'oyster', 'swine', 'wisdom']"
5286,2026-07-20,things to click,"['button', 'icon', 'link', 'menu']"
5287,2026-07-20,announce,"['blare', 'herald', 'sound', 'trumpet']"
5288,2026-07-21,tele___,"['gram', 'kinesis', 'prompter', 'vision']"
5289,2026-07-21,elements of a musical,"['book', 'lyrics', 'music', 'orchestration']"
5290,2026-07-21,software downloads,"['app', 'driver', 'extension', 'plugin']"
5291,2026-07-21,kinds of tops,"['crop', 'halter', 'tank', 'tube']"
5292,2026-07-22,features of a zebra,"['hooves', 'mane', 'tail', 'white stripes']"
5293,2026-07-22,platform-specific posts,"['pins', 'snaps', 'tweets', 'vines']"
5294,2026-07-22,on a golf scorecard,"['hole', 'par', 'score', 'strokes']"
5295,2026-07-22,symptoms of an allergic reaction,"['hives', 'itching', 'rash', 'redness']"
5296,2026-07-23,ending in geometry terms,"['appoint', 'deplane', 'feline', 'jangle']"
5297,2026-07-23,parts of an airport,"['apron', 'hangar', 'runway', 'terminal']"
5298,2026-07-23,in an anxious state,"['excited', 'febrile', 'frenetic', 'intense']"
5299,2026-07-23,spherical things,"['baseball', 'globe', 'marble', 'orange']"
5300,2026-07-24,homophones of religious roles,"['canter', 'fryer', 'llama', 'none']"
5301,2026-07-24,"bring to mind, as a memory","['jog', 'prompt', 'refresh', 'spark']"
5302,2026-07-24,outcomes for a batter,"['home run', 'single', 'strikeout', 'walk']"
5303,2026-07-24,talk at length,"['babble', 'drone', 'ramble', 'yak']"
5304,2026-07-25,strip ___,"['club', 'mall', 'poker', 'steak']"
5305,2026-07-25,african currencies,"['kwanza', 'leone', 'naira', 'rand']"
5306,2026-07-25,"start to cry, with ""up""","['choke', 'mist', 'tear', 'well']"
5307,2026-07-25,spanish relatives,"['abuela', 'hijo', 'madre', 'primo']"
5308,2026-07-26,"what ""shell"" might refer to","['carapace', 'gas station', 'pastry crust', 'rowing boat']"
5309,2026-07-26,expressions for rain,"['april showers', 'liquid sunshine', 'scotch mist', 'wet weather']"
5310,2026-07-26,outmoded consumer tech,"['blackberry', 'discman', 'dvd player', 'plasma tv']"
5311,2026-07-26,baby milestones,"['crawling', 'first words', 'rolling over', 'solid food']"
5312,2026-07-27,icons on a shopping site,"['bell', 'cart', 'heart', 'magnifying glass']"
5313,2026-07-27,kinds of shifts,"['doppler', 'graveyard', 'paradigm', 'stick']"
5314,2026-07-27,long tapered things,"['carrot', 'icicle', 'knitting needle', 'stalactite']"
5315,2026-07-27,gymnastics apparatus,"['beam', 'horse', 'rings', 'vault']"
5316,2026-07-28,starting with palindromic names,"['annapolis', 'bobsled', 'everest', 'ottoman']"
5317,2026-07-28,"shoe brands starting with ""c""","['camper', 'clarks', 'converse', 'crocs']"
5318,2026-07-28,how do you like them apples,"['empire', 'fuji', 'gala', 'honeycrisp']"
5319,2026-07-28,command,"['captain', 'direct', 'head', 'lead']"
5320,2026-07-29,___boards in a classroom,"['black', 'chalk', 'cork', 'white']"
5321,2026-07-29,units of wisdom,"['gem', 'nugget', 'pearl', 'word']"
5322,2026-07-29,nondescript,"['basic', 'mid', 'plain', 'vanilla']"
5323,2026-07-29,fasteners,"['nail', 'rivet', 'screw', 'staple']"
5324,2026-07-30,"on the ___, to mean ""precise""","['dot', 'mark', 'money', 'nose']"
5325,2026-07-30,cruise lines,"['carnival', 'celebrity', 'princess', 'viking']"
5326,2026-07-30,activities with multiple balls,"['beer pong', 'bingo', 'juggling', 'pool']"
5327,2026-07-30,virtuous,"['fair', 'good', 'just', 'right']"
5328,2026-07-31,starting with merriments,"['cheerios', 'fungus', 'gleek', 'joystick']"
5329,2026-07-31,fruits plus starting letter,"['dapple', 'jdate', 'slime', 'spear']"
5330,2026-07-31,super mario figures,"['dinosaur', 'mushroom', 'plumber', 'princess']"
5331,2026-07-31,construct,"['fashion', 'model', 'mold', 'shape']"
5332,2026-08-01,starting with bread shapes,"['boulevard', 'bundle', 'loafer', 'rolls-royce']"
5333,2026-08-01,perform some hole machining operations,"['bore', 'countersink', 'drill', 'ream']"
5334,2026-08-01,oscar-winning actors since 2010,"['bale', 'jordan', 'phoenix', 'waltz']"
5335,2026-08-01,bedding,"['comforter', 'sham', 'sheet', 'throw']"
5336,2026-08-02,u.s. airport codes plus starting letter,"['asea', 'flax', 'lord', 'olga']"
5337,2026-08-02,___ mode,"['airplane', 'beast', 'dark', 'à la']"
5338,2026-08-02,by means of,"['by', 'per', 'through', 'via']"
5339,2026-08-02,filler words,"['actually', 'like', 'so', 'well']"
5340,2026-08-03,"starting with synonyms for ""pester""","['bug fix', 'nag champa', 'needless', 'tea set']"
5341,2026-08-03,"""y"" is the only vowel","['fly by', 'myrrh', 'nsync', 'rhythm']"
5342,2026-08-03,shades of green,"['forest', 'hunter', 'mint', 'sage']"
5343,2026-08-03,road less traveled,"['alley', 'backstreet', 'byway', 'lane']"
5344,2026-08-04,v-shaped things,"['angle bracket', 'chevron', 'goose formation', 'peace sign']"
5345,2026-08-04,things with pedals,"['piano', 'sewing machine', 'swan boat', 'unicycle']"
5346,2026-08-04,iconic nyc sights,"['bodega', 'pigeon', 'subway station', 'taxi cab']"
5347,2026-08-04,long cylindrical things,"['cigarette', 'foam roller', 'pool noodle', 'pretzel rod']"
5348,2026-08-05,"what ""stock"" might refer to","['broth', 'cattle', 'investment', 'merchandise']"
5349,2026-08-05,house styles,"['cape cod', 'mission', 'ranch', 'tudor']"
5350,2026-08-05,jeans brands,"['diesel', 'gap', 'lucky', 'wrangler']"
5351,2026-08-05,navigate,"['drive', 'maneuver', 'pilot', 'steer']"
5352,2026-08-06,places with nets,"['barclays center', 'fishing boat', 'hockey rink', 'tennis court']"
5353,2026-08-06,iconic roman landmarks,"['colosseum', 'pantheon', 'spanish steps', 'trevi fountain']"
5354,2026-08-06,places with lanes,"['bowling alley', 'freeway', 'supermarket', 'swimming pool']"
5355,2026-08-06,classic wooden toys,"['alphabet blocks', 'cup-and-ball', ""jacob's ladder"", 'lincoln logs']"
5356,2026-08-07,starting with male animals,"['buckyball', 'jackpot', 'rambo', 'tomatillo']"
5357,2026-08-07,parts of an elevator,"['buttons', 'cables', 'motor', 'shaft']"
5358,2026-08-07,cold things,"['liquid nitrogen', 'refrigerator', 'snow', 'sundae']"
5359,2026-08-07,components of a candle,"['fragrance', 'jar', 'wax', 'wick']"
5360,2026-08-08,safety ___,"['belt', 'goggles', 'pin', 'razor']"
5361,2026-08-08,words abbreviated with letters as homophones,"['cutie', 'easy', 'effects', 'i owe you']"
5362,2026-08-08,convey,"['couch', 'express', 'frame', 'phrase']"
5363,2026-08-08,quaint expressions of excitement,"['hot dog', 'hurrah', 'whoopee', 'yahoo']"
5364,2026-08-09,things people try to get out of,"['bad dream', 'escape room', 'jury duty', 'labyrinth']"
5365,2026-08-09,movie subgenres,"['buddy cop', 'neo-noir', 'space opera', 'spaghetti western']"
5366,2026-08-09,classic children's books,"['caps for sale', 'corduroy', 'goodnight moon', 'madeline']"
5367,2026-08-09,take a different approach,"['change tack', 'course-correct', 'recalibrate', 'shift gears']"
5368,2026-08-10,famous goatees,"['billy goat', 'colonel sanders', 'doctor strange', 'the devil']"
5369,2026-08-10,sections on an invoice,"['balance due', 'bill to', 'order number', 'unit price']"
5370,2026-08-10,ways to receive event tickets,"['mail delivery', 'mobile ticket', 'print-at-home', 'will call']"
5371,2026-08-10,haphazardly,"['any old how', 'at random', 'helter-skelter', 'willy-nilly']"
5372,2026-08-11,homophones of facial features,"['aye', 'hare', 'knows', 'tung']"
5373,2026-08-11,words in an auctioneer's chant,"['going', 'once', 'sold', 'twice']"
5374,2026-08-11,basic cable channels,"['bet', 'bravo', 'history', 'usa']"
5375,2026-08-11,doomed,"['done', 'sunk', 'through', 'toast']"
5376,2026-08-12,starting with affirmative responses,"['fine print', 'goodbye', 'great white', 'okayama']"
5377,2026-08-12,nbc sitcom surnames,"['benes', 'bing', 'lemon', 'scott']"
5378,2026-08-12,kinds of frogs,"['bull', 'green', 'poison dart', 'tree']"
5379,2026-08-12,"hold onto, as a feeling","['foster', 'harbor', 'maintain', 'nurse']"
5380,2026-08-13,"""cold"" things, in idioms","['comfort', 'feet', 'shoulder', 'turkey']"
5381,2026-08-13,airline status perks,"['checked bags', 'lounge', 'miles', 'upgrade']"
5382,2026-08-13,move slowly (up to),"['creep', 'ease', 'edge', 'inch']"
5383,2026-08-13,persevere,"['carry on', 'continue', 'make it', 'persist']"
5384,2026-08-14,triangle logos,"['bass ale', 'citgo', 'delta airlines', 'google drive']"
5385,2026-08-14,comic book artist's tools,"['bristol board', 'dip pen', 'india ink', 'straightedge']"
5386,2026-08-14,places where everyone thinks the same ways,"['bubble', 'echo chamber', 'hivemind', 'silo']"
5387,2026-08-14,black-and-yellow,"['bumblebee', 'caution tape', 'charlie brown', 'wolverine']"
5388,2026-08-15,ending in synonyms for follow secretly,"['beanstalk', 'eyeshadow', 'hightail', 'soundtrack']"
5389,2026-08-15,ending in units of length,"['chamomile', 'grinch', 'hotfoot', 'lanyard']"
5390,2026-08-15,segment,"['leg', 'phase', 'stage', 'stretch']"
5391,2026-08-15,exhausted,"['beat', 'fried', 'spent', 'worn out']"
5392,2026-08-16,descriptors for our human ancestors,"['from neander', 'handy', 'upright', 'wise']"
5393,2026-08-16,family relationship modifiers,"['grand', 'great', 'half', 'step']"
5394,2026-08-16,participant,"['actor', 'agent', 'party', 'player']"
5395,2026-08-16,musical performance,"['concert', 'gig', 'set', 'show']"
5396,2026-08-17,starting with pets,"['birdie', 'cattle', 'dogie', 'fisheye']"
5397,2026-08-17,first names of country music legends,"['dolly', 'johnny', 'patsy', 'willie']"
5398,2026-08-17,spreadsheet features,"['formula', 'function', 'macro', 'script']"
5399,2026-08-17,video call platforms,"['huddle', 'meet', 'teams', 'zoom']"
5400,2026-08-18,things that are gritty,"['cowboy coffee', 'film noir', 'flyers mascot', 'sandpaper']"
5401,2026-08-18,things that are orange,"['basketball', 'orangutan', 'sweet potato', 'traffic cone']"
5402,2026-08-18,pjs,"['petroleum jelly', 'poetic justice', 'practical joke', 'private jet']"
5403,2026-08-18,seen at a movie premiere,"['limousine', 'paparazzi', 'red carpet', 'velvet rope']"
5404,2026-08-19,homophones of cgi-animated films,"['ants', 'cocoa', 'rheo', 'seoul']"
5405,2026-08-19,"words before ""ball"" in sport names","['base', 'basket', 'foot', 'pickle']"
5406,2026-08-19,conceal,"['blanket', 'hide', 'mask', 'obscure']"
5407,2026-08-19,piece of cake,"['breeze', 'cinch', 'picnic', 'snap']"
5408,2026-08-20,starting with chinese zodiac animals,"['dragonfly', 'oxford', 'pigment', 'ratchet']"
5409,2026-08-20,similarly shaped typographical marks,"['apostrophe', 'cedilla', 'comma', 'okina']"
5410,2026-08-20,kinds of numbers,"['atomic', 'serial', 'social security', 'telephone']"
5411,2026-08-20,kinds of pizza,"['diavola', 'hawaiian', 'meat lovers', 'white']"
5412,2026-08-21,once in a ___,"['blue moon', 'generation', 'lifetime', 'while']"
5413,2026-08-21,___ kids,"['comeback', 'karate', 'sundance', 'wimpy']"
5414,2026-08-21,calls to begin a performance,"['action', 'curtain up', 'places', 'showtime']"
5415,2026-08-21,things most animals need,"['nutrition', 'oxygen', 'sleep', 'water']"
5416,2026-08-22,___ girls of pop culture,"['gilmore', 'golden', 'mean', 'spice']"
5417,2026-08-22,garden hose settings,"['cone', 'jet', 'mist', 'shower']"
5418,2026-08-22,kinds of melon,"['bitter', 'musk', 'water', 'winter']"
5419,2026-08-22,carpentry tools,"['chisel', 'hammer', 'plane', 'saw']"
5420,2026-08-23,household stain removers,"['baking soda', 'club soda', 'hydrogen peroxide', 'vinegar']"
5421,2026-08-23,made with potatoes,"['home fries', 'potato battery', 'vischyssoise', 'vodka']"
5422,2026-08-23,double vowels,"['antifreeze', 'bazaar', 'skiing', 'vacuum']"
5423,2026-08-23,potentially explosive things,"['powder keg', 'time bomb', 'tinderbox', 'volcano']"
5424,2026-08-24,letter homophone plus tennis term,"['beset', 'deserve', 'ex-love', 'eyelet']"
5425,2026-08-24,pro-wrestling lingo,"['face', 'heel', 'jobber', 'kayfabe']"
5426,2026-08-24,principal,"['arch', 'chief', 'main', 'prime']"
5427,2026-08-24,fish,"['mullet', 'pike', 'sole', 'tang']"
5428,2026-08-25,ending in ice cream orders,"['harlem shake', 'inside scoop', 'lickety-split', 'traffic cone']"
5429,2026-08-25,"stephen king film adaptations, with ""the""","['green mile', 'long walk', 'running man', 'shawshank redemption']"
5430,2026-08-25,sci-fi phenomena,"['hyperspace', 'parallel universe', 'teleportation', 'time warp']"
5431,2026-08-25,surface-level,"['cosmetic', 'one-dimensional', 'skin-deep', 'superficial']"
5432,2026-08-26,key ___,"['chain', 'largo', 'lime', 'signature']"
5433,2026-08-26,"what ""p"" might stand for","['page', 'park', 'phosphorus', 'piano']"
5434,2026-08-26,knack,"['forte', 'gift', 'strength', 'talent']"
5435,2026-08-26,"""there you have it!""","['behold', 'presto', 'shazam', 'voilà']"
5436,2026-08-27,music genre plus starting letter,"['brock', 'nemo', 'spunk', 'wrap']"
5437,2026-08-27,shades of gray,"['ash', 'dove', 'pewter', 'slate']"
5438,2026-08-27,moved to tears,"['choked up', 'emotional', 'misty', 'overcome']"
5439,2026-08-27,electric things,"['electric eel', 'lightning', 'live wire', 'pikachu']"
5440,2026-08-28,top of the ___,"['hour', 'line', 'morning', 'pops']"
5441,2026-08-28,modern add-ons/combining forms,"['bro', 'coded', 'era', 'maxxing']"
5442,2026-08-28,palindromes,"['mom', 'noon', 'sis', 'top spot']"
5443,2026-08-28,bedtime parting words,"['night', 'rest easy', 'sleep tight', 'sweet dreams']"
5444,2026-08-29,starting with figures from greek myth,"['at last', 'herald', 'hydrant', 'tritone']"
5445,2026-08-29,keyboard keys,"['control', 'escape', 'shift', 'space']"
5446,2026-08-29,kinds of salad,"['chopped', 'greek', 'house', 'wedge']"
5447,2026-08-29,under the hood of a car,"['alternator', 'battery', 'engine', 'radiator']"
5448,2026-08-30,words on an old west wanted poster,"['alias', 'outlaw', 'reward', 'wanted']"
5449,2026-08-30,brands with bunny rabbit mascots,"['cadbury', 'energizer', 'playboy', 'trix']"
5450,2026-08-30,wine accessories,"['aerator', 'corkscrew', 'decanter', 'stopper']"
5451,2026-08-30,exercise facilities,"['gymnasium', 'health club', 'rec center', 'ymca']"
5452,2026-08-31,___ bowl,"['dust', 'poke', 'salad', 'super']"
5453,2026-08-31,historical sovereign titles,"['caliph', 'khan', 'pharaoh', 'shogun']"
5454,2026-08-31,warnings on a shipping box,"['fragile', 'heavy', 'perishable', 'this side up']"
5455,2026-08-31,things that come in tubes,"['lipstick', 'poster', 'tennis balls', 'toothpaste']"
5456,2026-09-01,starting with words of intention,"['aimee mann', 'hope diamond', 'planetarium', 'wishy-washy']"
5457,2026-09-01,private investigators of fiction,"['hercule poirot', 'mike hammer', 'sam spade', 'sherlock holmes']"
5458,2026-09-01,"long, skinny things often seen together","['arrow', 'golf club', 'pick-up stick', 'spaghetto']"
5459,2026-09-01,"""i promise!""","['cross my heart', 'for real', 'on god', 'pinky swear']"
5460,2026-09-02,___ dogs (that aren't dogs),"['corn', 'prairie', 'salty', 'top']"
5461,2026-09-02,___ dogs (that are dogs),"['hunting', 'rescue', 'sausage', 'sheep']"
5462,2026-09-02,things in a violin case,"['bow', 'mute', 'rosin', 'shoulder rest']"
5463,2026-09-02,flabbergast,"['dazzle', 'floor', 'stun', 'wow']"
5464,2026-09-03,spreadsheet functions,"['average', 'count', 'max', 'sum']"
5465,2026-09-03,toy car brands,"['hot wheels', 'matchbox', 'micro machines', 'tonka']"
5466,2026-09-03,shades of red,"['carmine', 'cinnabar', 'maroon', 'vermillion']"
5467,2026-09-03,two shakes of a lamb's tail,"['blink', 'flash', 'heartbeat', 'trice']"
5468,2026-09-04,accessories inside starting and ending letters,"['cringy', 'opine', 'stied', ""that's""]"
5469,2026-09-04,kinds of eels,"['conger', 'gulper', 'moray', 'ribbon']"
5470,2026-09-04,food whose name is two foods,"['cake donut', 'candy corn', 'cherry tomato', 'pizza pie']"
5471,2026-09-04,spherical things,"['bowling ball', 'eye', 'moon', 'orange']"
5472,2026-09-05,desserts minus last letter,"['cobble', 'pi', 'tar', 'tort']"
5473,2026-09-05,___head,"['bobble', 'hammer', 'jug', 'sleepy']"
5474,2026-09-05,bird onomatopoeia,"['coo', 'gobble', 'honk', 'warble']"
5475,2026-09-05,move unsteadily,"['sway', 'toddle', 'totter', 'wobble']"
5476,2026-09-06,ending with ways to carve a surface,"['court scribe', ""director's cut"", 'pizza slice', 'sat score']"
5477,2026-09-06,abbreviations followed by redundant word,"['atm machine', 'lcd display', 'pin number', 'upc code']"
5478,2026-09-06,places to insert something into on a computer,"['card slot', 'headphone jack', 'optical drive', 'usb port']"
5479,2026-09-06,unrestricted permission,"['blank check', 'carte blanche', 'free reign', 'full authority']"
5480,2026-09-07,starting with disney characters,"['plutonium', 'scar tissue', 'stitch marker', 'trampoline']"
5481,2026-09-07,associated with pine trees,"['car air freshener', 'christmas', 'needles', 'turpentine']"
5482,2026-09-07,parts of a bra,"['cup', 'hook', 'strap', 'underwire']"
5483,2026-09-07,quite the saga,"['fabrication', 'fish story', 'tall tale', 'yarn']"
5484,2026-09-08,candy bars plus a letter,"['doves', 'marsh', 'skort', 'twixt']"
5485,2026-09-08,___ heart,"['artichoke', 'purple', 'sacred', 'take to']"
5486,2026-09-08,features of a mime costume,"['beret', 'gloves', 'stripes', 'suspenders']"
5487,2026-09-08,classic american performance cars,"['corvette', 'firebird', 'mustang', 'viper']"
5488,2026-09-09,"words before ""force""","['brute', 'electromagnetic', 'g', 'task']"
5489,2026-09-09,horror movies,"['arachnophobia', 'halloween', 'it', 'saw']"
5490,2026-09-09,"words with ""small"" prefixes","['microbrewery', 'minivan', 'nanotechnology', 'picosecond']"
5491,2026-09-09,hard to understand,"['bewildering', 'esoteric', 'incomprehensible', 'opaque']"
5492,2026-09-10,"ending in synonyms for ""happening now""","['adult contemporary', 'alternating current', 'represent', 'sextant']"
5493,2026-09-10,bruce springsteen classics,"['atlantic city', 'badlands', 'born to run', 'thunder road']"
5494,2026-09-10,what you might see sticking out of a window,"['air conditioner', 'catio', 'clothesline', 'flower box']"
5495,2026-09-10,chemical elements,"['actinium', 'krypton', 'lead', 'sulfur']"
5496,2026-09-11,things that are pushed metaphorically,"['agenda', 'envelope', 'limits', 'luck']"
5497,2026-09-11,ways to practice self-care,"['exercise', 'journal', 'meditate', 'unplug']"
5498,2026-09-11,internalize,"['absorb', 'digest', 'process', 'take in']"
5499,2026-09-11,people hired for an event,"['band', 'florist', 'photographer', 'planner']"
5500,2026-09-12,___ alert,"['nerd', 'red', 'spoiler', 'weather']"
5501,2026-09-12,things that blink,"['cursor', 'eyelids', 'smoke detector', 'turn signal']"
5502,2026-09-12,people in an online forum,"['lurker', 'poster', 'spammer', 'troll']"
5503,2026-09-12,ways to personalize a car,"['bumper sticker', 'fuzzy dice', 'hood ornament', 'vanity plate']"
5504,2026-09-13,ending in elevated landforms,"['doublespeak', 'heathcliff', 'paramount', 'porridge']"
5505,2026-09-13,words that sound like two letters,"['empty', 'excess', 'kewpie', 'odie']"
5506,2026-09-13,u.s. presidents,"['cleveland', 'garfield', 'grant', 'madison']"
5507,2026-09-13,lacking in firmness,"['droopy', 'flaccid', 'sagging', 'slack']"
5508,2026-09-14,___grass,"['blue', 'crab', 'lemon', 'wheat']"
5509,2026-09-14,common single-use plastic items,"['bag', 'cutlery', 'stirrer', 'straw']"
5510,2026-09-14,informant,"['canary', 'rat', 'snitch', 'stoolie']"
5511,2026-09-14,waterbirds,"['coot', 'goose', 'loon', 'teal']"
5512,2026-09-15,things that appear at the end,"['caboose', 'december', 'dessert', 'epilogue']"
5513,2026-09-15,undercover operative,"['asset', 'mole', 'plant', 'sleeper']"
5514,2026-09-15,parts of a whistling kettle,"['handle', 'lid', 'spout', 'whistle']"
5515,2026-09-15,instruct,"['coach', 'direct', 'guide', 'train']"
5516,2026-09-16,sausages plus a letter,"['borat', 'clink', 'frank-n-furter', 'widener']"
5517,2026-09-16,poets' middle names,"['barrett', 'carlos', 'st. vincent', 'wadsworth']"
5518,2026-09-16,starting with u.s. coins,"['dimension', 'nickelodeon', 'pennywise', 'quarterback']"
5519,2026-09-16,ending in metal elements,"['latin', 'long john silver', 'marigold', 'steam iron']"
5520,2026-09-17,love ___,"['handles', 'language', 'tap', 'triangle']"
5521,2026-09-17,"hugh jackman movies, with ""the""","['fountain', 'prestige', 'sheep detectives', 'wolverine']"
5522,2026-09-17,things that are underground,"['mine shaft', 'sewer line', 'subway station', 'well']"
5523,2026-09-17,elasticity,"['bounce', 'flexibility', 'give', 'spring']"
5524,2026-09-18,___case,"['brief', 'pillow', 'stair', 'upper']"
5525,2026-09-18,parts of a flight,"['boarding', 'cruise', 'landing', 'takeoff']"
5526,2026-09-18,assortments of food/drink,"['flight', 'medley', 'platter', 'sampler']"
5527,2026-09-18,segment of a process,"['phase', 'round', 'stage', 'step']"
5528,2026-09-19,starting with abbreviated math functions,"['cos lettuce', 'log cabin', 'sin city', 'tan line']"
5529,2026-09-19,associated with swinging london in the 1960s,"['carnaby street', 'miniskirt', 'mod', 'twiggy']"
5530,2026-09-19,features of a kid's drawing,"['house', 'stick figure', 'sun', 'tree']"
5531,2026-09-19,widen one's scope,"['branch out', 'diversify', 'expand', 'grow']"
5532,2026-09-20,___boards you ride on,"['hover', 'skate', 'snow', 'surf']"
5533,2026-09-20,vampire movies,"['blade', 'near dark', 'sinners', 'twilight']"
5534,2026-09-20,associated with kentucky,"['bluegrass', 'bourbon', 'derby', 'fried chicken']"
5535,2026-09-20,round flat things,"['blu-ray', 'coaster', 'sand dollar', 'tortilla']"
5536,2026-09-21,starts of composers' names,"['beet', 'brah', 'chop', 'viva']"
5537,2026-09-21,chess verbs,"['capture', 'castle', 'check', 'mate']"
5538,2026-09-21,ways to attract fish,"['chum', 'fly', 'spinner', 'worm']"
5539,2026-09-21,email buttons,"['compose', 'drafts', 'sent', 'spam']"
5540,2026-09-22,beverages with acute accents removed,"['cafe', 'patron', 'rose', 'the']"
5541,2026-09-22,options on a multiple choice survey,"['agree', 'disagree', 'neutral', 'other']"
5542,2026-09-22,embellishment,"['accent', 'detail', 'flourish', 'touch']"
5543,2026-09-22,demonstratives,"['that', 'these', 'this', 'those']"
5544,2026-09-23,"ending in synonyms for ""term""","['bitcoin', 'record label', 'rub-a-dub', 'suriname']"
5545,2026-09-23,things that come in cans,"['condensed milk', 'paint', 'shaving cream', 'spam']"
5546,2026-09-23,website hurdles,"['age verification', 'captcha', 'cookie consent', 'paywall']"
5547,2026-09-23,things you grab before leaving the house,"['keys', 'phone', 'sunglasses', 'wallet']"
5548,2026-09-24,anagrams,"['beer hat', 'breathe', 'herb tea', 'the bear']"
5549,2026-09-24,featuring pointing,"['creation of adam', 'foam finger', ""i'm with stupid shirt"", 'uncle sam']"
5550,2026-09-24,things with spring/s,"['bobblehead', 'pogo stick', 'snakes in a can', 'trampoline']"
5551,2026-09-24,parts of a vampire costume,"['cape', 'face paint', 'fake blood', 'fangs']"
5552,2026-09-25,taxonomic ranks plus a letter,"['border', 'classy', 'foamily', 'genius']"
5553,2026-09-25,famous dans,"['aykroyd', 'levy', 'rather', 'savage']"
5554,2026-09-25,parts of a mechanical clock,"['escapement', 'pendulum', 'ratchet', 'spring']"
5555,2026-09-25,luxe,"['bougie', 'fancy', 'posh', 'swank']"
5556,2026-09-26,"""cool"" things, in expressions","['beans', 'cat', 'cucumber', 'customer']"
5557,2026-09-26,features of wood,"['burl', 'grain', 'knots', 'rings']"
5558,2026-09-26,things done to a dress shirt at the laundry,"['fold', 'press', 'starch', 'wash']"
5559,2026-09-26,breath fresheners,"['gum', 'mint', 'mouthwash', 'spray']"
5560,2026-09-27,ending in chinese dynasties,"['bbqing', 'homing', 'lohan', 'wu-tang']"
5561,2026-09-27,telecom,"['carrier', 'network', 'operator', 'provider']"
5562,2026-09-27,restaurant seating options,"['banquette', 'booth', 'chair', 'stool']"
5563,2026-09-27,sculpture media,"['bronze', 'clay', 'marble', 'plaster']"
5564,2026-09-28,three letters plus repeated trigrams,"['arkansans', 'chihuahua', 'possesses', 'springing']"
5565,2026-09-28,dodge models,"['challenger', 'charger', 'durango', 'viper']"
5566,2026-09-28,oyster condiments,"['horseradish', 'lemon', 'mignonette', 'tabasco']"
5567,2026-09-28,things with stalks,"['bamboo', 'celery', 'corn', 'wheat']"
5568,2026-09-29,phrases hiding greek letters,"['freeze tag', 'home game', 'model tank', 'oral phase']"
5569,2026-09-29,first words of pixar films,"['finding', 'inside', 'monsters', 'toy']"
5570,2026-09-29,river features,"['delta', 'drainage basin', 'mouth', 'stream bed']"
5571,2026-09-29,secluded,"['hidden', 'remote', 'secret', 'tucked away']"
5572,2026-09-30,starting with month abbreviations,"['decent', 'novelty', 'octopussy', 'septum']"
5573,2026-09-30,gangster movies,"['bugsy', 'casino', 'donnie brasco', 'scarface']"
5574,2026-09-30,things that are shaken (not stirred),"['etch a sketch', 'martini', 'spray paint', 'tambourine']"
5575,2026-09-30,securities,"['bond', 'future', 'option', 'stock']"
5576,2026-10-01,starts of nyt print puzzles,"['acro', 'cross', 'ken', 'sud']"
5577,2026-10-01,"2000s indie rock bands, with ""the""","['decemberists', 'national', 'shins', 'walkmen']"
5578,2026-10-01,dress shirt measurements,"['chest', 'neck', 'sleeve', 'waist']"
5579,2026-10-01,put,"['place', 'position', 'situate', 'stick']"
5580,2026-10-02,prime ___,"['number', 'real estate', 'rib', 'time']"
5581,2026-10-02,customary,"['common', 'routine', 'standard', 'stock']"
5582,2026-10-02,fingers,"['index', 'little', 'middle', 'ring']"
5583,2026-10-02,finance,"['back', 'bankroll', 'fund', 'support']"
5584,2026-10-03,ending in fantasy creatures,"['diet sprite', 'merv griffin', 'ny giant', 'river phoenix']"
5585,2026-10-03,starting with u.s. museums,"['broad bean', 'getty images', 'met halfway', 'whitney houston']"
5586,2026-10-03,ending in musicals,"['elbow grease', 'fat cats', 'linda hamilton', 'something wicked']"
5587,2026-10-03,"starting with terms for ""toilet""","['can opener', 'head waiter', 'john denver', 'w.c. fields']"
5588,2026-10-04,silent ___,"['auction', 'film', 'partner', 'treatment']"
5589,2026-10-04,parts of a judge costume,"['collar', 'gavel', 'robe', 'wig']"
5590,2026-10-04,table tennis needs,"['ball', 'net', 'paddle', 'table']"
5591,2026-10-04,considerable amount,"['bunch', 'heap', 'lot', 'stack']"
5592,2026-10-05,ending in ways to temporarily acquire,"['parent', 'please', 'sapphire', 'sloan']"
5593,2026-10-05,kinds of boards,"['advisory', 'chess', 'ironing', 'message']"
5594,2026-10-05,adjectives for mature content,"['explicit', 'graphic', 'strong', 'suggestive']"
5595,2026-10-05,calm,"['content', 'peaceful', 'placid', 'serene']"
5596,2026-10-06,ending in talents,"['catskill', 'knickknack', 'pianoforte', 'stability']"
5597,2026-10-06,___ inn hotels,"['comfort', 'days', 'hampton', 'holiday']"
5598,2026-10-06,kinds of chairs,"['adirondack', 'eames', 'windsor', 'wingback']"
5599,2026-10-06,"financial firms, for short","['berkshire', 'citi', 'goldman', 'merrill']"
5600,2023-06-12,palindromes,"['kayak', 'level', 'mom', 'race car']"
5601,2023-06-12,keyboard keys,"['option', 'return', 'shift', 'tab']"
5602,2023-06-12,nba teams,"['bucks', 'heat', 'jazz', 'nets']"
5603,2023-06-12,wet weather,"['hail', 'rain', 'sleet', 'snow']"
5604,2023-06-13,letter homophones,"['are', 'queue', 'sea', 'why']"
5605,2023-06-13,magazines,"['essence', 'people', 'time', 'us']"
5606,2023-06-13,units of length,"['foot', 'league', 'mile', 'yard']"
5607,2023-06-13,footwear,"['boot', 'loafer', 'pump', 'sneaker']"
5608,2023-06-14,members of a trio,"['amigo', 'king', 'stooge', 'tenor']"
5609,2023-06-14,"dog breeds, informally","['lab', 'peke', 'pit', 'pom']"
5610,2023-06-14,synonyms for eat,"['chow', 'gobble', 'scarf', 'wolf']"
5611,2023-06-14,facial features,"['cheek', 'eye', 'mouth', 'nose']"
5612,2023-06-15,___ man superheroes,"['bat', 'iron', 'spider', 'super']"
5613,2023-06-15,cleaning verbs,"['dust', 'mop', 'sweep', 'vacuum']"
5614,2023-06-15,"musicals beginning with ""c""","['cabaret', 'carousel', 'cats', 'chicago']"
5615,2023-06-15,sneaker brands,"['adidas', 'nike', 'puma', 'reebok']"
5616,2023-06-16,clue characters,"['green', 'mustard', 'plum', 'scarlet']"
5617,2023-06-16,synonyms for sad,"['blue', 'down', 'glum', 'low']"
5618,2023-06-16,condiments,"['ketchup', 'mayo', 'relish', 'tartar']"
5619,2023-06-16,streaming services,"['hulu', 'netflix', 'peacock', 'prime']"
5620,2023-06-17,members of a septet,"['sea', 'sin', 'sister', 'wonder']"
5621,2023-06-17,rappers,"['common', 'future', 'ice cube', 'q-tip']"
5622,2023-06-17,shades of blue,"['baby', 'midnight', 'powder', 'royal']"
5623,2023-06-17,monopoly squares,"['boardwalk', 'chance', 'go', 'jail']"
5624,2023-06-18,___ fish that aren't fish,"['cray', 'jelly', 'silver', 'star']"
5625,2023-06-18,slang for toilet,"['can', 'head', 'john', 'throne']"
5626,2023-06-18,baby animals,"['calf', 'cub', 'joey', 'kid']"
5627,2023-06-18,leg parts,"['ankle', 'knee', 'shin', 'thigh']"
5628,2023-06-19,things with keys,"['cryptography', 'florida', 'locksmith', 'piano']"
5629,2023-06-19,things that are red,"['cherry', 'fire truck', 'ruby', 'stop sign']"
5630,2023-06-19,mattress sizes,"['full', 'king', 'queen', 'twin']"
5631,2023-06-19,board games,"['backgammon', 'checkers', 'chess', 'go']"
5632,2023-06-20,insects,"['ant', 'beetle', 'mantis', 'termite']"
5633,2023-06-20,vegetables,"['beet', 'carrot', 'corn', 'onion']"
5634,2023-06-20,tops,"['cami', 'halter', 'tank', 'tee']"
5635,2023-06-20,sports,"['cricket', 'fencing', 'polo', 'squash']"
5636,2023-06-21,zodiac symbols,"['fish', 'goat', 'scales', 'twins']"
5637,2023-06-21,birds,"['crane', 'jay', 'swallow', 'turkey']"
5638,2023-06-21,countries,"['chad', 'georgia', 'jordan', 'togo']"
5639,2023-06-21,fruit,"['date', 'kiwi', 'lemon', 'orange']"
5640,2023-06-22,spice girls,"['baby', 'ginger', 'posh', 'scary']"
5641,2023-06-22,things with wings,"['airplane', 'angel', 'bird', 'pegasus']"
5642,2023-06-22,terms of endearment,"['boo', 'honey', 'sugar', 'sweetie']"
5643,2023-06-22,"spices beginning with ""c""","['cardamom', 'clove', 'coriander', 'cumin']"
5644,2023-06-23,trig functions,"['cot', 'sec', 'sin', 'tan']"
5645,2023-06-23,slow animals,"['loris', 'sloth', 'snail', 'tortoise']"
5646,2023-06-23,deadly sins,"['envy', 'greed', 'lust', 'pride']"
5647,2023-06-23,animal group names,"['flock', 'pack', 'pod', 'school']"
5648,2023-06-24,homophones,"['gnu', 'knew', 'new', 'nu']"
5649,2023-06-24,"silent ""g""","['gnat', 'gnaw', 'gnocchi', 'gnome']"
5650,2023-06-24,greek letters,"['beta', 'chi', 'delta', 'iota']"
5651,2023-06-24,airlines,"['frontier', 'spirit', 'united', 'virgin']"
5652,2023-06-25,video game characters,"['crash', 'link', 'mario', 'sonic']"
5653,2023-06-25,hondas,"['accord', 'civic', 'passport', 'pilot']"
5654,2023-06-25,famous brothers,"['jonas', 'marx', 'warner', 'wright']"
5655,2023-06-25,beds,"['bunk', 'canopy', 'murphy', 'trundle']"
5656,2023-06-26,fictional pirates,"['hook', 'jones', 'silver', 'sparrow']"
5657,2023-06-26,fishing gear,"['lure', 'reel', 'rod', 'tackle']"
5658,2023-06-26,colors,"['brown', 'pink', 'turquoise', 'violet']"
5659,2023-06-26,bird sounds,"['caw', 'chirp', 'cluck', 'tweet']"
5660,2023-06-27,mr. ___,"['bean', 'clean', 'fox', 'peanut']"
5661,2023-06-27,shades of green,"['emerald', 'forest', 'kelly', 'olive']"
5662,2023-06-27,tree nuts,"['almond', 'cashew', 'pecan', 'walnut']"
5663,2023-06-27,coffee drinks,"['americano', 'cappuccino', 'espresso', 'latte']"
5664,2023-06-28,___ triangle,"['acute', 'bermuda', 'love', 'right']"
5665,2023-06-28,detergents,"['all', 'era', 'gain', 'tide']"
5666,2023-06-28,ship directions,"['bow', 'port', 'starboard', 'stern']"
5667,2023-06-28,neckwear,"['ascot', 'bolo', 'scarf', 'tie']"
5668,2023-06-29,nfl players,"['bear', 'bill', 'brown', 'commander']"
5669,2023-06-29,title tv doctors,"['grey', 'house', 'howser', 'quinn']"
5670,2023-06-29,awards,"['cup', 'medal', 'ribbon', 'trophy']"
5671,2023-06-29,"muscles, informally","['lat', 'pec', 'quad', 'tri']"
5672,2023-06-30,synonyms for argument,"['row', 'quarrel', 'spat', 'tiff']"
5673,2023-06-30,kinds of meat,"['beef', 'pork', 'poultry', 'venison']"
5674,2023-06-30,anti-vampire,"['crucifix', 'garlic', 'mirror', 'stake']"
5675,2023-06-30,off-white shades,"['cream', 'eggshell', 'ivory', 'vanilla']"
5676,2023-07-01,best director oscar winners,"['bong', 'ford', 'lee', 'stone']"
5677,2023-07-01,universities,"['brown', 'duke', 'howard', 'rice']"
5678,2023-07-01,royal titles,"['baron', 'earl', 'king', 'prince']"
5679,2023-07-01,grains,"['barley', 'oat', 'rye', 'spelt']"
5680,2023-07-02,lil ___ rappers,"['baby', 'jon', 'kim', 'wayne']"
5681,2023-07-02,"""little women"" sisters","['amy', 'beth', 'jo', 'meg']"
5682,2023-07-02,web browsers,"['chrome', 'edge', 'opera', 'safari']"
5683,2023-07-02,music genres,"['jazz', 'pop', 'punk', 'rap']"
5684,2023-07-03,sound ___,"['asleep', 'barrier', 'bite', 'wave']"
5685,2023-07-03,traffic signs,"['detour', 'slow', 'stop', 'yield']"
5686,2023-07-03,animal noses,"['beak', 'muzzle', 'snout', 'trunk']"
5687,2023-07-03,dog breeds,"['boxer', 'dalmatian', 'husky', 'poodle']"
5688,2023-07-04,things with links,"['chain', 'golf course', 'sausage', 'website']"
5689,2023-07-04,magazines,"['fortune', 'rolling stone', 'vogue', 'wired']"
5690,2023-07-04,dance fads,"['dougie', 'macarena', 'mashed potato', 'twist']"
5691,2023-07-04,60's band members,"['beach boy', 'beatle', 'byrd', 'monkee']"
5692,2023-07-05,band names minus numbers,"['blink', 'maroon', 'sum', 'u']"
5693,2023-07-05,ear parts,"['anvil', 'cochlea', 'hammer', 'stirrup']"
5694,2023-07-05,video game consoles,"['dreamcast', 'genesis', 'switch', 'wii']"
5695,2023-07-05,candy bars,"['bounty', 'crunch', 'heath', 'milky way']"
5696,2023-07-06,mustaches,"['handlebar', 'horseshoe', 'pencil', 'walrus']"
5697,2023-07-06,animals with tusks,"['elephant', 'hippo', 'narwhal', 'warthog']"
5698,2023-07-06,mild oaths,"['darn', 'fudge', 'heck', 'shoot']"
5699,2023-07-06,desserts,"['cheesecake', 'flan', 'mousse', 'tiramisu']"
5700,2023-07-07,words spelled with roman numerals,"['dill', 'livid', 'mild', 'mix']"
5701,2023-07-07,toms,"['cruise', 'holland', 'petty', 'waits']"
5702,2023-07-07,synonyms for imitate,"['copy', 'echo', 'mimic', 'parrot']"
5703,2023-07-07,european countries,"['denmark', 'greece', 'poland', 'portugal']"
5704,2023-07-08,jack ___,"['ass', 'knife', 'pot', 'rabbit']"
5705,2023-07-08,parts of a book,"['cover', 'jacket', 'page', 'spine']"
5706,2023-07-08,organs,"['heart', 'kidney', 'liver', 'lung']"
5707,2023-07-08,hats,"['beret', 'bowler', 'fedora', 'fez']"
5708,2023-07-09,tropical fruits,"['banana', 'coconut', 'mango', 'pineapple']"
5709,2023-07-09,flightless birds,"['emu', 'kiwi', 'ostrich', 'penguin']"
5710,2023-07-09,file extensions,"['gif', 'pdf', 'tiff', 'zip']"
5711,2023-07-09,seven dwarfs,"['bashful', 'doc', 'grumpy', 'happy']"
5712,2023-07-10,___ cat,"['alley', 'cool', 'copy', 'lap']"
5713,2023-07-10,fish,"['tang', 'tetra', 'skate', 'sole']"
5714,2023-07-10,arithmetic operations,"['add', 'divide', 'multiply', 'subtract']"
5715,2023-07-10,winged insects,"['fly', 'gnat', 'moth', 'wasp']"
5716,2023-07-11,"movies with ""!""","['airplane', 'mother', 'oklahoma', 'them']"
5717,2023-07-11,joints,"['hip', 'knee', 'shoulder', 'wrist']"
5718,2023-07-11,pasta shapes,"['bowtie', 'elbow', 'shell', 'spiral']"
5719,2023-07-11,nfl players,"['bronco', 'cowboy', 'packer', 'raven']"
5720,2023-07-12,words with two pronunciations,"['job', 'lima', 'mobile', 'polish']"
5721,2023-07-12,"words with ""i""","['mac', 'pad', 'phone', 'pod']"
5722,2023-07-12,3-d shapes,"['cone', 'cube', 'pyramid', 'sphere']"
5723,2023-07-12,vegetables that are also fruits,"['cucumber', 'eggplant', 'pepper', 'tomato']"
5724,2023-07-13,rubber ___,"['band', 'cement', 'duckie', 'soul']"
5725,2023-07-13,fictional spies,"['bond', 'hunt', 'ryan', 'smart']"
5726,2023-07-13,board games,"['clue', 'risk', 'sorry', 'trouble']"
5727,2023-07-13,shoe parts,"['heel', 'lace', 'sole', 'tongue']"
5728,2023-07-14,nicknames that are verbs,"['chuck', 'josh', 'rob', 'sue']"
5729,2023-07-14,cuts of beef,"['flank', 'loin', 'round', 'shank']"
5730,2023-07-14,sandwiches,"['club', 'cuban', 'melt', 'sub']"
5731,2023-07-14,boats,"['ferry', 'junk', 'tug', 'yacht']"
5732,2023-07-15,male animals,"['boar', 'buck', 'bull', 'jack']"
5733,2023-07-15,rock paper scissors,"['paper', 'rock', 'scissors', 'shoot']"
5734,2023-07-15,music genres,"['blues', 'country', 'funk', 'soul']"
5735,2023-07-15,pleasant smells,"['aroma', 'bouquet', 'fragrance', 'scent']"
5736,2023-07-16,___ and ___,"['again', 'half', 'neck', 'so']"
5737,2023-07-16,lucky charms marshmallows,"['clover', 'horseshoe', 'moon', 'rainbow']"
5738,2023-07-16,metal elements,"['iron', 'lead', 'tin', 'zinc']"
5739,2023-07-16,u.s. coins,"['dime', 'nickel', 'penny', 'quarter']"
5740,2023-07-17,naked ___,"['eye', 'gun', 'mole rat', 'truth']"
5741,2023-07-17,slang for money,"['cheddar', 'dough', 'paper', 'stacks']"
5742,2023-07-17,chocolate bars,"['chunky', 'crunch', 'mars', 'mounds']"
5743,2023-07-17,marsupials,"['kangaroo', 'koala', 'wallaby', 'wombat']"
5744,2023-07-18,"countries when ""a"" is added","['chin', 'cub', 'malt', 'tong']"
5745,2023-07-18,synonyms for sell,"['hawk', 'move', 'peddle', 'vend']"
5746,2023-07-18,bike parts,"['brake', 'chain', 'saddle', 'spoke']"
5747,2023-07-18,marine mammals,"['dolphin', 'manatee', 'otter', 'seal']"
5748,2023-07-19,streets on screen,"['elm', 'fear', 'jump', 'sesame']"
5749,2023-07-19,bagel flavors,"['everything', 'onion', 'plain', 'poppy']"
5750,2023-07-19,land formations,"['hill', 'mountain', 'plateau', 'valley']"
5751,2023-07-19,trees,"['ash', 'cedar', 'maple', 'pine']"
5752,2023-07-20,dr. ___,"['evil', 'j', 'no', 'pepper']"
5753,2023-07-20,units of measure,"['hertz', 'mole', 'newton', 'second']"
5754,2023-07-20,hairstyles,"['bob', 'crop', 'pixie', 'shag']"
5755,2023-07-20,timekeeping devices,"['clock', 'hourglass', 'sundial', 'watch']"
5756,2023-07-21,seals,"['harbor', 'harp', 'hooded', 'monk']"
5757,2023-07-21,sunglasses,"['aviator', 'cat eye', 'wayfarer', 'wraparound']"
5758,2023-07-21,coverings,"['cap', 'cover', 'lid', 'top']"
5759,2023-07-21,woodwinds,"['bassoon', 'clarinet', 'flute', 'oboe']"
5760,2023-07-22,cereal mascots,"['lucky', 'pop', 'sam', 'tony']"
5761,2023-07-22,island countries,"['cuba', 'japan', 'malta', 'palau']"
5762,2023-07-22,slang for coffee,"['brew', 'java', 'joe', 'mud']"
5763,2023-07-22,bottled water brands,"['dasani', 'evian', 'fiji', 'voss']"
5764,2023-07-23,___ cat,"['doja', 'fat', 'house', 'jungle']"
5765,2023-07-23,run quickly,"['bolt', 'dash', 'race', 'sprint']"
5766,2023-07-23,punctuation marks,"['colon', 'comma', 'hyphen', 'period']"
5767,2023-07-23,scuba gear,"['fins', 'mask', 'snorkel', 'tank']"
5768,2023-07-24,___ boys,"['beach', 'beastie', 'hardy', 'lost']"
5769,2023-07-24,marine birds,"['booby', 'gull', 'pelican', 'puffin']"
5770,2023-07-24,things that are yellow,"['banana', 'canary', 'school bus', 'sunflower']"
5771,2023-07-24,synonyms for angry,"['furious', 'incensed', 'irate', 'livid']"
5772,2023-07-25,anagrams,"['least', 'slate', 'stale', 'tesla']"
5773,2023-07-25,defeat badly,"['crush', 'rout', 'shellac', 'trash']"
5774,2023-07-25,edit menu commands,"['copy', 'cut', 'paste', 'undo']"
5775,2023-07-25,states of matter,"['gas', 'liquid', 'plasma', 'solid']"
5776,2023-07-26,band names minus colors,"['day', 'floyd', 'sabbath', 'stripes']"
5777,2023-07-26,fast food chains,"['checkers', 'outback', 'sonic', 'subway']"
5778,2023-07-26,nba players,"['king', 'magic', 'sun', 'thunder']"
5779,2023-07-26,modes of transportation,"['boat', 'car', 'plane', 'train']"
5780,2023-07-27,cocktails,"['cosmopolitan', 'hurricane', 'manhattan', 'screwdriver']"
5781,2023-07-27,storms,"['blizzard', 'cyclone', 'squall', 'tornado']"
5782,2023-07-27,fashion magazines,"['allure', 'elle', 'glamour', 'w']"
5783,2023-07-27,movie title cities,"['chicago', 'munich', 'philadelphia', 'rio']"
5784,2023-07-28,dances when doubled,"['can', 'cha', 'go', 'nae']"
5785,2023-07-28,yoga poses,"['cobra', 'lotus', 'tree', 'warrior']"
5786,2023-07-28,lizards,"['chameleon', 'gecko', 'iguana', 'monitor']"
5787,2023-07-28,biomes,"['desert', 'forest', 'grassland', 'tundra']"
5788,2023-07-29,disney characters,"['beast', 'genie', 'scar', 'stitch']"
5789,2023-07-29,synonyms for bother,"['needle', 'poke', 'rib', 'tease']"
5790,2023-07-29,apparitions,"['ghost', 'phantom', 'specter', 'spirit']"
5791,2023-07-29,fabrics,"['corduroy', 'denim', 'linen', 'tweed']"
5792,2023-07-30,___ clock,"['alarm', 'biological', 'cuckoo', 'grandfather']"
5793,2023-07-30,disney ducks,"['daisy', 'dewey', 'donald', 'scrooge']"
5794,2023-07-30,synonyms for offbeat,"['daffy', 'kooky', 'quirky', 'wacky']"
5795,2023-07-30,relatives,"['aunt', 'cousin', 'mother', 'nephew']"
5796,2023-07-31,starts of u.s. coins,"['dim', 'nick', 'pen', 'quart']"
5797,2023-07-31,deep-fried food,"['falafel', 'katsu', 'samosa', 'schnitzel']"
5798,2023-07-31,types of paint,"['acrylic', 'oil', 'tempera', 'watercolor']"
5799,2023-07-31,units of length,"['foot', 'inch', 'mile', 'yard']"
5800,2023-08-01,adams,"['ant', 'driver', 'scott', 'west']"
5801,2023-08-01,vampire movies,"['blade', 'lost boys', 'near dark', 'twilight']"
5802,2023-08-01,dating apps,"['bumble', 'hinge', 'match', 'tinder']"
5803,2023-08-01,long sandwiches,"['hero', 'hoagie', 'grinder', 'sub']"
5804,2023-08-02,synonyms for complain,"['carp', 'gripe', 'grouse', 'moan']"
5805,2023-08-02,musical instruments,"['harp', 'horn', 'organ', 'triangle']"
5806,2023-08-02,rodents,"['gerbil', 'hamster', 'rat', 'vole']"
5807,2023-08-02,computer equipment,"['keyboard', 'monitor', 'mouse', 'speaker']"
5808,2023-08-03,taxonomy ranks,"['class', 'domain', 'family', 'order']"
5809,2023-08-03,ap classes,"['bio', 'chem', 'gov', 'stats']"
5810,2023-08-03,stoned,"['baked', 'blazed', 'high', 'lit']"
5811,2023-08-03,animal group names,"['colony', 'herd', 'pride', 'swarm']"
5812,2023-08-04,___ road,"['abbey', 'high', 'rocky', 'silk']"
5813,2023-08-04,presidential first names,"['calvin', 'chester', 'grover', 'harry']"
5814,2023-08-04,cartoon cats,"['felix', 'garfield', 'sylvester', 'tom']"
5815,2023-08-04,places for worship,"['altar', 'reliquary', 'shrine', 'temple']"
5816,2023-08-05,___ stick,"['fish', 'hockey', 'memory', 'selfie']"
5817,2023-08-05,shakespeare characters,"['duncan', 'juliet', 'puck', 'viola']"
5818,2023-08-05,words with three g's,"['baggage', 'eggnog', 'giggle', 'leggings']"
5819,2023-08-05,classic toys,"['blocks', 'doll', 'top', 'yo-yo']"
5820,2023-08-06,rappers minus numbers,"['cent', 'chainz', 'pac', 'savage']"
5821,2023-08-06,touchscreen gestures,"['pinch', 'spread', 'swipe', 'tap']"
5822,2023-08-06,dances,"['hustle', 'salsa', 'swing', 'tango']"
5823,2023-08-06,classic arcade games,"['asteroids', 'breakout', 'frogger', 'pong']"
5824,2023-08-07,candy pieces,"['dot', 'goober', 'kiss', 'whopper']"
5825,2023-08-07,synonyms for falsehood,"['fib', 'fiction', 'lie', 'tale']"
5826,2023-08-07,patterns,"['houndstooth', 'paisley', 'plaid', 'stripes']"
5827,2023-08-07,movie genres,"['horror', 'musical', 'romance', 'western']"
5828,2023-08-08,mtv shows,"['catfish', 'cribs', 'jackass', 'state']"
5829,2023-08-08,superheroes,"['black widow', 'blade', 'flash', 'storm']"
5830,2023-08-08,fish,"['char', 'eel', 'perch', 'shark']"
5831,2023-08-08,arachnids,"['mite', 'scorpion', 'spider', 'tick']"
5832,2023-08-09,fruit homophones,"['lyme', 'mellon', 'pair', 'plumb']"
5833,2023-08-09,celestial objects,"['asteroid', 'comet', 'moon', 'planet']"
5834,2023-08-09,newspapers,"['globe', 'journal', 'post', 'sun']"
5835,2023-08-09,unspecified quantities,"['few', 'handful', 'several', 'some']"
5836,2023-08-10,jewelry,"['anklet', 'bangle', 'brooch', 'pendant']"
5837,2023-08-10,make happy,"['charm', 'delight', 'please', 'tickle']"
5838,2023-08-10,sports venues,"['court', 'diamond', 'field', 'rink']"
5839,2023-08-10,horror franchises,"['purge', 'ring', 'saw', 'scream']"
5840,2023-08-11,___ point,"['match', 'moot', 'selling', 'west']"
5841,2023-08-11,australian terms,"['barbie', 'bush', 'crikey', 'mate']"
5842,2023-08-11,talent,"['faculty', 'flair', 'genius', 'gift']"
5843,2023-08-11,theoretical physicists,"['einstein', 'feynman', 'hawking', 'oppenheimer']"
5844,2023-08-12,periodic table symbols,"['fe', 'he', 'na', 'ni']"
5845,2023-08-12,greek letters,"['mu', 'nu', 'pi', 'xi']"
5846,2023-08-12,musical notes,"['do', 'fa', 'la', 'ti']"
5847,2023-08-12,state abbreviations,"['co', 'ma', 'me', 'pa']"
5848,2023-08-13,"""captains""","['crunch', 'kangaroo', 'obvious', 'planet']"
5849,2023-08-13,gym exercises,"['curl', 'lunge', 'plank', 'press']"
5850,2023-08-13,slang for zero,"['jack', 'nada', 'nothing', 'squat']"
5851,2023-08-13,fastening verbs,"['buckle', 'button', 'snap', 'zip']"
5852,2023-08-14,t-___,"['bone', 'rex', 'shirt', 'storm']"
5853,2023-08-14,fishing terms,"['bait', 'chum', 'fly', 'sinker']"
5854,2023-08-14,perceive,"['catch', 'notice', 'observe', 'see']"
5855,2023-08-14,classic dog names,"['fido', 'lucky', 'rover', 'spot']"
5856,2023-08-15,things with rings,"['circus', 'saturn', 'tree', 'wedding']"
5857,2023-08-15,classical elements,"['air', 'earth', 'fire', 'water']"
5858,2023-08-15,energy,"['juice', 'spirit', 'steam', 'vigor']"
5859,2023-08-15,states of matter,"['gas', 'liquid', 'plasma', 'solid']"
5860,2023-08-16,one in a dozen,"['egg', 'juror', 'month', 'rose']"
5861,2023-08-16,painters,"['bacon', 'close', 'munch', 'whistler']"
5862,2023-08-16,breakfast foods,"['cereal', 'omelet', 'pancake', 'waffle']"
5863,2023-08-16,time periods,"['century', 'decade', 'millennium', 'year']"
5864,2023-08-17,square ___,"['dance', 'meal', 'one', 'root']"
5865,2023-08-17,alter deceptively,"['distort', 'doctor', 'fudge', 'twist']"
5866,2023-08-17,occupational surnames,"['fisher', 'mason', 'miller', 'smith']"
5867,2023-08-17,desserts,"['cake', 'cobbler', 'pie', 'tart']"
5868,2023-08-18,___ cake,"['carrot', 'coffee', 'pound', 'sponge']"
5869,2023-08-18,world currencies,"['rand', 'real', 'sterling', 'won']"
5870,2023-08-18,extremely,"['awful', 'quite', 'super', 'very']"
5871,2023-08-18,units of volume,"['cup', 'gallon', 'pint', 'quart']"
5872,2023-08-19,slang for cannabis,"['grass', 'herb', 'mary jane', 'weed']"
5873,2023-08-19,shoes,"['clog', 'pump', 'slide', 'wedge']"
5874,2023-08-19,cookwear,"['crock', 'pot', 'skillet', 'wok']"
5875,2023-08-19,friend,"['bud', 'chum', 'mate', 'pal']"
5876,2023-08-20,happy ___,"['camper', 'hour', 'meal', 'medium']"
5877,2023-08-20,tiny,"['minute', 'slight', 'small', 'wee']"
5878,2023-08-20,insult,"['barb', 'dig', 'diss', 'jab']"
5879,2023-08-20,camping supplies,"['cooler', 'lantern', 'sleeping bag', 'tent']"
5880,2023-08-21,tony ___,"['hawk', 'montana', 'soprano', 'stark']"
5881,2023-08-21,classic rock bands,"['genesis', 'kansas', 'rush', 'yes']"
5882,2023-08-21,soda brands,"['crush', 'mug', 'sprite', 'squirt']"
5883,2023-08-21,u.s. mountain states,"['arizona', 'colorado', 'nevada', 'utah']"
5884,2023-08-22,"""bad ___"" movies""","['boys', 'lieutenant', 'santa', 'taste']"
5885,2023-08-22,seen on valentine's day,"['card', 'chocolate', 'heart', 'rose']"
5886,2023-08-22,santa's reindeer,"['comet', 'cupid', 'dasher', 'vixen']"
5887,2023-08-22,performing artists,"['actor', 'dancer', 'singer', 'stand-up']"
5888,2023-08-23,things that are cast,"['doubt', 'movie', 'shadow', 'vote']"
5889,2023-08-23,pursue,"['dog', 'follow', 'tail', 'track']"
5890,2023-08-23,bike parts,"['gear', 'handlebar', 'pedal', 'wheel']"
5891,2023-08-23,facial hair,"['beard', 'goatee', 'mustache', 'stubble']"
5892,2023-08-24,kiss,"['peck', 'smack', 'smooch', 'x']"
5893,2023-08-24,slang for clothes,"['duds', 'getup', 'outfit', 'threads']"
5894,2023-08-24,failures,"['busts', 'flops', 'misses', 'turkeys']"
5895,2023-08-24,extinct animals,"['dodo', 'mammoth', 'mastodon', 'trilobite']"
5896,2023-08-25,easter ___,"['bunny', 'egg', 'island', 'sunday']"
5897,2023-08-25,found in a kitchen,"['counter', 'mixer', 'range', 'sink']"
5898,2023-08-25,"""pinocchio"" figures","['cricket', 'puppet', 'whale', 'woodcarver']"
5899,2023-08-25,social gathering,"['bash', 'blowout', 'party', 'shindig']"
5900,2023-08-26,adjectives in rappers' names,"['foxy', 'gucci', 'killer', 'notorious']"
5901,2023-08-26,figures in greek myth,"['atlas', 'hermes', 'nike', 'paris']"
5902,2023-08-26,newspaper sections,"['business', 'national', 'opinion', 'style']"
5903,2023-08-26,board games,"['risk', 'sorry', 'taboo', 'trouble']"
5904,2023-08-27,"associated with ""crawl""","['infant', 'pub', 'swimming', 'ticker']"
5905,2023-08-27,drum set components,"['cymbal', 'kick', 'snare', 'tom']"
5906,2023-08-27,golf terms,"['driver', 'eagle', 'hole', 'stroke']"
5907,2023-08-27,poultry cuts,"['breast', 'drumstick', 'tender', 'wing']"
5908,2023-08-28,___ list,"['bucket', 'guest', 'top ten', 'wish']"
5909,2023-08-28,greeting gestures,"['high five', 'hug', 'shake', 'wave']"
5910,2023-08-28,scam,"['con', 'fast one', 'hustle', 'racket']"
5911,2023-08-28,states of elation,"['bliss', 'cloud nine', 'heaven', 'paradise']"
5912,2023-08-29,words before days of the week,"['ash', 'black', 'cyber', 'fat']"
5913,2023-08-29,shades of black,"['ebony', 'jet', 'onyx', 'raven']"
5914,2023-08-29,animals that end with x,"['fox', 'ibex', 'lynx', 'oryx']"
5915,2023-08-29,depart quickly,"['book', 'bounce', 'run', 'split']"
5916,2023-08-30,fonts,"['courier', 'impact', 'papyrus', 'times']"
5917,2023-08-30,egyptian symbols,"['ankh', 'crook', 'eye', 'scarab']"
5918,2023-08-30,influence,"['clout', 'pull', 'sway', 'weight']"
5919,2023-08-30,playground fixtures,"['sandbox', 'seesaw', 'slide', 'swing']"
5920,2023-08-31,___jack,"['apple', 'cracker', 'flap', 'lumber']"
5921,2023-08-31,mar,"['chip', 'ding', 'nick', 'scratch']"
5922,2023-08-31,response to a correct answer,"['bingo', 'correct', 'right', 'yes']"
5923,2023-08-31,appetizer unit,"['fry', 'nacho', 'popper', 'wing']"
5924,2023-09-01,consecutive double letters,"['balloon', 'bassoon', 'coffee', 'fricassee']"
5925,2023-09-01,american poets,"['bishop', 'frost', 'olds', 'pound']"
5926,2023-09-01,woodwinds,"['clarinet', 'flute', 'oboe', 'saxophone']"
5927,2023-09-01,drink vessels,"['goblet', 'snifter', 'tumbler', 'stein']"
5928,2023-09-02,manicure steps,"['buff', 'clip', 'file', 'polish']"
5929,2023-09-02,american football actions,"['fumble', 'punt', 'sack', 'snap']"
5930,2023-09-02,baked goods,"['bun', 'danish', 'muffin', 'turnover']"
5931,2023-09-02,au naturel,"['bare', 'naked', 'nude', 'unclad']"
5932,2023-09-03,homophones,"['ewe', 'u', 'yew', 'you']"
5933,2023-09-03,roman numerals,"['d', 'l', 'm', 'v']"
5934,2023-09-03,pronouns,"['i', 'it', 'they', 'we']"
5935,2023-09-03,female animals,"['cow', 'doe', 'hen', 'mare']"
5936,2023-09-04,___ chair,"['first', 'folding', 'high', 'lawn']"
5937,2023-09-04,things with teeth,"['comb', 'gear', 'saw', 'zipper']"
5938,2023-09-04,automatic transmission settings,"['drive', 'neutral', 'park', 'reverse']"
5939,2023-09-04,painting accessories,"['brush', 'canvas', 'easel', 'palette']"
5940,2023-09-05,song titles with parentheses,"['i ran', 'istanbul', 'montero', 'satisfaction']"
5941,2023-09-05,thanksgiving food,"['gravy', 'pie', 'stuffing', 'turkey']"
5942,2023-09-05,additional benefit,"['bonus', 'extra', 'icing', 'perk']"
5943,2023-09-05,information displays,"['chart', 'diagram', 'graph', 'map']"
5944,2023-09-06,chinese zodiac animals,"['dragon', 'horse', 'rabbit', 'tiger']"
5945,2023-09-06,one involved in espionage,"['agent', 'mole', 'plant', 'spy']"
5946,2023-09-06,flower parts,"['bud', 'leaf', 'petal', 'stalk']"
5947,2023-09-06,creatures in folklore,"['gnome', 'goblin', 'ogre', 'troll']"
5948,2023-09-07,mad max fury road,"['fury', 'mad', 'max', 'road']"
5949,2023-09-07,when harry met sally,"['harry', 'met', 'sally', 'when']"
5950,2023-09-07,who framed roger rabbit,"['framed', 'rabbit', 'roger', 'who']"
5951,2023-09-07,rocky horror picture show,"['horror', 'picture', 'rocky', 'show']"
5952,2023-09-08,___ tape,"['demo', 'red', 'scotch', 'ticker']"
5953,2023-09-08,pixar movies,"['brave', 'cars', 'coco', 'up']"
5954,2023-09-08,fermeneted alcoholic beverages,"['cider', 'port', 'sake', 'stout']"
5955,2023-09-08,inherent nature,"['essence', 'heart', 'spirit', 'soul']"
5956,2023-09-09,silent “l”,"['colonel', 'salmon', 'walk', 'yolk']"
5957,2023-09-09,fish that are verbs,"['carp', 'catfish', 'flounder', 'smelt']"
5958,2023-09-09,heat sources,"['forge', 'furnace', 'kiln', 'oven']"
5959,2023-09-09,baseball calls,"['ball', 'out', 'safe', 'strike']"
5960,2023-09-10,sea ___,"['change', 'cucumber', 'legs', 'lion']"
5961,2023-09-10,musicals,"['company', 'grease', 'hair', 'rent']"
5962,2023-09-10,lowest point,"['base', 'bottom', 'foot', 'foundation']"
5963,2023-09-10,amazon animals,"['anaconda', 'capybara', 'jaguar', 'toucan']"
5964,2023-09-11,numbers in book titles,"['22', '451', '2001', '20,000']"
5965,2023-09-11,slot machine symbols,"['7', 'bar', 'bell', 'cherry']"
5966,2023-09-11,tv shows,"['24', 'bones', 'firefly', 'weeds']"
5967,2023-09-11,halloween decorations,"['bat', 'cobweb', 'pumpkin', 'tombstone']"
5968,2023-09-12,inside info,"['dirt', 'dish', 'scoop', 'skinny']"
5969,2023-09-12,tree features,"['bark', 'branch', 'root', 'trunk']"
5970,2023-09-12,animal sounds,"['buzz', 'cluck', 'meow', 'oink']"
5971,2023-09-12,hot drinks,"['chai', 'cocoa', 'coffee', 'tea']"
5972,2023-09-13,___ baby,"['beanie', 'fur', 'nepo', 'santa']"
5973,2023-09-13,anagrams,"['nope', 'open', 'peon', 'pone']"
5974,2023-09-13,pronouns,"['me', 'them', 'us', 'you']"
5975,2023-09-13,“skedaddle!”,"['get out', 'go', 'leave', 'scram']"
5976,2023-09-14,songs that are names,"['alejandro', 'lola', 'michelle', 'stan']"
5977,2023-09-14,radio lingo,"['copy', 'out', 'over', 'roger']"
5978,2023-09-14,counterfeit,"['bogus', 'fake', 'phony', 'sham']"
5979,2023-09-14,eye parts,"['iris', 'lens', 'pupil', 'retina']"
5980,2023-09-15,words that sound like two letters,"['cutie', 'envy', 'excel', 'seedy']"
5981,2023-09-15,gymnastics apparatus,"['floor', 'horse', 'rings', 'vault']"
5982,2023-09-15,emit light,"['beam', 'glow', 'radiate', 'shine']"
5983,2023-09-15,bovids,"['buffalo', 'cow', 'goat', 'sheep']"
5984,2023-09-16,i love ___,"['lucy', 'new york', ""rock 'n roll"", 'you']"
5985,2023-09-16,“peanuts” characters,"['charlie', 'peppermint patty', 'pigpen', 'woodstock']"
5986,2023-09-16,chess terms,"['bishop', 'mate', 'gambit', 'queen']"
5987,2023-09-16,fairy tale figures,"['giant', 'princess', 'witch', 'wolf']"
5988,2023-09-17,what “green” might mean,"['envious', 'fresh', 'naive', 'unwell']"
5989,2023-09-17,best actress oscar winners,"['berry', 'foster', 'stone', 'swank']"
5990,2023-09-17,luxurious,"['deluxe', 'grand', 'lavish', 'opulent']"
5991,2023-09-17,fruits,"['apricot', 'fig', 'grape', 'lime']"
5992,2023-09-18,tv show title surnames,"['lasso', 'mars', 'rogers', 'smart']"
5993,2023-09-18,western tropes,"['cowboy', 'drifter', 'outlaw', 'sheriff']"
5994,2023-09-18,airlines,"['alaska', 'frontier', 'southwest', 'spirit']"
5995,2023-09-18,intelligent,"['bright', 'clever', 'quick', 'sharp']"
5996,2023-09-19,dirty ___,"['dozen', 'joke', 'laundry', 'martini']"
5997,2023-09-19,connection,"['bond', 'link', 'relation', 'tie']"
5998,2023-09-19,shirt features,"['button', 'collar', 'cuff', 'pocket']"
5999,2023-09-19,web browser-related,"['bookmark', 'history', 'tab', 'window']"
6000,2023-09-20,number homophones,"['ate', 'for', 'too', 'won']"
6001,2023-09-20,common merch items,"['mug', 'pen', 'tee', 'tote']"
6002,2023-09-20,bowling,"['alley', 'ball', 'lane', 'pin']"
6003,2023-09-20,replacement,"['backup', 'copy', 'extra', 'spare']"
6004,2023-09-21,hand- and foot-related slang,"['digit', 'dog', 'mitt', 'piggy']"
6005,2023-09-21,muppets,"['animal', 'beaker', 'gonzo', 'scooter']"
6006,2023-09-21,motor vehicles,"['bus', 'car', 'motorcycle', 'truck']"
6007,2023-09-21,restaurant workers,"['bartender', 'chef', 'host', 'server']"
6008,2023-09-22,___board,"['dash', 'hover', 'key', 'star']"
6009,2023-09-22,m. night shyamalan movies,"['glass', 'old', 'signs', 'split']"
6010,2023-09-22,"set, as plans","['concrete', 'firm', 'solid', 'tangible']"
6011,2023-09-22,soda fountain orders,"['float', 'malt', 'shake', 'sundae']"
6012,2023-09-23,women singers,"['keys', 'nicks', 'summer', 'swift']"
6013,2023-09-23,water sources,"['fountain', 'spring', 'tap', 'well']"
6014,2023-09-23,decline,"['dip', 'drop', 'fall', 'sink']"
6015,2023-09-23,robust,"['fit', 'healthy', 'sound', 'strong']"
6016,2023-09-24,sitcom families,"['bunker', 'cleaver', 'partridge', 'tanner']"
6017,2023-09-24,super mario-related,"['dinosaur', 'mushroom', 'plumber', 'princess']"
6018,2023-09-24,vertebrates,"['bird', 'fish', 'mammal', 'reptile']"
6019,2023-09-24,kitchen utensils,"['grater', 'ladle', 'peeler', 'whisk']"
6020,2023-09-25,social media app endings,"['book', 'gram', 'in', 'tube']"
6021,2023-09-25,jacks,"['black', 'frost', 'ma', 'sparrow']"
6022,2023-09-25,“c” words for “envelop”,"['cake', 'coat', 'cover', 'crust']"
6023,2023-09-25,bridal accessories,"['bouquet', 'ring', 'train', 'veil']"
6024,2023-09-26,full ___,"['circle', 'house', 'monty', 'moon']"
6025,2023-09-26,summary,"['abstract', 'brief', 'digest', 'rundown']"
6026,2023-09-26,lingerie,"['garter', 'slip', 'teddy', 'thong']"
6027,2023-09-26,snakes,"['boa', 'mamba', 'python', 'viper']"
6028,2023-09-27,things with eye(s),"['face', 'hurricane', 'needle', 'potato']"
6029,2023-09-27,target of a scheme,"['chump', 'fool', 'mark', 'sucker']"
6030,2023-09-27,candy store treats,"['chocolate', 'gum', 'licorice', 'lollipop']"
6031,2023-09-27,produced by trees,"['acorn', 'cone', 'pollen', 'sap']"
6032,2023-09-28,light ___,"['beer', 'bulb', 'rail', 'year']"
6033,2023-09-28,rap subgenres,"['bounce', 'crunk', 'drill', 'grime']"
6034,2023-09-28,ways to gather food,"['fish', 'forage', 'hunt', 'trap']"
6035,2023-09-28,reflect light,"['flash', 'gleam', 'glitter', 'sparkle']"
6036,2023-09-29,what “beat” may mean,"['assignment', 'defeat', 'tempo', 'tired']"
6037,2023-09-29,hudsons,"['henry', 'jennifer', 'kate', 'rock']"
6038,2023-09-29,recyclng categories,"['glass', 'metal', 'paper', 'plastic']"
6039,2023-09-29,very important,"['central', 'critical', 'key', 'vital']"
6040,2023-09-30,insufficient,"['low', 'short', 'shy', 'wanting']"
6041,2023-09-30,yearn,"['ache', 'long', 'pine', 'thirst']"
6042,2023-09-30,golf clubs,"['iron', 'putter', 'wedge', 'wood']"
6043,2023-09-30,playing card suits,"['club', 'diamond', 'heart', 'spade']"
6044,2023-10-01,___ figure,"['action', 'ballpark', 'go', 'stick']"
6045,2023-10-01,things that are red,"['beet', 'brick', 'cardinal', 'poppy']"
6046,2023-10-01,nocturnal animals,"['bat', 'moth', 'owl', 'wolf']"
6047,2023-10-01,coffee counter items,"['cup', 'lid', 'stirrer', 'straw']"
6048,2023-10-02,“pointers”,"['arrow', 'dog', 'finger', 'hint']"
6049,2023-10-02,animal coverings,"['down', 'fur', 'scales', 'shell']"
6050,2023-10-02,iphone apps,"['clock', 'mail', 'maps', 'notes']"
6051,2023-10-02,ways to show respect,"['bow', 'kneel', 'salute', 'stand']"
6052,2023-10-03,___ balloon,"['lead', 'speech', 'trial', 'water']"
6053,2023-10-03,sneaker brands,"['converse', 'jordan', 'puma', 'vans']"
6054,2023-10-03,prattle on,"['blather', 'chat', 'jabber', 'gab']"
6055,2023-10-03,long-haired animals,"['afghan', 'alpaca', 'angora', 'yak']"
6056,2023-10-04,things with stripes,"['candy cane', 'crosswalk', 'referee', 'tiger']"
6057,2023-10-04,torus-shaped food,"['bagel', 'cheerio', 'donut', 'lifesaver']"
6058,2023-10-04,make public,"['display', 'exhibit', 'present', 'show']"
6059,2023-10-04,christmas-related,"['mistletoe', 'reindeer', 'snowman', 'stocking']"
6060,2023-10-05,insect homophones,"['aunt', 'beatle', 'flee', 'nat']"
6061,2023-10-05,m.l.b. team member,"['angel', 'cub', 'met', 'red']"
6062,2023-10-05,imperial units,"['bushel', 'peck', 'stone', 'ton']"
6063,2023-10-05,division,"['arm', 'branch', 'chapter', 'wing']"
6064,2023-10-06,lady ___,"['bird', 'gaga', 'luck', 'macbeth']"
6065,2023-10-06,“peter pan” characters,"['hook', 'nana', 'peter', 'wendy']"
6066,2023-10-06,art movements,"['dada', 'deco', 'gothic', 'pop']"
6067,2023-10-06,"laughter, in a text","['dead', 'haha', 'lol', 'rofl']"
6068,2023-10-07,palindromes,"['eve', 'hannah', 'otto', 'natan']"
6069,2023-10-07,past tense verbs,"['drew', 'rose', 'will', 'may']"
6070,2023-10-07,natural features,"['dale', 'brook', 'savanna', 'cliff']"
6071,2023-10-07,rhymes,"['darren', 'karen', 'sharon', 'aaron']"
6072,2023-10-08,___ opera,"['comic', 'met', 'rock', 'soap']"
6073,2023-10-08,cities and towns in england,"['bath', 'derby', 'reading', 'sandwich']"
6074,2023-10-08,phone connectivity,"['bars', 'reception', 'service', 'signal']"
6075,2023-10-08,celebratory occasions,"['anniversary', 'birthday', 'shower', 'wedding']"
6076,2023-10-09,things that whistle,"['bird', 'kettle', 'referee', 'train']"
6077,2023-10-09,song,"['cut', 'number', 'single', 'track']"
6078,2023-10-09,slang for head,"['crown', 'dome', 'melon', 'noodle']"
6079,2023-10-09,crops,"['corn', 'cucumber', 'pepper', 'tomato']"
6080,2023-10-10,power ___,"['nap', 'plant', 'ranger', 'trip']"
6081,2023-10-10,n.h.l. teams,"['flames', 'kraken', 'stars', 'wild']"
6082,2023-10-10,bible books,"['acts', 'job', 'kings', 'mark']"
6083,2023-10-10,origin,"['genesis', 'germ', 'seed', 'source']"
6084,2023-10-11,___ paper,"['butcher', 'scrap', 'toilet', 'wax']"
6085,2023-10-11,foremost,"['head', 'lead', 'prime', 'top']"
6086,2023-10-11,conditional words,"['can', 'could', 'may', 'might']"
6087,2023-10-11,film set directives,"['action', 'camera', 'cut', 'lights']"
6088,2023-10-12,things that can run,"['candidate', 'faucet', 'mascara', 'nose']"
6089,2023-10-12,wonder woman’s costume,"['lasso', 'shield', 'sword', 'tiara']"
6090,2023-10-12,parts of a watch,"['crown', 'dial', 'hand', 'strap']"
6091,2023-10-12,conceal,"['block', 'cover', 'hide', 'mask']"
6092,2023-10-13,“the(e) ___” rappers,"['creator', 'dude', 'rapper', 'stallion']"
6093,2023-10-13,poetry terms,"['line', 'meter', 'rhyme', 'verse']"
6094,2023-10-13,cities beginning with “l”,"['lagos', 'limerick', 'lincoln', 'luxor']"
6095,2023-10-13,beans,"['fava', 'kidney', 'lima', 'pinto']"
6096,2023-10-14,plunder,"['booty', 'loot', 'spoils', 'swag']"
6097,2023-10-14,slang for home,"['crib', 'digs', 'joint', 'pad']"
6098,2023-10-14,rotary phone parts,"['cord', 'cradle', 'dial', 'handset']"
6099,2023-10-14,butt,"['bottom', 'buns', 'seat', 'tail']"
6100,2023-10-15,title movie animals,"['babe', 'beethoven', 'charlotte', 'willy']"
6101,2023-10-15,shortcut commands,"['copy', 'find', 'print', 'save']"
6102,2023-10-15,pull,"['jerk', 'tug', 'wrench', 'yank']"
6103,2023-10-15,tools,"['file', 'hammer', 'level', 'saw']"
6104,2023-10-16,fat ___,"['cat', 'chance', 'lip', 'tuesday']"
6105,2023-10-16,“the addams family” characters,"['fester', 'lurch', 'thing', 'wednesday']"
6106,2023-10-16,go bad,"['rot', 'sour', 'spoil', 'turn']"
6107,2023-10-16,days of the week,"['friday', 'saturday', 'sunday', 'thursday']"
6108,2023-10-17,rock ___,"['bottom', 'candy', 'garden', 'star']"
6109,2023-10-17,rudely break off contact,"['desert', 'ghost', 'ignore', 'jilt']"
6110,2023-10-17,failure,"['bomb', 'dud', 'flop', 'lemon']"
6111,2023-10-17,taunts,"['boo', 'hiss', 'jeer', 'raspberry']"
6112,2023-10-18,singular of things seen in pairs,"['boxer', 'goggle', 'pant', 'tong']"
6113,2023-10-18,piquancy,"['bite', 'kick', 'tang', 'zip']"
6114,2023-10-18,bit of wind,"['breeze', 'draft', 'gust', 'puff']"
6115,2023-10-18,something tiresome,"['bore', 'drag', 'snooze', 'yawn']"
6116,2023-10-19,fast ___,"['fashion', 'food', 'forward', 'friends']"
6117,2023-10-19,tv shows,"['fargo', 'firefly', 'fleabag', 'flipper']"
6118,2023-10-19,mild oaths,"['fiddlesticks', 'fie', 'frick', 'fudge']"
6119,2023-10-19,falsify,"['fabricate', 'fake', 'fix', 'forge']"
6120,2023-10-20,___ burger,"['good', 'impossible', 'nothing', 'warren']"
6121,2023-10-20,equitable,"['equal', 'even', 'fair', 'just']"
6122,2023-10-20,virtual spaces,"['cloud', 'metaverse', 'net', 'web']"
6123,2023-10-20,animal homes,"['den', 'hive', 'lair', 'nest']"
6124,2023-10-21,acronyms,"['laser', 'radar', 'scuba', 'spam']"
6125,2023-10-21,bra parts,"['cup', 'hook', 'strap', 'wire']"
6126,2023-10-21,nonsense,"['baloney', 'bunk', 'crock', 'tripe']"
6127,2023-10-21,tableware,"['bowl', 'dish', 'plate', 'saucer']"
6128,2023-10-22,sticky situation,"['bind', 'pickle', 'scrape', 'spot']"
6129,2023-10-22,british cuisine,"['mash', 'roast', 'scone', 'trifle']"
6130,2023-10-22,catchy song,"['banger', 'bop', 'groove', 'jam']"
6131,2023-10-22,relax,"['chill', 'hang', 'loaf', 'lounge']"
6132,2023-10-23,hard ___,"['candy', 'copy', 'knocks', 'seltzer']"
6133,2023-10-23,romantic beginnings,"['connection', 'feelings', 'spark', 'vibe']"
6134,2023-10-23,impel,"['drive', 'inspire', 'motivate', 'spur']"
6135,2023-10-23,cell phone modes,"['focus', 'ring', 'silent', 'vibrate']"
6136,2023-10-24,rhyming compound words,"['backpack', 'bigwig', 'downtown', 'ragtag']"
6137,2023-10-24,paradigmatic,"['classic', 'definitive', 'model', 'textbook']"
6138,2023-10-24,small opening,"['cranny', 'niche', 'nook', 'recess']"
6139,2023-10-24,animal groups,"['colony', 'herd', 'pride', 'school']"
6140,2023-10-25,___ syrup,"['corn', 'cough', 'maple', 'simple']"
6141,2023-10-25,12 days of christmas,"['drummer', 'lady', 'ring', 'swan']"
6142,2023-10-25,“gracious me!”,"['goodness', 'heavens', 'lord', 'mercy']"
6143,2023-10-25,grammar tense terms,"['future', 'past', 'perfect', 'present']"
6144,2023-10-26,spherical things,"['bubble', 'globe', 'marble', 'pearl']"
6145,2023-10-26,fine bubbles,"['foam', 'froth', 'head', 'lather']"
6146,2023-10-26,"excellent, in old slang","['aces', 'keen', 'neato', 'nifty']"
6147,2023-10-26,increase,"['build', 'grow', 'swell', 'mount']"
6148,2023-10-27,things with trunks,"['cars', 'elephants', 'swimmers', 'trees']"
6149,2023-10-27,w.n.b.a. teams,"['mercury', 'sky', 'sparks', 'liberty']"
6150,2023-10-27,metal elements,"['copper', 'gold', 'nickel', 'silver']"
6151,2023-10-27,shameless boldness,"['brass', 'cheek', 'gall', 'nerve']"
6152,2023-10-28,___ moon,"['blue', 'harvest', 'new', 'sailor']"
6153,2023-10-28,“agree!”,"['ditto', 'likewise', 'same', 'second']"
6154,2023-10-28,appearance,"['dress', 'look', 'manner', 'style']"
6155,2023-10-28,senses,"['sight', 'smell', 'taste', 'touch']"
6156,2023-10-29,guitar parts,"['body', 'bridge', 'fret', 'neck']"
6157,2023-10-29,group of offspring,"['brood', 'clutch', 'hatch', 'litter']"
6158,2023-10-29,go up against,"['challenge', 'confront', 'face', 'oppose']"
6159,2023-10-29,mishmash,"['hash', 'jumble', 'medley', 'stew']"
6160,2023-10-30,___ button,"['belly', 'hot', 'panic', 'snooze']"
6161,2023-10-30,mahjong tiles,"['bamboo', 'dragon', 'season', 'wind']"
6162,2023-10-30,blink of an eye,"['flash', 'heartbeat', 'second', 'wink']"
6163,2023-10-30,bird features,"['beak', 'feather', 'talon', 'wing']"
6164,2023-10-31,___ jacket,"['dust', 'life', 'sports', 'yellow']"
6165,2023-10-31,horror directors,"['aster', 'carpenter', 'craven', 'wan']"
6166,2023-10-31,seen on a farm,"['barn', 'chicken', 'farmer', 'tractor']"
6167,2023-10-31,flowers,"['daisy', 'rose', 'tulip', 'violet']"
6168,2023-11-01,expressions of hesitation,"['erm', 'uh', 'um', 'well']"
6169,2023-11-01,shows set in hospitals,"['er', 'house', 'ratched', 'scrubs']"
6170,2023-11-01,use a needle and thread,"['darn', 'hem', 'seam', 'sew']"
6171,2023-11-01,social media actions,"['follow', 'like', 'share', 'subscribe']"
6172,2023-11-02,things with cores,"['apple', 'computer', 'planet', 'reactor']"
6173,2023-11-02,small wooded area,"['dell', 'glen', 'hollow', 'valley']"
6174,2023-11-02,information,"['data', 'info', 'intel', 'news']"
6175,2023-11-02,ignite,"['burn', 'kindle', 'light', 'torch']"
6176,2023-11-03,royal ___,"['family', 'flush', 'jelly', 'we']"
6177,2023-11-03,words abbreviated with letters,"['are', 'see', 'why', 'you']"
6178,2023-11-03,repeated words in expressions,"['hear', 'knock', 'there', 'tut']"
6179,2023-11-03,nevertheless,"['however', 'still', 'though', 'yet']"
6180,2023-11-04,“e-” things,"['cigarette', 'bike', 'ticket', 'sports']"
6181,2023-11-04,clue weapons,"['candlestick', 'knife', 'rope', 'wrench']"
6182,2023-11-04,hollow cylinders,"['hose', 'pipe', 'straw', 'tube']"
6183,2023-11-04,ways to prepare,"['drill', 'practice', 'study', 'train']"
6184,2023-11-05,words with numerical prefixes,"['uniform', 'bicycle', 'trilogy', 'quadrant']"
6185,2023-11-05,music publications,"['billboard', 'pitchfork', 'rolling stone', 'spin']"
6186,2023-11-05,"long, sharp objects","['lance', 'pin', 'skewer', 'spit']"
6187,2023-11-05,unchanging,"['even', 'level', 'stable', 'steady']"
6188,2023-11-06,words that go with “bone”,"['funny', 'herring', 'soup', 'wish']"
6189,2023-11-06,cube-shaped,"['bouillon', 'die', 'ice', 'sugar']"
6190,2023-11-06,terms for records,"['lp', 'platter', 'vinyl', 'wax']"
6191,2023-11-06,investments,"['bond', 'cd', 'option', 'stock']"
6192,2023-11-07,microsoft products,"['bing', 'edge', 'surface', 'word']"
6193,2023-11-07,group within a group,"['camp', 'division', 'faction', 'wing']"
6194,2023-11-07,tattle,"['rat', 'sing', 'snitch', 'squeal']"
6195,2023-11-07,digital notification sounds,"['chime', 'ding', 'ping', 'ring']"
6196,2023-11-08,second words of vodka cocktails,"['breeze', 'mary', 'mule', 'russian']"
6197,2023-11-08,equivocate,"['hedge', 'see-saw', 'waver', 'yo-yo']"
6198,2023-11-08,types of french fries,"['curly', 'shoestring', 'waffle', 'wedge']"
6199,2023-11-08,brought to the beach,"['flip-flop', 'sunscreen', 'towel', 'umbrella']"
6200,2023-11-09,___ comedy,"['black', 'divine', 'prop', 'sketch']"
6201,2023-11-09,podcasts,"['radiolab', 'serial', 'up first', 'wtf']"
6202,2023-11-09,email actions,"['compose', 'forward', 'reply all', 'send']"
6203,2023-11-09,doctors’ orders,"['diet', 'exercise', 'fresh air', 'sleep']"
6204,2023-11-10,medieval weapons,"['club', 'mace', 'spear', 'sword']"
6205,2023-11-10,deodorants,"['axe', 'degree', 'old spice', 'secret']"
6206,2023-11-10,intelligent,"['bright', 'quick', 'sharp', 'smart']"
6207,2023-11-10,spices,"['anise', 'dill', 'nutmeg', 'sage']"
6208,2023-11-11,“get a ___!”,"['clue', 'grip', 'life', 'room']"
6209,2023-11-11,filmmaking equipment,"['boom', 'dolly', 'lens', 'tripod']"
6210,2023-11-11,fun time,"['ball', 'blast', 'kick', 'riot']"
6211,2023-11-11,sparse/lacking,"['light', 'short', 'spare', 'thin']"
6212,2023-11-12,common prefixes,"['auto', 'post', 'semi', 'sub']"
6213,2023-11-12,car companies,"['bmw', 'honda', 'jaguar', 'subaru']"
6214,2023-11-12,sports professionals,"['coach', 'gm', 'player', 'scout']"
6215,2023-11-12,presidents,"['ford', 'grant', 'lincoln', 'wilson']"
6216,2023-11-13,things with leaves,"['book', 'table', 'tea', 'tree']"
6217,2023-11-13,funny person,"['card', 'clown', 'cutup', 'joker']"
6218,2023-11-13,trademark,"['feature', 'hallmark', 'stamp', 'trait']"
6219,2023-11-13,unit of language,"['letter', 'paragraph', 'sentence', 'word']"
6220,2023-11-14,___ ant,"['adam', 'carpenter', 'fire', 'red']"
6221,2023-11-14,obtain,"['get', 'land', 'secure', 'win']"
6222,2023-11-14,bit of vocal fanfare,"['behold', 'presto', 'tada', 'voila']"
6223,2023-11-14,basic emotions,"['anger', 'fear', 'happiness', 'surprise']"
6224,2023-11-15,homophones,"['oui', 'we', 'wee', 'wii']"
6225,2023-11-15,“yes” in different languages,"['hai', 'ja', 'si', 'da']"
6226,2023-11-15,magazines,"['o', 'ok', 'us', 'w']"
6227,2023-11-15,“gross!”,"['ew', 'ick', 'pu', 'ugh']"
6228,2023-11-16,great ___,"['dane', 'lake', 'seal', 'white']"
6229,2023-11-16,single/plural animals,"['buffalo', 'deer', 'fish', 'moose']"
6230,2023-11-16,helm,"['direct', 'guide', 'lead', 'steer']"
6231,2023-11-16,balderdash,"['bull', 'hogwash', 'nonsense', 'rot']"
6232,2023-11-17,elizabeths (and one elisabeth),"['banks', 'moss', 'taylor', 'warren']"
6233,2023-11-17,"m.l.b. teams, for short","['cards', 'jays', 'nats', 'yanks']"
6234,2023-11-17,email sign-offs,"['best', 'cheers', 'regards', 'thanks']"
6235,2023-11-17,bodyweight exercises,"['dips', 'lunges', 'planks', 'squats']"
6236,2023-11-18,homophones,"['peak', 'peek', 'peke', 'pique']"
6237,2023-11-18,parts of a mountain,"['cliff', 'crag', 'ledge', 'ridge']"
6238,2023-11-18,deceit,"['act', 'bluff', 'charade', 'front']"
6239,2023-11-18,quick peek,"['gander', 'glance', 'glimpse', 'look']"
6240,2023-11-19,___ day holidays,"['earth', 'groundhog', 'labor', 'may']"
6241,2023-11-19,walk,"['march', 'step', 'stride', 'tread']"
6242,2023-11-19,venerable,"['august', 'grand', 'noble', 'regal']"
6243,2023-11-19,onset,"['birth', 'creation', 'dawn', 'start']"
6244,2023-11-20,imitate,"['ape', 'mime', 'mirror', 'parrot']"
6245,2023-11-20,chutney varieties,"['mango', 'mint', 'tamarind', 'tomato']"
6246,2023-11-20,primates,"['baboon', 'bonobo', 'gibbon', 'gorilla']"
6247,2023-11-20,religious figures,"['cardinal', 'lama', 'monk', 'pastor']"
6248,2023-11-21,things that suck,"['leech', 'straw', 'vacuum', 'vampire']"
6249,2023-11-21,dance moves,"['floss', 'robot', 'vogue', 'worm']"
6250,2023-11-21,fashionable,"['chic', 'hip', 'hot', 'in']"
6251,2023-11-21,types of teeth,"['canine', 'fang', 'molar', 'tusk']"
6252,2023-11-22,“c” + bird,"['chen', 'clark', 'cowl', 'craven']"
6253,2023-11-22,featured in “snow white”,"['apple', 'bashful', 'mirror', 'queen']"
6254,2023-11-22,eat voraciously,"['gorge', 'gulp', 'scarf', 'wolf']"
6255,2023-11-22,areas between mountains and hills,"['canyon', 'gulch', 'pass', 'ravine']"
6256,2023-11-23,n.b.a. greats,"['bird', 'curry', 'james', 'jordan']"
6257,2023-11-23,countries with red and white flags,"['japan', 'poland', 'tunisia', 'turkey']"
6258,2023-11-23,ending in a silent “t”,"['bouquet', 'parfait', 'ragout', 'rapport']"
6259,2023-11-23,foods with crusts,"['pasty', 'pie', 'tart', 'turnover']"
6260,2023-11-24,___ pad,"['bachelor', 'lily', 'maxi', 'mouse']"
6261,2023-11-24,car brands,"['fiat', 'jaguar', 'mini', 'ram']"
6262,2023-11-24,reality shows,"['alone', 'catfish', 'chopped', 'survivor']"
6263,2023-11-24,criticize,"['knock', 'pan', 'roast', 'slam']"
6264,2023-11-25,reads the same rotated 180°,"['96', 'mow', 'noon', 'sis']"
6265,2023-11-25,bodies of water,"['canal', 'channel', 'sound', 'strait']"
6266,2023-11-25,aggregate size,"['amount', 'number', 'quantity', 'volume']"
6267,2023-11-25,secluded,"['hidden', 'private', 'remote', 'secret']"
6268,2023-11-26,___ league,"['ivy', 'justice', 'little', 'premier']"
6269,2023-11-26,financial terms,"['capital', 'equity', 'interest', 'stock']"
6270,2023-11-26,blender buttons,"['chop', 'grind', 'pulse', 'puree']"
6271,2023-11-26,municipalities,"['city', 'county', 'town', 'village']"
6272,2023-11-27,things that are “sticky”,"['glue', 'gum', 'tape', 'stick']"
6273,2023-11-27,mojito ingredients,"['lime', 'mint', 'rum', 'soda']"
6274,2023-11-27,whole amount,"['count', 'gross', 'sum', 'total']"
6275,2023-11-27,carry a tune,"['hum', 'sing', 'scat', 'whistle']"
6276,2023-11-28,bean ___,"['bag', 'counter', 'dip', 'sprout']"
6277,2023-11-28,fill to excess,"['cram', 'jam', 'pack', 'stuff']"
6278,2023-11-28,land surrounded by water,"['atoll', 'bar', 'island', 'key']"
6279,2023-11-28,rooms in a house,"['bedroom', 'den', 'kitchen', 'study']"
6280,2023-11-29,baddie,"['dog', 'heel', 'jerk', 'snake']"
6281,2023-11-29,dog commands,"['come', 'down', 'sit', 'stay']"
6282,2023-11-29,musical instruments,"['bass', 'harp', 'horn', 'organ']"
6283,2023-11-29,foot parts,"['arch', 'ball', 'sole', 'toe']"
6284,2023-11-30,___ cheese,"['cottage', 'cream', 'say', 'string']"
6285,2023-11-30,sidekicks,"['goose', 'hobbes', 'robin', 'watson']"
6286,2023-11-30,hitchcock movies,"['birds', 'notorious', 'rebecca', 'rope']"
6287,2023-11-30,avoid,"['dodge', 'duck', 'escape', 'skirt']"
6288,2023-12-01,kinds of wrenches,"['allen', 'crescent', 'monkey', 'socket']"
6289,2023-12-01,portion of profit,"['cut', 'piece', 'share', 'take']"
6290,2023-12-01,ways to remove hair,"['shave', 'thread', 'tweeze', 'wax']"
6291,2023-12-01,places to shop,"['mall', 'market', 'outlet', 'store']"
6292,2023-12-02,___ jam,"['nba', 'paper', 'pearl', 'traffic']"
6293,2023-12-02,restrict,"['cap', 'check', 'curb', 'limit']"
6294,2023-12-02,circular shapes,"['band', 'circle', 'hoop', 'ring']"
6295,2023-12-02,containers,"['basket', 'bin', 'chest', 'hamper']"
6296,2023-12-03,"excite, with “up”","['amp', 'fire', 'hype', 'pump']"
6297,2023-12-03,connect,"['couple', 'hitch', 'link', 'tie']"
6298,2023-12-03,related to sound/hearing,"['acoustic', 'auditory', 'heard', 'sonic']"
6299,2023-12-03,monthly bills,"['cable', 'electric', 'gas', 'water']"
6300,2023-12-04,head of ___,"['hair', 'lettuce', 'state', 'steam']"
6301,2023-12-04,small imperfection,"['chip', 'mark', 'nick', 'scratch']"
6302,2023-12-04,"assure, as a win","['clinch', 'guarantee', 'lock', 'secure']"
6303,2023-12-04,unit of bread,"['baguette', 'bun', 'loaf', 'roll']"
6304,2023-12-05,___ crane,"['construction', 'frasier', 'paper', 'whooping']"
6305,2023-12-05,tv shows with happy-sounding names,"['cheers', 'euphoria', 'felicity', 'glee']"
6306,2023-12-05,bookstore sections,"['fiction', 'humor', 'poetry', 'travel']"
6307,2023-12-05,enormous,"['big', 'giant', 'great', 'huge']"
6308,2023-12-06,zodiac sign beginnings,"['can', 'gem', 'lib', 'tau']"
6309,2023-12-06,record labels,"['capitol', 'columbia', 'virgin', 'island']"
6310,2023-12-06,zodiac symbols,"['bull', 'crab', 'scales', 'twins']"
6311,2023-12-06,found on sheet music,"['clef', 'note', 'rest', 'staff']"
6312,2023-12-07,___-___,"['boo', 'pom', 'tom', 'yo']"
6313,2023-12-07,in the nato alphabet,"['alfa', 'bravo', 'romeo', 'tango']"
6314,2023-12-07,cable channels,"['bet', 'e', 'hallmark', 'usa']"
6315,2023-12-07,state abbreviations,"['hi', 'la', 'ma', 'ok']"
6316,2023-12-08,superhero last names,"['banner', 'prince', 'stark', 'wayne']"
6317,2023-12-08,express,"['air', 'speak', 'state', 'voice']"
6318,2023-12-08,absolute,"['pure', 'sheer', 'total', 'utter']"
6319,2023-12-08,decline,"['ebb', 'fade', 'flag', 'wane']"
6320,2023-12-09,sticky ___,"['fingers', 'note', 'rice', 'wicket']"
6321,2023-12-09,kinds of cooking oil,"['corn', 'olive', 'palm', 'peanut']"
6322,2023-12-09,hardware fasteners,"['bolt', 'nail', 'rivet', 'screw']"
6323,2023-12-09,ice cream treats,"['float', 'shake', 'split', 'sundae']"
6324,2023-12-10,jump into the air,"['bound', 'leap', 'spring', 'vault']"
6325,2023-12-10,wrap around in a circle,"['coil', 'spiral', 'twist', 'wind']"
6326,2023-12-10,something easy to do,"['breeze', 'cinch', 'picnic', 'snap']"
6327,2023-12-10,parts of a river,"['bank', 'bed', 'delta', 'mouth']"
6328,2023-12-11,things that are delivered,"['baby', 'blow', 'package', 'speech']"
6329,2023-12-11,shoe parts,"['eyelet', 'lace', 'sole', 'tongue']"
6330,2023-12-11,come down to rest,"['perch', 'roost', 'settle', 'land']"
6331,2023-12-11,luxurious fabrics,"['chiffon', 'satin', 'silk', 'velvet']"
6332,2023-12-12,___land countries,"['ice', 'ire', 'fin', 'nether']"
6333,2023-12-12,pinball machine components,"['ball', 'bumper', 'flipper', 'plunger']"
6334,2023-12-12,follow,"['shadow', 'tail', 'track', 'trail']"
6335,2023-12-12,murky condition,"['cloud', 'fog', 'haze', 'mist']"
6336,2023-12-13,”-ough” words that don’t rhyme,"['bough', 'cough', 'dough', 'tough']"
6337,2023-12-13,indecent,"['bawdy', 'blue', 'coarse', 'risque']"
6338,2023-12-13,“i give!”,"['enough', 'mercy', 'stop', 'uncle']"
6339,2023-12-13,golf course parts,"['bunker', 'fairway', 'green', 'rough']"
6340,2023-12-14,silver ___,"['fox', 'lining', 'screen', 'spoon']"
6341,2023-12-14,separate,"['divide', 'fork', 'part', 'split']"
6342,2023-12-14,sports venues,"['arena', 'bowl', 'dome', 'field']"
6343,2023-12-14,pester,"['badger', 'bug', 'hound', 'nag']"
6344,2023-12-15,swindler,"['cheat', 'crook', 'quack', 'shark']"
6345,2023-12-15,national symbols,"['anthem', 'flag', 'motto', 'seal']"
6346,2023-12-15,get low,"['crouch', 'duck', 'squat', 'stoop']"
6347,2023-12-15,curmudgeon,"['crab', 'crank', 'grouch', 'grump']"
6348,2023-12-16,onomatopoeia,"['bang', 'plop', 'splash', 'thud']"
6349,2023-12-16,make happy,"['amuse', 'delight', 'please', 'tickle']"
6350,2023-12-16,scheme,"['plot', 'ploy', 'ruse', 'trick']"
6351,2023-12-16,farm tools,"['hoe', 'plow', 'rake', 'sickle']"
6352,2023-12-17,funny ___,"['bone', 'business', 'girl', 'pages']"
6353,2023-12-17,used to build a snowman,"['carrot', 'coal', 'snow', 'sticks']"
6354,2023-12-17,"boldness, figuratively","['gall', 'guts', 'nerve', 'stones']"
6355,2023-12-17,reserve for later,"['bank', 'save', 'stash', 'store']"
6356,2023-12-18,___ hour,"['amateur', 'eleventh', 'happy', 'rush']"
6357,2023-12-18,avenues in n.y.c.,"['broadway', 'fifth', 'madison', 'park']"
6358,2023-12-18,primary,"['chief', 'first', 'main', 'principal']"
6359,2023-12-18,brief moment,"['flash', 'jiffy', 'second', 'wink']"
6360,2023-12-19,two letters + number,"['canine', 'freight', 'often', 'stone']"
6361,2023-12-19,attraction,"['appeal', 'charm', 'draw', 'pull']"
6362,2023-12-19,comedian’s output,"['bit', 'joke', 'routine', 'sketch']"
6363,2023-12-19,accessories,"['belt', 'bracelet', 'tie', 'watch']"
6364,2023-12-20,cartoon mice,"['itchy', 'jerry', 'pinky', 'speedy']"
6365,2023-12-20,wee,"['dinky', 'little', 'minute', 'slight']"
6366,2023-12-20,book sections,"['appendix', 'chapter', 'index', 'preface']"
6367,2023-12-20,contact via phone,"['buzz', 'call', 'dial', 'ring']"
6368,2023-12-21,___ valley,"['death', 'hidden', 'silicon', 'uncanny']"
6369,2023-12-21,what “i” might mean,"['iodine', 'iota', 'myself', 'one']"
6370,2023-12-21,shepherd,"['direct', 'guide', 'lead', 'steer']"
6371,2023-12-21,seen in a laundry room,"['dryer', 'hamper', 'iron', 'washer']"
6372,2023-12-22,animal homophones,"['dear', 'hair', 'hoarse', 'wail']"
6373,2023-12-22,interval of time,"['period', 'spell', 'stretch', 'while']"
6374,2023-12-22,bee creations,"['comb', 'hive', 'honey', 'wax']"
6375,2023-12-22,classic halloween costumes,"['angel', 'clown', 'pirate', 'witch']"
6376,2023-12-23,___berry,"['blue', 'goose', 'rasp', 'straw']"
6377,2023-12-23,"little bit, in a recipe","['dash', 'drop', 'pinch', 'splash']"
6378,2023-12-23,willing to participate,"['down', 'game', 'in', 'on board']"
6379,2023-12-23,means of transportation,"['boat', 'car', 'plane', 'train']"
6380,2023-12-24,things to blow on for wishes/luck,"['candle', 'dandelion', 'dice', 'eyelash']"
6381,2023-12-24,statue of liberty features,"['crown', 'robe', 'tablet', 'torch']"
6382,2023-12-24,cuts of pork,"['belly', 'chop', 'hock', 'shoulder']"
6383,2023-12-24,gentle,"['light', 'mellow', 'mild', 'soft']"
6384,2023-12-25,secret ___,"['agent', 'code', 'santa', 'sauce']"
6385,2023-12-25,oomph,"['energy', 'fire', 'juice', 'zip']"
6386,2023-12-25,basic geometric objects,"['line', 'point', 'ray', 'segment']"
6387,2023-12-25,darling,"['baby', 'boo', 'dear', 'love']"
6388,2023-12-26,things you can do to your nose,"['blow', 'hold', 'pick', 'thumb']"
6389,2023-12-26,restrain,"['check', 'curb', 'limit', 'stem']"
6390,2023-12-26,paper in a book,"['folio', 'leaf', 'page', 'sheet']"
6391,2023-12-26,road names,"['alley', 'drive', 'lane', 'street']"
6392,2023-12-27,___ pepper,"['bell', 'black', 'dr', 'ghost']"
6393,2023-12-27,art mediums,"['charcoal', 'ink', 'paint', 'pastel']"
6394,2023-12-27,name prefixes,"['gen', 'ms', 'prof', 'rev']"
6395,2023-12-27,indication of things to come,"['message', 'omen', 'sign', 'warning']"
6396,2023-12-28,jazz legends,"['hancock', 'holiday', 'monk', 'parker']"
6397,2023-12-28,birds,"['cardinal', 'jay', 'lark', 'swift']"
6398,2023-12-28,move quickly,"['bolt', 'dart', 'dash', 'zip']"
6399,2023-12-28,parts of a car,"['bumper', 'hood', 'tire', 'trunk']"
6400,2023-12-29,___ george,"['boy', 'by', 'curious', 'saint']"
6401,2023-12-29,letter spellings,"['bee', 'ex', 'gee', 'jay']"
6402,2023-12-29,"cool, in ’80s slang","['bad', 'fly', 'fresh', 'rad']"
6403,2023-12-29,shirts,"['crop', 'polo', 'tank', 'tee']"
6404,2023-12-30,___ trap,"['bear', 'sand', 'speed', 'tourist']"
6405,2023-12-30,heteronyms,"['bass', 'dove', 'desert', 'wind']"
6406,2023-12-30,sequence,"['chain', 'series', 'string', 'train']"
6407,2023-12-30,black-and-white animals,"['orca', 'panda', 'skunk', 'zebra']"
6408,2023-12-31,happy new year!,"['ball', 'countdown', 'fireworks', 'kiss']"
6409,2023-12-31,places in france,"['champagne', 'dijon', 'nice', 'tours']"
6410,2023-12-31,"sharpness, as of an image","['clarity', 'definition', 'detail', 'resolution']"
6411,2023-12-31,organization,"['club', 'group', 'party', 'team']"
6412,2024-01-01,w + vowel sound,"['way', 'wee', 'why', 'whoa']"
6413,2024-01-01,"classic game shows, familiarly","['feud', 'millionaire', 'pyramid', 'wheel']"
6414,2024-01-01,kinds of salads,"['caesar', 'greek', 'green', 'wedge']"
6415,2024-01-01,gardening nouns/verbs,"['plant', 'seed', 'water', 'weed']"
6416,2024-01-02,small ___,"['fry', 'talk', 'wonder', 'world']"
6417,2024-01-02,baseball stats,"['double', 'hit', 'run', 'walk']"
6418,2024-01-02,obstruct,"['block', 'clog', 'jam', 'stop']"
6419,2024-01-02,b.l.t. ingredients,"['bread', 'bacon', 'lettuce', 'tomato']"
6420,2024-01-03,rappers minus first letter,"['40', 'cole', 'pain', 'tip']"
6421,2024-01-03,"select, as a box on a form","['check', 'mark', 'tick', 'x']"
6422,2024-01-03,hidden listening devices,"['bug', 'mike', 'tap', 'wire']"
6423,2024-01-03,move through the air,"['float', 'fly', 'glide', 'soar']"
6424,2024-01-04,lucky ___,"['break', 'charm', 'duck', 'strike']"
6425,2024-01-04,"cool, in slang","['fire', 'lit', 'sick', 'tight']"
6426,2024-01-04,dating app actions,"['block', 'match', 'message', 'swipe']"
6427,2024-01-04,gift-giving accessories,"['bow', 'box', 'card', 'wrapping']"
6428,2024-01-05,what “x” might mean,"['adult', 'kiss', 'ten', 'times']"
6429,2024-01-05,words for specific quantities,"['dozen', 'gross', 'pair', 'score']"
6430,2024-01-05,apex,"['height', 'max', 'peak', 'top']"
6431,2024-01-05,playfully bother,"['josh', 'kid', 'rib', 'tease']"
6432,2024-01-06,___ ball,"['crystal', 'disco', 'foul', 'gutter']"
6433,2024-01-06,things to pick,"['afro', 'bone', 'fight', 'lock']"
6434,2024-01-06,move back and forth,"['rock', 'sway', 'swing', 'wave']"
6435,2024-01-06,strong smell,"['funk', 'musk', 'odor', 'tang']"
6436,2024-01-07,___ tooth,"['baby', 'eye', 'sweet', 'wisdom']"
6437,2024-01-07,something exemplary,"['beauty', 'gem', 'marvel', 'peach']"
6438,2024-01-07,kinds of exams,"['bar', 'final', 'oral', 'physical']"
6439,2024-01-07,tech companies,"['alphabet', 'amazon', 'apple', 'meta']"
6440,2024-01-08,shapes of capital greek letters,"['circle', 'horseshoe', 'pitchfork', 'triangle']"
6441,2024-01-08,seen on a golf course,"['cart', 'club', 'hole', 'tee']"
6442,2024-01-08,"long, skinny objects","['pole', 'rod', 'staff', 'stick']"
6443,2024-01-08,things that are orange,"['basketball', 'carrot', 'goldfish', 'pumpkin']"
6444,2024-01-09,titular fictional detectives,"['magnum', 'monk', 'shaft', 'tracy']"
6445,2024-01-09,things that make you sneeze,"['dust', 'pepper', 'pollen', 'smoke']"
6446,2024-01-09,"elements of cooking, per samin nosrat","['salt', 'fat', 'acid', 'heat']"
6447,2024-01-09,cleaning supplies,"['broom', 'mop', 'rag', 'sponge']"
6448,2024-01-10,ways to prepare cheese,"['crumble', 'melt', 'shred', 'slice']"
6449,2024-01-10,things seen at a casino,"['cards', 'chips', 'dice', 'slots']"
6450,2024-01-10,found around a fireplace,"['flue', 'grate', 'log', 'poker']"
6451,2024-01-10,bit of magic,"['charm', 'curse', 'hex', 'spell']"
6452,2024-01-11,___ pitch,"['elevator', 'fever', 'perfect', 'sales']"
6453,2024-01-11,“ph” words that also work with “f”,"['phat', 'phew', 'philly', 'phish']"
6454,2024-01-11,all-timer,"['great', 'hero', 'icon', 'legend']"
6455,2024-01-11,states of matter,"['gas', 'liquid', 'plasma', 'solid']"
6456,2024-01-12,color homophones,"['blew', 'choral', 'read', 'rows']"
6457,2024-01-12,"parts of a car, informally","['dash', 'shock', 'tank', 'wheel']"
6458,2024-01-12,section of one’s life,"['chapter', 'period', 'phase', 'stage']"
6459,2024-01-12,topic of discussion,"['issue', 'matter', 'point', 'subject']"
6460,2024-01-13,postpone,"['hold', 'punt', 'stall', 'table']"
6461,2024-01-13,american football positions,"['center', 'end', 'safety', 'tackle']"
6462,2024-01-13,preside over,"['chair', 'direct', 'lead', 'run']"
6463,2024-01-13,credentials for entry,"['badge', 'invite', 'pass', 'ticket']"
6464,2024-01-14,"legwear, in the singular","['jean', 'pant', 'short', 'tight']"
6465,2024-01-14,male animals,"['buck', 'bull', 'jack', 'tom']"
6466,2024-01-14,thieve,"['pinch', 'rob', 'steal', 'swipe']"
6467,2024-01-14,things to pay,"['bill', 'check', 'invoice', 'tab']"
6468,2024-01-15,pea ___,"['coat', 'green', 'pod', 'soup']"
6469,2024-01-15,medicine formats,"['capsule', 'cream', 'syrup', 'tablet']"
6470,2024-01-15,protective barrier,"['buffer', 'cushion', 'pad', 'shield']"
6471,2024-01-15,list of candidates,"['ballot', 'roster', 'slate', 'ticket']"
6472,2024-01-16,words spelled with an upside-down calculator,"['boob', 'eggshell', 'giggle', 'hello']"
6473,2024-01-16,tilt to one side,"['cant', 'lean', 'list', 'slope']"
6474,2024-01-16,inside info,"['dope', 'scoop', 'skinny', 'word']"
6475,2024-01-16,deceive,"['con', 'dupe', 'fool', 'trick']"
6476,2024-01-17,radio hall of fame members,"['glass', 'gross', 'king', 'stern']"
6477,2024-01-17,adjective intensifiers,"['awful', 'pretty', 'rather', 'real']"
6478,2024-01-17,chemistry terms,"['base', 'bond', 'element', 'solution']"
6479,2024-01-17,data set data,"['mean', 'median', 'mode', 'range']"
6480,2024-01-18,___ letter,"['chain', 'cover', 'love', 'scarlet']"
6481,2024-01-18,colors in brazil’s flag,"['blue', 'green', 'white', 'yellow']"
6482,2024-01-18,foremost,"['main', 'paramount', 'prime', 'supreme']"
6483,2024-01-18,show off,"['grandstand', 'peacock', 'posture', 'strut']"
6484,2024-01-19,words in tongue twisters,"['fuzzy', 'peppers', 'seashells', 'woodchuck']"
6485,2024-01-19,“phooey!”,"['curses', 'darn', 'rats', 'shoot']"
6486,2024-01-19,leave high and dry,"['desert', 'ditch', 'maroon', 'strand']"
6487,2024-01-19,sundae toppings,"['cherry', 'fudge', 'nuts', 'sprinkles']"
6488,2024-01-20,baby ___,"['boom', 'carrot', 'shower', 'talk']"
6489,2024-01-20,kinds of dance,"['modern', 'salsa', 'swing', 'tap']"
6490,2024-01-20,move with speed,"['blaze', 'fly', 'race', 'tear']"
6491,2024-01-20,decline,"['dip', 'drop', 'fall', 'sink']"
6492,2024-01-21,units of vegetables,"['bulb', 'ear', 'head', 'stalk']"
6493,2024-01-21,parts of an airplane,"['cabin', 'engine', 'nose', 'wing']"
6494,2024-01-21,things made of wax,"['candle', 'crayon', 'honeycomb', 'seal']"
6495,2024-01-21,rip off,"['fleece', 'hose', 'rob', 'stiff']"
6496,2024-01-22,___ year,"['gap', 'leap', 'light', 'school']"
6497,2024-01-22,rubber stamp words,"['approved', 'paid', 'urgent', 'void']"
6498,2024-01-22,dental terms,"['cavity', 'crown', 'filling', 'plaque']"
6499,2024-01-22,symbolic rods,"['baton', 'scepter', 'staff', 'wand']"
6500,2024-01-23,pass the ___,"['bar', 'buck', 'time', 'torch']"
6501,2024-01-23,symbols above numbers on a keyboard,"['at', 'dollar', 'percent', 'pound']"
6502,2024-01-23,excellent,"['fine', 'prime', 'quality', 'sterling']"
6503,2024-01-23,bring into being,"['coin', 'create', 'devise', 'invent']"
6504,2024-01-24,words pronounced differently with accent marks,"['expose', 'pate', 'resume', 'rose']"
6505,2024-01-24,familial nicknames,"['dada', 'grammy', 'mum', 'poppy']"
6506,2024-01-24,parts of the eye,"['cone', 'iris', 'lens', 'pupil']"
6507,2024-01-24,smartphone features beginning with “c”,"['calculator', 'calendar', 'camera', 'clock']"
6508,2024-01-25,words beginning with body parts,"['handsome', 'hippo', 'legend', 'lipid']"
6509,2024-01-25,"impose, as a penalty","['assess', 'charge', 'fine', 'levy']"
6510,2024-01-25,pictograph,"['character', 'glyph', 'icon', 'symbol']"
6511,2024-01-25,of-the-moment,"['big', 'hot', 'in', 'popular']"
6512,2024-01-26,___ bunny,"['bad', 'bugs', 'dust', 'honey']"
6513,2024-01-26,original monopoly tokens,"['boot', 'iron', 'thimble', 'top hat']"
6514,2024-01-26,hard hit,"['blow', 'lick', 'sock', 'strike']"
6515,2024-01-26,baseball equipment,"['ball', 'base', 'bat', 'glove']"
6516,2024-01-27,silent “w”,"['answer', 'two', 'wrist', 'wrong']"
6517,2024-01-27,sought after in “the wizard of oz”,"['brain', 'courage', 'heart', 'home']"
6518,2024-01-27,look after,"['guard', 'mind', 'tend', 'watch']"
6519,2024-01-27,hurt,"['ache', 'burn', 'smart', 'sting']"
6520,2024-01-28,inside a scrabble box,"['bag', 'board', 'racks', 'tiles']"
6521,2024-01-28,modifiers meaning “small”,"['baby', 'mini', 'pocket', 'toy']"
6522,2024-01-28,“can i get your ___?” (phone info request),"['cell', 'contact', 'digits', 'number']"
6523,2024-01-28,highest point,"['crest', 'peak', 'summit', 'vertex']"
6524,2024-01-29,words with “fruit”,"['bread', 'dragon', 'jack', 'passion']"
6525,2024-01-29,tennis scores,"['ad', 'all', 'deuce', 'love']"
6526,2024-01-29,romantic twosome,"['couple', 'item', 'pair', 'thing']"
6527,2024-01-29,do some marketing,"['pitch', 'plug', 'promote', 'push']"
6528,2024-01-30,power-ups in super mario world,"['feather', 'flower', 'mushroom', 'star']"
6529,2024-01-30,crescent-shaped things,"['banana', 'croissant', 'moon', 'sickle']"
6530,2024-01-30,newspaper names,"['chronicle', 'herald', 'register', 'sun']"
6531,2024-01-30,hit hard,"['bang', 'hammer', 'pound', 'slam']"
6532,2024-01-31,___ pit,"['barbecue', 'orchestra', 'snake', 'tar']"
6533,2024-01-31,rhymes,"['choir', 'fire', 'liar', 'fryer']"
6534,2024-01-31,booked for a wedding,"['band', 'caterer', 'florist', 'officiant']"
6535,2024-01-31,merriment,"['cheer', 'glee', 'festivity', 'mirth']"
6536,2024-02-01,wrinkly things,"['brain', 'prune', 'pug', 'walnut']"
6537,2024-02-01,enthusiast,"['buff', 'fan', 'lover', 'nut']"
6538,2024-02-01,muscular,"['built', 'jacked', 'ripped', 'swole']"
6539,2024-02-01,make shorter,"['clip', 'cut', 'pare', 'trim']"
6540,2024-02-02,___wood,"['dog', 'drift', 'holly', 'sandal']"
6541,2024-02-02,homophones,"['holey', 'holi', 'holy', 'wholly']"
6542,2024-02-02,features of a belt,"['buckle', 'hole', 'loop', 'strap']"
6543,2024-02-02,time off,"['break', 'holiday', 'leave', 'recess']"
6544,2024-02-03,colors minus their first letters,"['ink', 'lack', 'old', 'range']"
6545,2024-02-03,classic dog names,"['fluffy', 'rex', 'rover', 'spot']"
6546,2024-02-03,farm fixtures,"['coop', 'pen', 'stable', 'sty']"
6547,2024-02-03,commercial organization,"['agency', 'company', 'enterprise', 'firm']"
6548,2024-02-04,martini specifications,"['dirty', 'dry', 'twist', 'up']"
6549,2024-02-04,comedian’s performance,"['act', 'bit', 'routine', 'set']"
6550,2024-02-04,unexciting,"['boring', 'dull', 'mundane', 'vanilla']"
6551,2024-02-04,drinks with caffeine,"['cocoa', 'coffee', 'mate', 'tea']"
6552,2024-02-05,city homophones,"['deli', 'niece', 'roam', 'soul']"
6553,2024-02-05,rock & roll hall of fame inductees,"['heart', 'madonna', 'prince', 'queen']"
6554,2024-02-05,ecclesiastical titles,"['bishop', 'cardinal', 'pastor', 'prior']"
6555,2024-02-05,"""give me a break!""","['brother', 'lord', 'please', 'sheesh']"
6556,2024-02-06,what “o” might mean,"['hug', 'of', 'oxygen', 'zero']"
6557,2024-02-06,kinds of blond,"['dirty', 'honey', 'platinum', 'strawberry']"
6558,2024-02-06,euphemisms for flatulence,"['gas', 'stinker', 'toot', 'wind']"
6559,2024-02-06,"ostentatious, as an outfit","['bright', 'flashy', 'garish', 'loud']"
6560,2024-02-07,fancy ___,"['feast', 'free', 'pants', 'that']"
6561,2024-02-07,boxing maneuvers,"['bob', 'cross', 'hook', 'weave']"
6562,2024-02-07,basic two-dimensional shapes,"['circle', 'diamond', 'square', 'triangle']"
6563,2024-02-07,sea creatures,"['crab', 'ray', 'sponge', 'squid']"
6564,2024-02-08,classic tattoos,"['anchor', 'dragon', 'heart', 'rose']"
6565,2024-02-08,wallop,"['belt', 'clock', 'deck', 'slug']"
6566,2024-02-08,card games,"['bridge', 'gin', 'spit', 'war']"
6567,2024-02-08,archery equipment,"['arrow', 'bow', 'quiver', 'target']"
6568,2024-02-09,number anagrams,"['eon', 'ether', 'net', 'tow']"
6569,2024-02-09,things you can draw,"['bath', 'card', 'curtain', 'picture']"
6570,2024-02-09,broadcast,"['air', 'run', 'screen', 'show']"
6571,2024-02-09,music player buttons,"['rewind', 'shuffle', 'skip', 'stop']"
6572,2024-02-10,___fly,"['butter', 'dragon', 'fire', 'horse']"
6573,2024-02-10,yoga poses,"['cat', 'cow', 'mountain', 'triangle']"
6574,2024-02-10,cram into a tight space,"['jam', 'pack', 'squeeze', 'stuff']"
6575,2024-02-10,stool pigeon,"['canary', 'fink', 'rat', 'snitch']"
6576,2024-02-11,prefixes with -cracy,"['auto', 'bureau', 'demo', 'pluto']"
6577,2024-02-11,captains,"['america', 'hook', 'morgan', 'nemo']"
6578,2024-02-11,boats,"['barge', 'dory', 'scow', 'sloop']"
6579,2024-02-11,monotonous sounds,"['buzz', 'drone', 'hum', 'purr']"
6580,2024-02-12,movies minus numbers,"['apollo', 'candles', 'fantastic', 'samurai']"
6581,2024-02-12,seen in “aladdin”,"['genie', 'monkey', 'parrot', 'princess']"
6582,2024-02-12,costumes with striped shirts,"['mime', 'prisoner', 'referee', 'sailor']"
6583,2024-02-12,bad things for a video call to do,"['drop', 'echo', 'freeze', 'lag']"
6584,2024-02-13,go ___,"['bananas', 'figure', 'fish', 'steady']"
6585,2024-02-13,grocery store aisles,"['dairy', 'frozen', 'produce', 'snack']"
6586,2024-02-13,spherical foods,"['jawbreaker', 'meatball', 'mozzarella', 'orange']"
6587,2024-02-13,"encourage, with ""on""","['egg', 'goad', 'spur', 'urge']"
6588,2024-02-14,bear ___,"['claw', 'fruit', 'hug', 'witness']"
6589,2024-02-14,sauces in chinese cuisine,"['oyster', 'plum', 'soy', 'xo']"
6590,2024-02-14,kinds of numbers,"['odd', 'perfect', 'prime', 'whole']"
6591,2024-02-14,touch lightly,"['brush', 'graze', 'kiss', 'skim']"
6592,2024-02-15,britpop bands,"['blur', 'oasis', 'pulp', 'suede']"
6593,2024-02-15,oven buttons,"['bake', 'broil', 'light', 'timer']"
6594,2024-02-15,where you might find sand,"['beach', 'desert', 'hourglass', 'playground']"
6595,2024-02-15,follow attentively,"['monitor', 'survey', 'track', 'watch']"
6596,2024-02-16,things that can strike,"['cobra', 'inspiration', 'lightning', 'union']"
6597,2024-02-16,programming languages,"['basic', 'java', 'python', 'ruby']"
6598,2024-02-16,things made with feathers,"['boa', 'headdress', 'pillow', 'shuttlecock']"
6599,2024-02-16,comfy shoes,"['croc', 'loafer', 'moccasin', 'slipper']"
6600,2024-02-17,___ circus,"['family', 'flea', 'flying', 'media']"
6601,2024-02-17,noun suffixes,"['dom', 'ion', 'ness', 'ship']"
6602,2024-02-17,media attention,"['coverage', 'exposure', 'press', 'publicity']"
6603,2024-02-17,bit of hair,"['curl', 'lock', 'ringlet', 'tress']"
6604,2024-02-18,___cast,"['broad', 'fore', 'pod', 'type']"
6605,2024-02-18,ingredients in minestrone,"['beans', 'pasta', 'stock', 'vegetables']"
6606,2024-02-18,pursue,"['hunt', 'track', 'trail', 'stalk']"
6607,2024-02-18,eat a little,"['graze', 'nibble', 'peck', 'snack']"
6608,2024-02-19,parts of a door,"['frame', 'handle', 'hinge', 'lock']"
6609,2024-02-19,workshop tools,"['drill', 'grinder', 'router', 'saw']"
6610,2024-02-19,mess up,"['blow', 'bumble', 'fluff', 'spoil']"
6611,2024-02-19,used in building a fire,"['kindling', 'log', 'match', 'tinder']"
6612,2024-02-20,vegetable homophones,"['beat', 'charred', 'leak', 'pee']"
6613,2024-02-20,bit of liquid,"['bead', 'drop', 'glob', 'tear']"
6614,2024-02-20,musical sections,"['brass', 'rhythm', 'string', 'wind']"
6615,2024-02-20,party pooper,"['bore', 'drag', 'drip', 'dud']"
6616,2024-02-21,school of ___,"['fish', 'hard knocks', 'rock', 'thought']"
6617,2024-02-21,they have keys,"['computer', 'piano', 'super', 'tests']"
6618,2024-02-21,tony winners for best musical,"['annie', 'cabaret', 'cats', 'company']"
6619,2024-02-21,pesters,"['badgers', 'bugs', 'hounds', 'nags']"
6620,2024-02-22,colors with their first letters changed,"['clue', 'frown', 'mellow', 'preen']"
6621,2024-02-22,origin,"['cradle', 'font', 'root', 'source']"
6622,2024-02-22,department,"['arm', 'branch', 'chapter', 'wing']"
6623,2024-02-22,dog sounds,"['bark', 'growl', 'howl', 'whine']"
6624,2024-02-23,things with spines,"['book', 'cactus', 'hedgehog', 'skeleton']"
6625,2024-02-23,what “blue” might mean,"['democratic', 'erotic', 'noble', 'sad']"
6626,2024-02-23,shades of green,"['olive', 'forest', 'lime', 'mint']"
6627,2024-02-23,procession,"['caravan', 'fleet', 'parade', 'train']"
6628,2024-02-24,weights in boxing,"['feather', 'heavy', 'light', 'middle']"
6629,2024-02-24,parts of fruit you might not eat,"['core', 'rind', 'seed', 'stem']"
6630,2024-02-24,win + letter,"['wind', 'wine', 'wing', 'wink']"
6631,2024-02-24,manufacturing locations,"['factory', 'mill', 'plant', 'shop']"
6632,2024-02-25,words beginning with instruments,"['bassinet', 'cellophane', 'harpoon', 'organism']"
6633,2024-02-25,fencing equipment,"['foil', 'glove', 'jacket', 'mask']"
6634,2024-02-25,flexible,"['elastic', 'limber', 'plastic', 'supple']"
6635,2024-02-25,walk heavily,"['lumber', 'plod', 'stomp', 'trudge']"
6636,2024-02-26,"art movements, with -ism","['expression', 'manner', 'romantic', 'surreal']"
6637,2024-02-26,ilk,"['kind', 'sort', 'type', 'variety']"
6638,2024-02-26,"stand up to, as a challenge","['brave', 'confront', 'face', 'meet']"
6639,2024-02-26,basic tastes,"['bitter', 'salty', 'sour', 'sweet']"
6640,2024-02-27,___ ladder,"['corporate', 'rope', 'salmon', 'word']"
6641,2024-02-27,kinds of crackers,"['animal', 'goldfish', 'oyster', 'ritz']"
6642,2024-02-27,gymnastics positions,"['pike', 'split', 'straddle', 'tuck']"
6643,2024-02-27,'80s fashion trends,"['headband', 'mullet', 'neon', 'spandex']"
6644,2024-02-28,double ___,"['date', 'dutch', 'jeopardy', 'space']"
6645,2024-02-28,kinds of heels,"['cuban', 'kitten', 'stiletto', 'wedge']"
6646,2024-02-28,track and field equipment,"['hammer', 'hurdle', 'javelin', 'pole']"
6647,2024-02-28,"cheeses, familiarly","['american', 'blue', 'jack', 'swiss']"
6648,2024-02-29,animals backward,"['drib', 'flow', 'reed', 'tang']"
6649,2024-02-29,period,"['age', 'day', 'era', 'time']"
6650,2024-02-29,place to store valuables,"['chest', 'coffer', 'safe', 'vault']"
6651,2024-02-29,propel into the air,"['hop', 'jump', 'leap', 'spring']"
6652,2024-03-01,___ bat,"['baseball', 'cricket', 'fruit', 'vampire']"
6653,2024-03-01,disneyland lands,"['adventure', 'fantasy', 'frontier', 'tomorrow']"
6654,2024-03-01,wager,"['bet', 'gamble', 'risk', 'stake']"
6655,2024-03-01,garlic bread ingredients,"['bread', 'butter', 'garlic', 'parsley']"
6656,2024-03-02,what “k” might mean,"['kelvin', 'okay', 'potassium', 'thousand']"
6657,2024-03-02,express indirectly,"['couch', 'imply', 'intimate', 'suggest']"
6658,2024-03-02,units in poetry,"['foot', 'line', 'meter', 'verse']"
6659,2024-03-02,intelligence operative,"['agent', 'asset', 'mole', 'sleeper']"
6660,2024-03-03,belly ___,"['button', 'dance', 'flop', 'laugh']"
6661,2024-03-03,ways to get attention,"['shout', 'snap', 'wave', 'whistle']"
6662,2024-03-03,fall in under pressure,"['buckle', 'cave', 'collapse', 'give']"
6663,2024-03-03,large amount,"['mass', 'sea', 'slew', 'ton']"
6664,2024-03-04,what a mole can be,"['animal', 'birthmark', 'spy', 'unit']"
6665,2024-03-04,seen during easter,"['bunny', 'egg', 'jelly bean', 'peep']"
6666,2024-03-04,colleague,"['associate', 'fellow', 'partner', 'peer']"
6667,2024-03-04,rooms in the game clue,"['hall', 'library', 'lounge', 'study']"
6668,2024-03-05,living ___,"['large', 'legend', 'proof', 'room']"
6669,2024-03-05,"unlikely, as chances","['outside', 'remote', 'slim', 'small']"
6670,2024-03-05,method,"['channel', 'means', 'medium', 'vehicle']"
6671,2024-03-05,pop megastars,"['grande', 'mars', 'styles', 'swift']"
6672,2024-03-06,words ending in clothing,"['foxglove', 'gumshoe', 'turncoat', 'windsock']"
6673,2024-03-06,things a juggler juggles,"['beanbag', 'club', 'ring', 'torch']"
6674,2024-03-06,legal terms,"['action', 'claim', 'complaint', 'lawsuit']"
6675,2024-03-06,parts of an airport,"['hangar', 'runway', 'tarmac', 'terminal']"
6676,2024-03-07,___ dream,"['american', 'fever', 'lucid', 'pipe']"
6677,2024-03-07,associated with “stub”,"['cigarette', 'pencil', 'ticket', 'toe']"
6678,2024-03-07,rid of contents,"['clear', 'drain', 'empty', 'flush']"
6679,2024-03-07,shared,"['collective', 'common', 'joint', 'mutual']"
6680,2024-03-08,birds minus last letter,"['condo', 'haw', 'hero', 'loo']"
6681,2024-03-08,sharp quality,"['bite', 'edge', 'punch', 'spice']"
6682,2024-03-08,ways to preserve food,"['can', 'cure', 'dry', 'freeze']"
6683,2024-03-08,things to sew,"['dart', 'hem', 'pleat', 'seam']"
6684,2024-03-09,space ___,"['bar', 'cadet', 'heater', 'station']"
6685,2024-03-09,universal,"['blanket', 'broad', 'general', 'sweeping']"
6686,2024-03-09,areas of academic focus,"['concentration', 'degree', 'major', 'minor']"
6687,2024-03-09,eat voraciously,"['down', 'inhale', 'scarf', 'wolf']"
6688,2024-03-10,experience a memory lapse,"['blank', 'flake', 'forget', 'space']"
6689,2024-03-10,mac keyboard keys,"['command', 'control', 'option', 'shift']"
6690,2024-03-10,conceal,"['block', 'cover', 'hide', 'obscure']"
6691,2024-03-10,things a dog can fetch,"['ball', 'bone', 'frisbee', 'stick']"
6692,2024-03-11,cat’s ___,"['cradle', 'eye', 'meow', 'pajamas']"
6693,2024-03-11,things in a spa locker room,"['robe', 'slippers', 'towel', 'washcloth']"
6694,2024-03-11,backside,"['booty', 'bum', 'can', 'rear']"
6695,2024-03-11,treat with excessive care,"['baby', 'mother', 'pamper', 'spoil']"
6696,2024-03-12,famous poems,"['daddy', 'harlem', 'howl', 'if']"
6697,2024-03-12,"dog breeds, informally","['boston', 'golden', 'lab', 'pit']"
6698,2024-03-12,including,"['and', 'also', 'plus', 'with']"
6699,2024-03-12,section,"['class', 'division', 'rank', 'tier']"
6700,2024-03-13,gemstone cuts,"['baguette', 'emerald', 'princess', 'radiant']"
6701,2024-03-13,food slang for head,"['bean', 'melon', 'noodle', 'nut']"
6702,2024-03-13,plants with similar flavors,"['anise', 'fennel', 'licorice', 'tarragon']"
6703,2024-03-13,halloween purchases,"['candy', 'costume', 'decorations', 'pumpkin']"
6704,2024-03-14,___-o,"['daddy', 'day', 'jackie', 'jell']"
6705,2024-03-14,homophones of greek letters,"['moo', 'new', 'pie', 'row']"
6706,2024-03-14,volleyball moves,"['bump', 'serve', 'set', 'spike']"
6707,2024-03-14,box office victory,"['hit', 'smash', 'success', 'winner']"
6708,2024-03-15,play ___,"['date', 'dead', 'dirty', 'doh']"
6709,2024-03-15,alibi,"['defense', 'excuse', 'out', 'reason']"
6710,2024-03-15,“my mistake!”,"['apologies', 'oops', 'pardon', 'sorry']"
6711,2024-03-15,criticize,"['blast', 'knock', 'slam', 'trash']"
6712,2024-03-16,notable tv episodes,"['finale', 'pilot', 'premiere', 'special']"
6713,2024-03-16,"examine, as an applicant","['check', 'review', 'screen', 'vet']"
6714,2024-03-16,airline classes,"['business', 'coach', 'first', 'premium']"
6715,2024-03-16,get smaller,"['contract', 'lessen', 'reduce', 'shrink']"
6716,2024-03-17,words after “deep”,"['cut', 'fake', 'freeze', 'six']"
6717,2024-03-17,things that might stink,"['cheese', 'feet', 'garbage', 'skunk']"
6718,2024-03-17,move forward,"['advance', 'march', 'progress', 'push']"
6719,2024-03-17,foolishness,"['absurdity', 'folly', 'madness', 'nonsense']"
6720,2024-03-18,associated with “one”,"['cyclops', 'monologue', 'solitaire', 'unicycle']"
6721,2024-03-18,spirals in nature,"['cyclone', 'galaxy', 'snail', 'sunflower']"
6722,2024-03-18,constellations,"['cygnus', 'gemini', 'orion', 'pegasus']"
6723,2024-03-18,segment of a process,"['cycle', 'phase', 'round', 'stage']"
6724,2024-03-19,second ___,"['fiddle', 'guess', 'nature', 'wind']"
6725,2024-03-19,famous guitarists,"['berry', 'king', 'page', 'waters']"
6726,2024-03-19,pretense,"['affect', 'airs', 'charade', 'front']"
6727,2024-03-19,movie summary info,"['cast', 'genre', 'plot', 'title']"
6728,2024-03-20,starting with rock bands,"['creamsicle', 'journeyman', 'kisscam', 'rushmore']"
6729,2024-03-20,italian demonyms,"['bolognese', 'neapolitan', 'parmesan', 'venetian']"
6730,2024-03-20,camera brands,"['fujifilm', 'hasselblad', 'olympus', 'polaroid']"
6731,2024-03-20,seen at a sports stadium,"['astroturf', 'jumbotron', 'scoreboard', 'skybox']"
6732,2024-03-21,starts of planet names,"['ear', 'mar', 'mer', 'sat']"
6733,2024-03-21,palindromes,"['bib', 'eye', 'gag', 'pop']"
6734,2024-03-21,female animals,"['cow', 'doe', 'ewe', 'hen']"
6735,2024-03-21,"chat, informally","['gab', 'jaw', 'yak', 'yap']"
6736,2024-03-22,things you can set,"['mood', 'record', 'table', 'volleyball']"
6737,2024-03-22,olympic sports,"['breaking', 'hockey', 'skeleton', 'trampoline']"
6738,2024-03-22,apply pressure to,"['crush', 'mash', 'press', 'squash']"
6739,2024-03-22,jumping animals,"['cricket', 'frog', 'hare', 'kangaroo']"
6740,2024-03-23,seen in a passport,"['name', 'photo', 'stamp', 'visa']"
6741,2024-03-23,pursue,"['chase', 'tail', 'track', 'shadow']"
6742,2024-03-23,become aware of,"['discover', 'find', 'learn', 'realize']"
6743,2024-03-23,kudos,"['credit', 'glory', 'praise', 'props']"
6744,2024-03-24,___ wheel,"['cheese', 'color', 'hamster', 'prayer']"
6745,2024-03-24,decisive victory,"['blowout', 'romp', 'rout', 'sweep']"
6746,2024-03-24,fail to attend,"['cut', 'ditch', 'miss', 'skip']"
6747,2024-03-24,yellow-brown shades,"['beige', 'camel', 'khaki', 'tan']"
6748,2024-03-25,tele___,"['commute', 'medicine', 'prompter', 'vision']"
6749,2024-03-25,n.b.a. team player,"['clipper', 'pacer', 'rocket', 'spur']"
6750,2024-03-25,"""step on it!""","['faster', 'go', 'hurry', 'move']"
6751,2024-03-25,how fast something is going,"['clip', 'pace', 'rate', 'speed']"
6752,2024-03-26,solar emanations,"['corona', 'flare', 'light', 'radiation']"
6753,2024-03-26,bring up,"['foster', 'nurse', 'raise', 'rear']"
6754,2024-03-26,plant growths,"['bloom', 'bud', 'shoot', 'sprout']"
6755,2024-03-26,musical instruments,"['bass', 'bassoon', 'harp', 'recorder']"
6756,2024-03-27,___ chip,"['blue', 'computer', 'poker', 'potato']"
6757,2024-03-27,games of chance,"['bingo', 'lottery', 'roulette', 'war']"
6758,2024-03-27,quarrel,"['fight', 'row', 'scrap', 'tiff']"
6759,2024-03-27,update for accuracy,"['amend', 'correct', 'fix', 'revise']"
6760,2024-03-28,things with slots,"['atm', 'casino', 'schedule', 'spatula']"
6761,2024-03-28,kinds of whales,"['blue', 'fin', 'gray', 'right']"
6762,2024-03-28,one flying an airplane,"['ace', 'aviator', 'flier', 'pilot']"
6763,2024-03-28,exited,"['departed', 'left', 'split', 'went']"
6764,2024-03-29,"body parts plus ""y""","['army', 'colony', 'livery', 'shiny']"
6765,2024-03-29,kinds of blue,"['baby', 'navy', 'sky', 'tiffany']"
6766,2024-03-29,disney characters,"['daisy', 'goofy', 'happy', 'lady']"
6767,2024-03-29,especially,"['mighty', 'pretty', 'really', 'very']"
6768,2024-03-30,things in “my favorite things”,"['kettles', 'mittens', 'raindrops', 'whiskers']"
6769,2024-03-30,predicaments,"['binds', 'jams', 'pickles', 'spots']"
6770,2024-03-30,"preserves, as meat","['cans', 'cures', 'salts', 'smokes']"
6771,2024-03-30,breathes heavily,"['gasps', 'huffs', 'pants', 'puffs']"
6772,2024-03-31,___ bear,"['boo-boo', 'brown', 'honey', 'teddy']"
6773,2024-03-31,things that are cinched in the middle,"['corset', 'diabolo', 'hourglass', 'wasp']"
6774,2024-03-31,kinds of water,"['mineral', 'spring', 'still', 'tap']"
6775,2024-03-31,take a tumble,"['fall', 'slip', 'spill', 'trip']"
6776,2024-04-01,letter homophones,"['🐝', '🐑', '👁️', '🫖']"
6777,2024-04-01,horror movies,"['👽', '🧛', '🪚', '😱']"
6778,2024-04-01,words that rhyme,"['🧠', '✈️', '🌧️', '🚂']"
6779,2024-04-01,food slang for money,"['🥓', '🍞', '🥬', '🧀']"
6780,2024-04-02,pasta shapes,"['bowtie', 'elbow', 'tube', 'wheel']"
6781,2024-04-02,seen in “cinderella”,"['ball', 'prince', 'pumpkin', 'slipper']"
6782,2024-04-02,kinds of snakes,"['adder', 'boa', 'mamba', 'moccasin']"
6783,2024-04-02,thrust,"['jab', 'poke', 'prod', 'stick']"
6784,2024-04-03,starts of u.s. states,"['kent', 'mary', 'mass', 'wash']"
6785,2024-04-03,skin types,"['combination', 'dry', 'normal', 'oily']"
6786,2024-04-03,poker actions,"['bet', 'call', 'check', 'fold']"
6787,2024-04-03,benchmark,"['benchmark', 'gauge', 'standard', 'yardstick']"
6788,2024-04-04,___ wrap,"['body', 'bubble', 'gift', 'shrink']"
6789,2024-04-04,thrown in target games,"['axe', 'dart', 'horseshoe', 'ring']"
6790,2024-04-04,exhilaration,"['buzz', 'kick', 'rush', 'thrill']"
6791,2024-04-04,ways to prepare eggs,"['boil', 'fry', 'poach', 'scramble']"
6792,2024-04-05,starting with metals,"['goldilocks', 'ironic', 'leadership', 'tinder']"
6793,2024-04-05,wine tasting descriptors,"['balanced', 'dry', 'full', 'sweet']"
6794,2024-04-05,"carry, as a feeling","['bear', 'harbor', 'hold', 'maintain']"
6795,2024-04-05,pieces of furniture,"['bed', 'chair', 'couch', 'table']"
6796,2024-04-06,horse___,"['fly', 'power', 'radish', 'shoe']"
6797,2024-04-06,collection,"['array', 'battery', 'set', 'series']"
6798,2024-04-06,summer gear,"['hat', 'shorts', 'sunglasses', 'tee']"
6799,2024-04-06,intrinsic motivators,"['desire', 'drive', 'resolve', 'will']"
6800,2024-04-07,___ horse,"['charley', 'crazy', 'dark', 'gift']"
6801,2024-04-07,found in cracker jacks,"['caramel', 'peanuts', 'popcorn', 'prize']"
6802,2024-04-07,sturdy,"['firm', 'solid', 'sound', 'stable']"
6803,2024-04-07,disorderly place,"['dump', 'mess', 'pigpen', 'sty']"
6804,2024-04-08,accessories for mr. peanut,"['cane', 'monocle', 'spat', 'top hat']"
6805,2024-04-08,slang for zero,"['jack', 'love', 'squat', 'zip']"
6806,2024-04-08,dispute,"['clash', 'scrap', 'tangle', 'tiff']"
6807,2024-04-08,brief moment,"['flash', 'heartbeat', 'jiff', 'wink']"
6808,2024-04-09,words before “drum”,"['ear', 'kettle', 'oil', 'steel']"
6809,2024-04-09,heraldry terms,"['arms', 'coat', 'crest', 'shield']"
6810,2024-04-09,hair tools,"['brush', 'comb', 'dryer', 'iron']"
6811,2024-04-09,breadth,"['extent', 'range', 'reach', 'scope']"
6812,2024-04-10,second words in tarantino movies,"['brown', 'dogs', 'fiction', 'unchained']"
6813,2024-04-10,words before “nut”,"['chest', 'coco', 'hazel', 'pea']"
6814,2024-04-10,grassy area,"['field', 'green', 'grounds', 'lawn']"
6815,2024-04-10,person in charge,"['chair', 'chief', 'director', 'head']"
6816,2024-04-11,fast food mascots,"['clown', 'colonel', 'king', 'mermaid']"
6817,2024-04-11,water and gas conduits,"['channel', 'line', 'main', 'pipe']"
6818,2024-04-11,measuring instruments,"['compass', 'ruler', 'scale', 'watch']"
6819,2024-04-11,"haircuts, with “cut”","['bowl', 'buzz', 'crew', 'pixie']"
6820,2024-04-12,items in classic kids’ games,"['domino', 'jack', 'marble', 'stick']"
6821,2024-04-12,become larger,"['balloon', 'mushroom', 'snowball', 'swell']"
6822,2024-04-12,augmentative prefixes,"['hyper', 'super', 'uber', 'ultra']"
6823,2024-04-12,orderly,"['clean', 'neat', 'tidy', 'trim']"
6824,2024-04-13,“i’m a ___” (lyrics in “the joker”),"['joker', 'lover', 'sinner', 'smoker']"
6825,2024-04-13,film departments,"['hair', 'makeup', 'props', 'wardrobe']"
6826,2024-04-13,“the wizard of oz” figures,"['lion', 'scarecrow', 'witch', 'wizard']"
6827,2024-04-13,seen at the circus,"['clown', 'ring', 'tent', 'trapeze']"
6828,2024-04-14,beginning with day abbreviations,"['friar', 'monkey', 'sundry', 'wedding']"
6829,2024-04-14,u.s.-based airlines,"['american', 'frontier', 'spirit', 'united']"
6830,2024-04-14,bit of repetitive training,"['drill', 'exercise', 'practice', 'routine']"
6831,2024-04-14,pull using force,"['rip', 'tear', 'wrench', 'yank']"
6832,2024-04-15,___ effect,"['butterfly', 'domino', 'placebo', 'side']"
6833,2024-04-15,superficial,"['cosmetic', 'external', 'shallow', 'surface']"
6834,2024-04-15,things babies do,"['babble', 'coo', 'crawl', 'nurse']"
6835,2024-04-15,invent as you go,"['ad-lib', 'freestyle', 'improv', 'make up']"
6836,2024-04-16,theater sections,"['balcony', 'box', 'orchestra', 'stage']"
6837,2024-04-16,on the same plane,"['even', 'flat', 'flush', 'level']"
6838,2024-04-16,bit of journalism,"['article', 'feature', 'report', 'story']"
6839,2024-04-16,flabbergast,"['floor', 'rock', 'shock', 'surprise']"
6840,2024-04-17,gathered by spies,"['dirt', 'information', 'intelligence', 'secrets']"
6841,2024-04-17,allotment,"['interest', 'percentage', 'share', 'stake']"
6842,2024-04-17,"heed, as rules","['follow', 'mind', 'observe', 'regard']"
6843,2024-04-17,upright support,"['column', 'pillar', 'pole', 'post']"
6844,2024-04-18,golden ___,"['fleece', 'girls', 'parachute', 'rule']"
6845,2024-04-18,unit abbreviations,"['cal', 'gal', 'in', 'oz']"
6846,2024-04-18,have in mind,"['aim', 'intend', 'mean', 'plan']"
6847,2024-04-18,sidewalk sights,"['curb', 'grate', 'gutter', 'manhole']"
6848,2024-04-19,a-___,"['list', 'ok', 'plus', 'rod']"
6849,2024-04-19,diamond qualities,"['carat', 'clarity', 'color', 'cut']"
6850,2024-04-19,published lines,"['copy', 'text', 'words', 'writing']"
6851,2024-04-19,attach with adhesive,"['adhere', 'glue', 'paste', 'stick']"
6852,2024-04-20,types of knots,"['bend', 'bowline', 'hitch', 'sheepshank']"
6853,2024-04-20,parts of a devil costume,"['goatee', 'horns', 'pitchfork', 'tail']"
6854,2024-04-20,track and field equipment,"['baton', 'hammer', 'hurdle', 'pole']"
6855,2024-04-20,balderdash,"['bunk', 'crock', 'hogwash', 'horsefeathers']"
6856,2024-04-21,ear___,"['drum', 'mark', 'wax', 'wig']"
6857,2024-04-21,starting with the same sound,"['cymbal', 'scimitar', 'simmer', 'symphony']"
6858,2024-04-21,related to trains,"['car', 'conductor', 'station', 'track']"
6859,2024-04-21,embodiment,"['example', 'ideal', 'model', 'symbol']"
6860,2024-04-22,collection of money,"['fund', 'kitty', 'pool', 'pot']"
6861,2024-04-22,stubble,"['fuzz', 'scruff', 'shadow', 'whiskers']"
6862,2024-04-22,adjectives for a basement,"['cold', 'dank', 'dark', 'musty']"
6863,2024-04-22,slang for friend,"['bud', 'chum', 'mate', 'pal']"
6864,2024-04-23,tom hanks movies,"['big', 'philadelphia', 'splash', 'sully']"
6865,2024-04-23,seas,"['baltic', 'black', 'philippine', 'red']"
6866,2024-04-23,terra firma,"['earth', 'ground', 'land', 'soil']"
6867,2024-04-23,throw out,"['boot', 'bounce', 'eject', 'toss']"
6868,2024-04-24,words with “hill”,"['capitol', 'faith', 'foot', 'mole']"
6869,2024-04-24,kinds of skirts,"['mini', 'pencil', 'poodle', 'wrap']"
6870,2024-04-24,metric prefixes,"['kilo', 'mega', 'micro', 'pico']"
6871,2024-04-24,taco toppings,"['cilantro', 'lime', 'onion', 'salsa']"
6872,2024-04-25,___ language,"['body', 'love', 'romance', 'sign']"
6873,2024-04-25,spreadsheet terms,"['cell', 'formula', 'sheet', 'sort']"
6874,2024-04-25,nexus,"['center', 'heart', 'hub', 'nucleus']"
6875,2024-04-25,lab equipment,"['beaker', 'dropper', 'goggles', 'microscope']"
6876,2024-04-26,numbers with first letters replaced by “s”,"['sen', 'sight', 'sine', 'sour']"
6877,2024-04-26,emotionally sway,"['affect', 'impact', 'move', 'touch']"
6878,2024-04-26,catch some rays,"['bake', 'bask', 'sun', 'tan']"
6879,2024-04-26,refined sensibility,"['elegance', 'grace', 'style', 'taste']"
6880,2024-04-27,name homophones,"['curt', 'hairy', 'kneel', 'wane']"
6881,2024-04-27,summary,"['abstract', 'brief', 'digest', 'outline']"
6882,2024-04-27,power issues,"['outage', 'short', 'spike', 'surge']"
6883,2024-04-27,trust as real,"['accept', 'believe', 'buy', 'swallow']"
6884,2024-04-28,___ mary,"['bloody', 'hail', 'proud', 'virgin']"
6885,2024-04-28,analog tv interference,"['fuzz', 'noise', 'snow', 'static']"
6886,2024-04-28,bang into,"['bump', 'butt', 'knock', 'ram']"
6887,2024-04-28,"passionate, as a feeling","['deep', 'extreme', 'fierce', 'intense']"
6888,2024-04-29,___ bee,"['busy', 'honey', 'queen', 'spelling']"
6889,2024-04-29,leaders who received the nobel peace prize,"['carter', 'gore', 'king', 'tutu']"
6890,2024-04-29,featured in westerns,"['bounty', 'cowboy', 'duel', 'saloon']"
6891,2024-04-29,exercises,"['bridge', 'crunch', 'dip', 'squat']"
6892,2024-04-30,what “stock” might mean,"['ancestry', 'broth', 'cattle', 'merchandise']"
6893,2024-04-30,transaction record,"['bill', 'invoice', 'receipt', 'statement']"
6894,2024-04-30,interrogate,"['examine', 'grill', 'probe', 'question']"
6895,2024-04-30,dipping sauces,"['aioli', 'barbecue', 'marinara', 'ranch']"
6896,2024-05-01,member of a ’60s band,"['animal', 'door', 'kink', 'supreme']"
6897,2024-05-01,web browser menus,"['file', 'history', 'view', 'window']"
6898,2024-05-01,"objects in 0-, 1-, 2- and 3-dimensional space","['line', 'plane', 'point', 'solid']"
6899,2024-05-01,features on a pair of jeans,"['button', 'fly', 'pocket', 'rivet']"
6900,2024-05-02,words starting with music genres,"['popcorn', 'rapture', 'rocketry', 'soulmate']"
6901,2024-05-02,joaquin phoenix movies,"['gladiator', 'her', 'joker', 'signs']"
6902,2024-05-02,used to fix a flat,"['chock', 'jack', 'tire', 'wrench']"
6903,2024-05-02,highly skilled,"['ace', 'crackerjack', 'expert', 'hotshot']"
6904,2024-05-03,___ sale,"['bake', 'clearance', 'garage', 'sample']"
6905,2024-05-03,units of length,"['fathom', 'foot', 'league', 'yard']"
6906,2024-05-03,cast off,"['ditch', 'drop', 'lose', 'shed']"
6907,2024-05-03,nightspots,"['bar', 'club', 'disco', 'lounge']"
6908,2024-05-04,homophones of units of measure,"['carrot', 'hurts', 'jewel', 'om']"
6909,2024-05-04,components of a lock,"['cylinder', 'pin', 'spring', 'tumbler']"
6910,2024-05-04,filler words,"['like', 'literally', 'um', 'well']"
6911,2024-05-04,enjoy,"['fancy', 'love', 'relish', 'savor']"
6912,2024-05-05,starts of monsters,"['frank', 'mum', 'vamp', 'were']"
6913,2024-05-05,contribute to a movie,"['act', 'direct', 'produce', 'write']"
6914,2024-05-05,kinds of bagels,"['egg', 'everything', 'plain', 'poppy']"
6915,2024-05-05,something gained from hard work,"['benefit', 'fruit', 'return', 'reward']"
6916,2024-05-06,"tarot cards, with “the”","['fool', 'lovers', 'magician', 'tower']"
6917,2024-05-06,quantity words,"['few', 'many', 'several', 'some']"
6918,2024-05-06,nuisance,"['bother', 'handful', 'pain', 'pest']"
6919,2024-05-06,connect,"['couple', 'join', 'link', 'tie']"
6920,2024-05-07,round of ___,"['applause', 'drinks', 'funding', 'golf']"
6921,2024-05-07,keep rhythm with music,"['bob', 'clap', 'snap', 'tap']"
6922,2024-05-07,slang for mouth,"['chops', 'kisser', 'trap', 'yap']"
6923,2024-05-07,deli bread options,"['bun', 'hero', 'roll', 'wrap']"
6924,2024-05-08,___ bath,"['bird', 'bubble', 'mud', 'sponge']"
6925,2024-05-08,choicest,"['best', 'cream', 'pick', 'top']"
6926,2024-05-08,little bit of a beverage,"['drop', 'splash', 'spot', 'sprinkle']"
6927,2024-05-08,shades of red,"['brick', 'cherry', 'rose', 'ruby']"
6928,2024-05-09,trademarks of a platypus,"['bill', 'egg', 'fur', 'venom']"
6929,2024-05-09,regulate,"['check', 'contain', 'curb', 'limit']"
6930,2024-05-09,duration,"['period', 'spell', 'stretch', 'time']"
6931,2024-05-09,container closures,"['cap', 'cork', 'lid', 'tab']"
6932,2024-05-10,lead singers of ’70s rock bands,"['ferry', 'mercury', 'nicks', 'plant']"
6933,2024-05-10,things that spin,"['carousel', 'globe', 'record', 'top']"
6934,2024-05-10,accessories for dog walking,"['collar', 'halter', 'harness', 'lead']"
6935,2024-05-10,chutzpah,"['brass', 'cheek', 'gall', 'nerve']"
6936,2024-05-11,club ___,"['med', 'music', 'sandwich', 'soda']"
6937,2024-05-11,"satirical publications, familiarly","['cracked', 'lampoon', 'mad', 'onion']"
6938,2024-05-11,vampire vulnerabilities,"['cross', 'garlic', 'silver', 'sun']"
6939,2024-05-11,one with top billing,"['headliner', 'lead', 'principal', 'star']"
6940,2024-05-12,cocktails minus place names,"['libre', 'mama', 'mule', 'sling']"
6941,2024-05-12,acronyms,"['mia', 'omg', 'pin', 'ram']"
6942,2024-05-12,cuts of beef,"['chuck', 'flank', 'loin', 'round']"
6943,2024-05-12,playfully poke fun at,"['kid', 'needle', 'rib', 'tease']"
6944,2024-05-13,homophones of musicals,"['greece', 'hare', 'katz', 'maim']"
6945,2024-05-13,looney tunes figures,"['bunny', 'duck', 'martian', 'pig']"
6946,2024-05-13,playground verbs,"['dodge', 'hide', 'hop', 'tag']"
6947,2024-05-13,fashion designer's output,"['brand', 'collection', 'label', 'line']"
6948,2024-05-14,slim ___,"['fit', 'jim', 'pickings', 'shady']"
6949,2024-05-14,spanish pronouns,"['ella', 'me', 'sus', 'yo']"
6950,2024-05-14,enjoy a meal,"['dine', 'feast', 'feed', 'sup']"
6951,2024-05-14,early iteration,"['draft', 'outline', 'plan', 'sketch']"
6952,2024-05-15,car companies minus letter,"['aura', 'buck', 'doge', 'hoda']"
6953,2024-05-15,forthright,"['direct', 'frank', 'open', 'straight']"
6954,2024-05-15,grassland,"['meadow', 'plain', 'prairie', 'savanna']"
6955,2024-05-15,bit of legislation,"['act', 'bill', 'measure', 'resolution']"
6956,2024-05-16,___ blanket,"['picnic', 'security', 'throw', 'wet']"
6957,2024-05-16,move in an effortless way,"['breeze', 'coast', 'glide', 'sail']"
6958,2024-05-16,"assure, as a victory","['cinch', 'ice', 'lock', 'secure']"
6959,2024-05-16,photo,"['pic', 'shot', 'snap', 'still']"
6960,2024-05-17,beer ___,"['batter', 'can', 'garden', 'pong']"
6961,2024-05-17,classic still life components,"['fruit', 'pitcher', 'skull', 'tablecloth']"
6962,2024-05-17,reach out to,"['contact', 'message', 'ping', 'text']"
6963,2024-05-17,corrupt,"['base', 'dirty', 'low', 'vile']"
6964,2024-05-18,things with spring/s,"['clock', 'mattress', 'mousetrap', 'trampoline']"
6965,2024-05-18,classic party games,"['categories', 'charades', 'fishbowl', 'werewolf']"
6966,2024-05-18,sharp turns,"['dogleg', 'hairpin', 'switchback', 'zag']"
6967,2024-05-18,animals whose names are two animals,"['bulldog', 'catfish', 'horsefly', 'turtledove']"
6968,2024-05-19,fruit homophones,"['bury', 'current', 'leachy', 'pair']"
6969,2024-05-19,old-fashioned,"['square', 'straight', 'stuffy', 'traditional']"
6970,2024-05-19,cut into pieces,"['chop', 'cube', 'dice', 'mince']"
6971,2024-05-19,affluent,"['flush', 'loaded', 'rich', 'wealthy']"
6972,2024-05-20,action movie directors,"['bay', 'carpenter', 'scott', 'woo']"
6973,2024-05-20,classic superhero wear,"['cape', 'mask', 'tights', 'underwear']"
6974,2024-05-20,one being manipulated,"['instrument', 'pawn', 'puppet', 'tool']"
6975,2024-05-20,sorcerer’s output,"['charm', 'hex', 'magic', 'spell']"
6976,2024-05-21,___book (that’s not a book),"['face', 'mac', 'match', 'pocket']"
6977,2024-05-21,billiards equipment,"['ball', 'chalk', 'cue', 'rack']"
6978,2024-05-21,bargain,"['buy', 'deal', 'steal', 'value']"
6979,2024-05-21,smidgen,"['bit', 'dash', 'pinch', 'touch']"
6980,2024-05-22,“buzzy” things,"['bees', 'caffeine', 'gossip', 'intercoms']"
6981,2024-05-22,removes the covering of,"['pares', 'peels', 'shells', 'shucks']"
6982,2024-05-22,"car, informally","['auto', 'ride', 'wheels', 'whip']"
6983,2024-05-22,"body parts in “head, shoulders, knees and toes”","['head', 'knees', 'shoulders', 'toes']"
6984,2024-05-23,words beginning with greetings,"['heyday', 'hijinks', 'supper', 'yogurt']"
6985,2024-05-23,newspaper desks,"['city', 'copy', 'culture', 'sports']"
6986,2024-05-23,"finished, as time","['done', 'over', 'through', 'up']"
6987,2024-05-23,take advantage of,"['exploit', 'leverage', 'milk', 'use']"
6988,2024-05-24,___ change,"['chump', 'climate', 'loose', 'sea']"
6989,2024-05-24,things to crack,"['egg', 'knuckles', 'smile', 'window']"
6990,2024-05-24,food products associated with sentimentality,"['cheese', 'corn', 'sap', 'schmaltz']"
6991,2024-05-24,conduits for water removal,"['drain', 'duct', 'pipe', 'sewer']"
6992,2024-05-25,pronoun plus “e”,"['here', 'theme', 'use', 'wee']"
6993,2024-05-25,advocate for,"['back', 'champion', 'endorse', 'support']"
6994,2024-05-25,inaugural,"['first', 'initial', 'maiden', 'premier']"
6995,2024-05-25,advertising format,"['banner', 'billboard', 'poster', 'sign']"
6996,2024-05-26,words that sounds like plural letters,"['geez', 'seize', 'tease', 'wise']"
6997,2024-05-26,"deposit, with “down”","['lay', 'place', 'put', 'set']"
6998,2024-05-26,ornamental border,"['frill', 'fringe', 'ruffle', 'trim']"
6999,2024-05-26,found on a stove top,"['griddle', 'kettle', 'pan', 'pot']"
7000,2024-05-27,___ iron,"['pump', 'steam', 'tire', 'waffle']"
7001,2024-05-27,kinds of notes,"['flat', 'natural', 'quarter', 'whole']"
7002,2024-05-27,dog commands,"['down', 'heel', 'shake', 'speak']"
7003,2024-05-27,agency in decisionmaking,"['choice', 'say', 'voice', 'vote']"
7004,2024-05-28,adjectives for a candle,"['lit', 'scented', 'waxy', 'wicked']"
7005,2024-05-28,spelling bee ranks,"['amazing', 'beginner', 'genius', 'solid']"
7006,2024-05-28,anagrams,"['evil', 'live', 'veil', 'vile']"
7007,2024-05-28,amenable,"['easy', 'flexible', 'open', 'receptive']"
7008,2024-05-29,___ market,"['bull', 'flea', 'meat', 'stock']"
7009,2024-05-29,intimidate,"['bully', 'cow', 'daunt', 'rattle']"
7010,2024-05-29,pilot,"['direct', 'guide', 'lead', 'steer']"
7011,2024-05-29,food,"['chow', 'eats', 'fare', 'grub']"
7012,2024-05-30,___ pin,"['bobby', 'hair', 'push', 'safety']"
7013,2024-05-30,hairstyles,"['bob', 'crop', 'fade', 'shag']"
7014,2024-05-30,influence,"['clout', 'pull', 'sway', 'weight']"
7015,2024-05-30,plunder,"['loot', 'raid', 'rob', 'sack']"
7016,2024-05-31,things people shake,"['hands', 'maraca', 'polaroid', 'snowglobe']"
7017,2024-05-31,components of an lp,"['insert', 'jacket', 'record', 'sleeve']"
7018,2024-05-31,mount ___,"['fuji', 'hood', 'olympus', 'whitney']"
7019,2024-05-31,corpus,"['body', 'canon', 'oeuvre', 'works']"
7020,2024-06-01,philosopher homophones,"['lock', 'marks', 'pane', 'rustle']"
7021,2024-06-01,dumbbell exercises,"['curl', 'fly', 'press', 'row']"
7022,2024-06-01,ocean phenomena,"['current', 'drift', 'tide', 'wave']"
7023,2024-06-01,“don’t delay!”,"['hurry', 'now', 'pronto', 'stat']"
7024,2024-06-02,what “digs” might mean,"['apartment', 'insults', 'likes', 'shovels']"
7025,2024-06-02,u.s. cities,"['billings', 'buffalo', 'mobile', 'phoenix']"
7026,2024-06-02,company ownership offers,"['equity', 'options', 'shares', 'stocks']"
7027,2024-06-02,conformists,"['followers', 'lemmings', 'puppets', 'sheep']"
7028,2024-06-03,b-___,"['ball', 'movie', 'school', 'vitamin']"
7029,2024-06-03,things made of cells,"['honeycomb', 'organism', 'solar panel', 'spreadsheet']"
7030,2024-06-03,twist around,"['coil', 'spool', 'wind', 'wrap']"
7031,2024-06-03,"remove, as body hair","['laser', 'pluck', 'thread', 'wax']"
7032,2024-06-04,c-___,"['clef', 'section', 'span', 'suite']"
7033,2024-06-04,found on a ship,"['bridge', 'deck', 'hatch', 'keel']"
7034,2024-06-04,parts of a wizard costume,"['beard', 'hat', 'robe', 'staff']"
7035,2024-06-04,"take home, as income","['clear', 'earn', 'make', 'net']"
7036,2024-06-05,"fried appetizer, informally","['ring', 'stick', 'tender', 'wing']"
7037,2024-06-05,gist,"['drift', 'idea', 'message', 'point']"
7038,2024-06-05,variety,"['kind', 'sort', 'style', 'type']"
7039,2024-06-05,“awesome!”,"['cool', 'nice', 'sick', 'sweet']"
7040,2024-06-06,places with benches,"['courtroom', 'dugout', 'gym', 'park']"
7041,2024-06-06,hail size comparisons,"['baseball', 'grapefruit', 'marble', 'pea']"
7042,2024-06-06,uno cards,"['draw', 'reverse', 'skip', 'wild']"
7043,2024-06-06,move to action,"['drive', 'prompt', 'propel', 'push']"
7044,2024-06-07,verbs for a software engineer,"['code', 'develop', 'hack', 'program']"
7045,2024-06-07,"remove, as crumbs","['brush', 'flick', 'sweep', 'wipe']"
7046,2024-06-07,thin covering,"['coat', 'film', 'layer', 'skin']"
7047,2024-06-07,dream up,"['conceive', 'envision', 'imagine', 'picture']"
7048,2024-06-08,pretty ___,"['good', 'penny', 'please', 'woman']"
7049,2024-06-08,anagrams,"['pastel', 'petals', 'pleats', 'staple']"
7050,2024-06-08,document with video,"['film', 'record', 'shoot', 'tape']"
7051,2024-06-08,grab one’s attention,"['absorb', 'engross', 'hold', 'rivet']"
7052,2024-06-09,___ potato,"['baked', 'couch', 'hot', 'sweet']"
7053,2024-06-09,things with layers,"['cake', 'earth', 'onion', 'plywood']"
7054,2024-06-09,throw here and there,"['pepper', 'scatter', 'sprinkle', 'strew']"
7055,2024-06-09,feeling some type of way,"['bitter', 'salty', 'sore', 'upset']"
7056,2024-06-10,what “cross” might mean,"['angry', 'betray', 'crucifix', 'hybrid']"
7057,2024-06-10,symbols used in making lists,"['arrow', 'bullet', 'checkbox', 'hyphen']"
7058,2024-06-10,complicated,"['baroque', 'complex', 'elaborate', 'involved']"
7059,2024-06-10,core,"['crux', 'essence', 'heart', 'substance']"
7060,2024-06-11,settings on an appliance knob,"['hi', 'lo', 'med', 'off']"
7061,2024-06-11,music genres,"['dub', 'emo', 'pop', 'trap']"
7062,2024-06-11,"muscles, informally","['ab', 'pec', 'quad', 'tri']"
7063,2024-06-11,homophones,"['bi', 'buy', 'by', 'bye']"
7064,2024-06-12,starting with animals,"['beetlejuice', 'foxy brown', 'dogma', 'octopussy']"
7065,2024-06-12,ending in units of measurement,"['hedwig and the angry inch', 'my left foot', 'the green mile', 'the longest yard']"
7066,2024-06-12,rhyming titles,"['be kind rewind', 'e.t.', 'fright night', 'kill bill']"
7067,2024-06-12,places in new york city,"['chinatown', 'dumbo', 'manhattan', 'wall street']"
7068,2024-06-13,words after “copy”,"['cat', 'editor', 'paste', 'that']"
7069,2024-06-13,campaign swag,"['button', 'hat', 'shirt', 'sticker']"
7070,2024-06-13,blockbuster,"['hit', 'sensation', 'smash', 'success']"
7071,2024-06-13,enjoy,"['appreciate', 'dig', 'fancy', 'like']"
7072,2024-06-14,associated with #2,"['deputy', 'derek jeter', 'pencil', 'silver medal']"
7073,2024-06-14,nato phonetic alphabet,"['foxtrot', 'hotel', 'victor', 'yankee']"
7074,2024-06-14,things that are pink,"['bubble gum', 'carnation', 'eraser', 'flamingo']"
7075,2024-06-14,writing assignments,"['article', 'essay', 'paper', 'report']"
7076,2024-06-15,___ child,"['flower', 'only', 'poster', 'problem']"
7077,2024-06-15,qualities of thick hair,"['body', 'bounce', 'lift', 'volume']"
7078,2024-06-15,fish,"['perch', 'pike', 'skate', 'sole']"
7079,2024-06-15,basketball shots,"['dunk', 'floater', 'layup', 'three']"
7080,2024-06-16,___ tale,"['fairy', 'fish', 'folk', 'tall']"
7081,2024-06-16,classic lawn ornaments,"['flamingo', 'fountain', 'gnome', 'pinwheel']"
7082,2024-06-16,remote rural area,"['bush', 'country', 'sticks', 'woods']"
7083,2024-06-16,current situation,"['condition', 'form', 'shape', 'state']"
7084,2024-06-17,measured in degrees,"['angle', 'crime', 'education', 'temperature']"
7085,2024-06-17,predicament,"['corner', 'fix', 'hole', 'spot']"
7086,2024-06-17,kinds of lip makeup,"['balm', 'gloss', 'liner', 'stain']"
7087,2024-06-17,"deliver, as a package","['mail', 'post', 'send', 'ship']"
7088,2024-06-18,first word in bond movie titles,"['casino', 'diamonds', 'quantum', 'tomorrow']"
7089,2024-06-18,drink garnishes,"['cherry', 'olive', 'sword', 'umbrella']"
7090,2024-06-18,hide from view,"['block', 'cover', 'screen', 'shield']"
7091,2024-06-18,remote control buttons,"['channel', 'menu', 'power', 'volume']"
7092,2024-06-19,things read in divination,"['aura', 'palm', 'tarot', 'tea']"
7093,2024-06-19,multitude,"['drove', 'host', 'pack', 'sea']"
7094,2024-06-19,go out with,"['court', 'date', 'see', 'woo']"
7095,2024-06-19,positions in favor,"['aye', 'for', 'pro', 'yea']"
7096,2024-06-20,lightning ___,"['bolt', 'bug', 'rod', 'strike']"
7097,2024-06-20,hair salon fixtures,"['chair', 'dryer', 'mirror', 'sink']"
7098,2024-06-20,fishing gear,"['fly', 'hook', 'line', 'sinker']"
7099,2024-06-20,bits of hardware,"['nail', 'nut', 'screw', 'washer']"
7100,2024-06-21,beginning with synonyms for rear end,"['bumper-to-bumper', 'buttermilk', 'rumpelstiltskin', 'tailgate']"
7101,2024-06-21,types of come-from-behind stories,"['cinderella', 'david-and-goliath', 'rags-to-riches', 'underdog']"
7102,2024-06-21,approval,"['clearance', 'go-ahead', 'green light', 'thumbs-up']"
7103,2024-06-21,amusement park rides,"['ferris wheel', 'merry-go-round', 'roller coaster', 'tilt-a-whirl']"
7104,2024-06-22,words for sausage,"['brat', 'dog', 'frank', 'link']"
7105,2024-06-22,"horror movies, with “the”","['birds', 'fog', 'omen', 'ring']"
7106,2024-06-22,kinds of golf clubs,"['driver', 'iron', 'wedge', 'wood']"
7107,2024-06-22,one thing after another,"['chain', 'train', 'series', 'string']"
7108,2024-06-23,___ city nicknames,"['magic', 'motor', 'sin', 'windy']"
7109,2024-06-23,what humpback whales do,"['breach', 'dive', 'sing', 'spout']"
7110,2024-06-23,minor ailments,"['bug', 'chill', 'cold', 'cough']"
7111,2024-06-23,“settle down!”,"['easy', 'enough', 'relax', 'quiet']"
7112,2024-06-24,red ___,"['carpet', 'delicious', 'meat', 'tape']"
7113,2024-06-24,animal homophones,"['bare', 'dear', 'mousse', 'new']"
7114,2024-06-24,restaurant courses,"['dessert', 'main', 'side', 'starter']"
7115,2024-06-24,sore to the touch,"['delicate', 'raw', 'sensitive', 'tender']"
7116,2024-06-25,"key to success, so to speak","['formula', 'recipe', 'secret', 'ticket']"
7117,2024-06-25,silent “k”,"['doorknob', 'knife', 'topknot', 'unknown']"
7118,2024-06-25,divide,"['branch', 'fork', 'part', 'split']"
7119,2024-06-25,"divulge, as private information","['dish', 'spill', 'talk', 'tell']"
7120,2024-06-26,___ ad,"['attack', 'personal', 'pop-up', 'want']"
7121,2024-06-26,"consumer desire, collectively","['appetite', 'audience', 'demand', 'market']"
7122,2024-06-26,place to plug something in,"['jack', 'outlet', 'port', 'socket']"
7123,2024-06-26,army ranks,"['captain', 'general', 'major', 'private']"
7124,2024-06-27,gold ___,"['bond', 'leaf', 'mine', 'rush']"
7125,2024-06-27,group within a group,"['camp', 'party', 'side', 'wing']"
7126,2024-06-27,romantic letter sign-offs,"['always', 'kisses', 'love', 'yours']"
7127,2024-06-27,pursuit,"['chase', 'hunt', 'quest', 'search']"
7128,2024-06-28,underwear in the singular,"['boxer', 'brief', 'drawer', 'short']"
7129,2024-06-28,indication to proceed,"['cue', 'prompt', 'signal', 'word']"
7130,2024-06-28,wiggle room,"['freedom', 'latitude', 'license', 'slack']"
7131,2024-06-28,types of bags,"['clutch', 'messenger', 'satchel', 'tote']"
7132,2024-06-29,___flower,"['may', 'sun', 'wall', 'wild']"
7133,2024-06-29,placed down,"['laid', 'placed', 'put', 'sat']"
7134,2024-06-29,connect,"['couple', 'tie', 'unite', 'wed']"
7135,2024-06-29,homophones,"['to', 'too', 'tue', 'two']"
7136,2024-06-30,hot tub components,"['filter', 'heater', 'jet', 'pump']"
7137,2024-06-30,trees,"['ash', 'cherry', 'ebony', 'gum']"
7138,2024-06-30,grill fuel sources,"['charcoal', 'electric', 'gas', 'wood']"
7139,2024-06-30,old saying,"['adage', 'chestnut', 'maxim', 'saw']"
7140,2024-07-01,first words of canadian provinces/territories,"['british', 'northwest', 'nova', 'prince']"
7141,2024-07-01,seen on a u.s. dollar bill,"['eagle', 'pyramid', 'seal', 'washington']"
7142,2024-07-01,scheme,"['con', 'hustle', 'racket', 'sting']"
7143,2024-07-01,show the way,"['direct', 'guide', 'lead', 'usher']"
7144,2024-07-02,___ game,"['arcade', 'blame', 'numbers', 'squid']"
7145,2024-07-02,latin words,"['caveat', 'ergo', 'quid', 'vox']"
7146,2024-07-02,adjectives for assets,"['fixed', 'frozen', 'liquid', 'toxic']"
7147,2024-07-02,pack (away) for future use,"['squirrel', 'stash', 'store', 'stow']"
7148,2024-07-03,"things you can throw, in metaphors","['curveball', 'party', 'tantrum', 'wrench']"
7149,2024-07-03,kinds of cake,"['birthday', 'crumb', 'marble', 'pound']"
7150,2024-07-03,tangible,"['concrete', 'material', 'real', 'solid']"
7151,2024-07-03,"develop, as ideas","['brainstorm', 'ideate', 'spitball', 'workshop']"
7152,2024-07-04,words before “bell”,"['bar', 'dinner', 'liberty', 'tinker']"
7153,2024-07-04,single rotation,"['cycle', 'lap', 'turn', 'revolution']"
7154,2024-07-04,things stored by a web browser,"['cache', 'cookies', 'data', 'history']"
7155,2024-07-04,romantic rapport,"['attraction', 'chemistry', 'fireworks', 'sparks']"
7156,2024-07-05,words that precede “pop” in music genres,"['bubblegum', 'euro', 'k', 'power']"
7157,2024-07-05,characters in bond movies,"['bond', 'm', 'moneypenny', 'q']"
7158,2024-07-05,magazines,"['fortune', 'mad', 'nature', 'o']"
7159,2024-07-05,yearn,"['desire', 'long', 'pine', 'yen']"
7160,2024-07-06,___ tag,"['dog', 'freeze', 'phone', 'price']"
7161,2024-07-06,objects played as instruments,"['jug', 'saw', 'spoons', 'washboard']"
7162,2024-07-06,purchases for a baby,"['bottle', 'crib', 'mobile', 'rattle']"
7163,2024-07-06,biological building blocks,"['atom', 'cell', 'molecule', 'protein']"
7164,2024-07-07,mariah carey number one hits,"['fantasy', 'hero', 'honey', 'someday']"
7165,2024-07-07,slangy names for professions,"['copper', 'hack', 'shrink', 'suit']"
7166,2024-07-07,replacement,"['alternate', 'backup', 'cover', 'sub']"
7167,2024-07-07,change states of matter,"['condense', 'freeze', 'melt', 'vaporize']"
7168,2024-07-08,words ending in numbers,"['canine', 'freight', 'often', 'ozone']"
7169,2024-07-08,spend time at,"['frequent', 'haunt', 'patronize', 'visit']"
7170,2024-07-08,fortitude,"['grit', 'resolve', 'spirit', 'will']"
7171,2024-07-08,bit of advice,"['pointer', 'suggestion', 'tip', 'trick']"
7172,2024-07-09,words after “hedge”,"['fund', 'hog', 'maze', 'trimmer']"
7173,2024-07-09,tv shows minus “s”,"['cheer', 'friend', 'scrub', 'weed']"
7174,2024-07-09,mess of hair,"['mane', 'mop', 'shock', 'tangle']"
7175,2024-07-09,chronicle,"['journal', 'log', 'record', 'register']"
7176,2024-07-10,components of eyeglasses,"['bridge', 'lens', 'rim', 'temple']"
7177,2024-07-10,fish,"['bass', 'fluke', 'perch', 'pike']"
7178,2024-07-10,back talk,"['attitude', 'cheek', 'lip', 'sass']"
7179,2024-07-10,future likelihood,"['chance', 'forecast', 'outlook', 'prospect']"
7180,2024-07-11,light-up signs,"['applause', 'exit', 'recording', 'walk']"
7181,2024-07-11,transfer,"['give', 'hand', 'pass', 'send']"
7182,2024-07-11,fundamental,"['essential', 'key', 'principal', 'staple']"
7183,2024-07-11,school supplies,"['pen', 'ruler', 'scissors', 'tape']"
7184,2024-07-12,___ goose,"['grey', 'golden', 'mother', 'silly']"
7185,2024-07-12,associated with “dove”,"['chocolate', 'peace', 'pigeon', 'soap']"
7186,2024-07-12,roulette bets,"['black', 'even', 'odd', 'red']"
7187,2024-07-12,school facilities,"['auditorium', 'gym', 'lab', 'library']"
7188,2024-07-13,silent “t”,"['castle', 'hustle', 'listen', 'witch']"
7189,2024-07-13,come across as,"['appear', 'look', 'seem', 'sound']"
7190,2024-07-13,embodiment,"['avatar', 'character', 'figure', 'persona']"
7191,2024-07-13,enormous,"['giant', 'mammoth', 'monster', 'titanic']"
7192,2024-07-14,words before “nut”,"['brazil', 'butter', 'dough', 'pine']"
7193,2024-07-14,profession,"['business', 'field', 'line', 'trade']"
7194,2024-07-14,conditions for collectibles,"['fair', 'fine', 'good', 'mint']"
7195,2024-07-14,slender projections,"['point', 'prong', 'tine', 'tip']"
7196,2024-07-15,liquor bottle sizes,"['fifth', 'handle', 'liter', 'pint']"
7197,2024-07-15,ways to secure a tv,"['base', 'bracket', 'mount', 'stand']"
7198,2024-07-15,facade,"['bluff', 'front', 'sham', 'show']"
7199,2024-07-15,regard as true,"['accept', 'believe', 'buy', 'trust']"
7200,2024-07-16,peter ___,"['pan', 'parker', 'piper', 'rabbit']"
7201,2024-07-16,starts of broadway musicals,"['fiddler', 'jersey', 'kinky', 'merrily']"
7202,2024-07-16,experimental,"['exploratory', 'pilot', 'preliminary', 'trial']"
7203,2024-07-16,in a bad mood,"['cross', 'short', 'surly', 'testy']"
7204,2024-07-17,starts of u.s. presidents,"['bide', 'cart', 'nix', 'washing']"
7205,2024-07-17,animal group names,"['pack', 'pride', 'school', 'swarm']"
7206,2024-07-17,hinder,"['check', 'curb', 'hamper', 'inhibit']"
7207,2024-07-17,buildings around town,"['bank', 'laundromat', 'post office', 'supermarket']"
7208,2024-07-18,emoji,"['fire', 'heart', 'skull', 'sparkles']"
7209,2024-07-18,glitziness,"['dazzle', 'flash', 'pomp', 'ritz']"
7210,2024-07-18,boxing unit,"['bout', 'contest', 'match', 'round']"
7211,2024-07-18,open space,"['court', 'plaza', 'square', 'yard']"
7212,2024-07-19,___ table,"['coffee', 'periodic', 'pool', 'water']"
7213,2024-07-19,gas pump options,"['diesel', 'plus', 'premium', 'regular']"
7214,2024-07-19,insult,"['burn', 'dig', 'jab', 'slight']"
7215,2024-07-19,romantic partner,"['flame', 'lover', 'steady', 'sweetheart']"
7216,2024-07-20,what “pop” might mean,"['burst', 'dad', 'mainstream', 'soda']"
7217,2024-07-20,energy for an electronic device,"['battery', 'charge', 'juice', 'power']"
7218,2024-07-20,exertion,"['effort', 'labor', 'sweat', 'work']"
7219,2024-07-20,effortless,"['fluid', 'graceful', 'natural', 'smooth']"
7220,2024-07-21,math abbreviations,"['log', 'max', 'mod', 'tan']"
7221,2024-07-21,carpentry tools,"['clamp', 'file', 'level', 'saw']"
7222,2024-07-21,constitution,"['composition', 'fabric', 'makeup', 'structure']"
7223,2024-07-21,ways to support a candidate,"['campaign', 'canvass', 'organize', 'stump']"
7224,2024-07-22,food ___,"['chain', 'fight', 'processor', 'pyramid']"
7225,2024-07-22,used to redirect traffic,"['barrier', 'cone', 'flag', 'flare']"
7226,2024-07-22,musical instruments,"['fiddle', 'horn', 'recorder', 'triangle']"
7227,2024-07-22,realm of expertise,"['area', 'domain', 'field', 'sphere']"
7228,2024-07-23,looney tunes characters minus a letter,"['bug', 'pork', 'speed', 'tweet']"
7229,2024-07-23,one who likes showing off,"['ham', 'hot dog', 'peacock', 'showboat']"
7230,2024-07-23,utterance,"['noise', 'peep', 'sound', 'word']"
7231,2024-07-23,impostor,"['charlatan', 'fraud', 'quack', 'sham']"
7232,2024-07-24,push through a crowd,"['barge', 'jostle', 'muscle', 'shoulder']"
7233,2024-07-24,baby animals,"['calf', 'cub', 'fawn', 'kit']"
7234,2024-07-24,poultry cuts,"['breast', 'tender', 'thigh', 'wing']"
7235,2024-07-24,joke around with,"['kid', 'razz', 'rib', 'tease']"
7236,2024-07-25,wrapped things,"['burrito', 'gift', 'mummy', 'sprain']"
7237,2024-07-25,natural ability,"['faculty', 'flair', 'instinct', 'talent']"
7238,2024-07-25,"lead, as a tv program","['anchor', 'host', 'moderate', 'present']"
7239,2024-07-25,ancient writing surfaces,"['clay', 'papyrus', 'parchment', 'wax']"
7240,2024-07-26,instrument homophones,"['base', 'liar', 'loot', 'symbol']"
7241,2024-07-26,drawback,"['con', 'ding', 'minus', 'strike']"
7242,2024-07-26,advocate for,"['back', 'champion', 'endorse', 'support']"
7243,2024-07-26,basic directions,"['down', 'left', 'right', 'up']"
7244,2024-07-27,"words represented by the letter ""r""","['are', 'radius', 'reverse', 'right']"
7245,2024-07-27,hottie,"['babe', 'fox', 'snack', 'ten']"
7246,2024-07-27,"create, as results","['bear', 'generate', 'produce', 'yield']"
7247,2024-07-27,off-topic remarks,"['aside', 'detour', 'digression', 'tangent']"
7248,2024-07-28,starting with vegetables,"['beethoven', 'cornucopia', 'kaleidoscope', 'peacock']"
7249,2024-07-28,"nervousness, in the singular","['butterfly', 'jitter', 'nerve', 'willy']"
7250,2024-07-28,cat coat patterns,"['calico', 'tabby', 'tortoiseshell', 'tuxedo']"
7251,2024-07-28,parts of a book,"['cover', 'jacket', 'page', 'spine']"
7252,2024-07-29,things with spouts,"['fountain', 'gutter', 'teapot', 'whale']"
7253,2024-07-29,associated with scales,"['fish', 'justice', 'libra', 'solfege']"
7254,2024-07-29,street suffixes,"['alley', 'court', 'drive', 'lane']"
7255,2024-07-29,stadiums,"['arena', 'bowl', 'coliseum', 'dome']"
7256,2024-07-30,group of buildings,"['block', 'complex', 'compound', 'development']"
7257,2024-07-30,ability to do something well,"['facility', 'flair', 'gift', 'knack']"
7258,2024-07-30,provide more details,"['elaborate', 'expand', 'explain', 'specify']"
7259,2024-07-30,peachy keen,"['neat', 'nifty', 'super', 'swell']"
7260,2024-07-31,french ___,"['bulldog', 'fry', 'horn', 'kiss']"
7261,2024-07-31,ale styles,"['amber', 'porter', 'sour', 'stout']"
7262,2024-07-31,fingers,"['little', 'middle', 'pointer', 'ring']"
7263,2024-07-31,raspy,"['gruff', 'hoarse', 'husky', 'rough']"
7264,2024-08-01,___ socks,"['ankle', 'crew', 'sweat', 'tube']"
7265,2024-08-01,bookstore sections,"['fiction', 'humor', 'romance', 'travel']"
7266,2024-08-01,throw,"['cast', 'chuck', 'fling', 'hurl']"
7267,2024-08-01,promote,"['hype', 'market', 'pitch', 'sell']"
7268,2024-08-02,what “green” might mean,"['ecological', 'jealous', 'lush', 'nauseous']"
7269,2024-08-02,adjectives used in grammar,"['direct', 'irregular', 'possessive', 'present']"
7270,2024-08-02,things a dj does,"['mix', 'sample', 'scratch', 'spin']"
7271,2024-08-02,"stretch, as one’s patience","['strain', 'tax', 'test', 'try']"
7272,2024-08-03,things to click,"['heels', 'mouse', 'remote', 'tongue']"
7273,2024-08-03,nonsense,"['baloney', 'bull', 'bunk', 'tripe']"
7274,2024-08-03,tolerate,"['bear', 'stand', 'stomach', 'take']"
7275,2024-08-03,bit of excitement,"['high', 'kick', 'rush', 'thrill']"
7276,2024-08-04,"nicknames for the sea, with “the”","['blue', 'briny', 'deep', 'drink']"
7277,2024-08-04,beginning with double letters,"['aardvark', 'eerie', 'llama', 'ooze']"
7278,2024-08-04,up for it,"['amenable', 'down', 'game', 'willing']"
7279,2024-08-04,kiddo,"['buddy', 'champ', 'sport', 'tiger']"
7280,2024-08-05,words after “eye”,"['candy', 'contact', 'shadow', 'witness']"
7281,2024-08-05,are we clear?,"['capisce', 'get it', 'see', 'understand']"
7282,2024-08-05,kinds of greeting cards,"['birthday', 'congratulations', 'get well', 'thank you']"
7283,2024-08-05,survive,"['get by', 'hack it', 'make do', 'manage']"
7284,2024-08-06,___horn,"['bull', 'fog', 'matter', 'shoe']"
7285,2024-08-06,take issue,"['disapprove', 'mind', 'object', 'protest']"
7286,2024-08-06,one in a research study,"['guinea pig', 'participant', 'subject', 'volunteer']"
7287,2024-08-06,fluffy white things,"['cloud', 'cotton ball', 'dandelion', 'sheep']"
7288,2024-08-07,things with bits,"['bridle', 'byte', 'comedian', 'drill']"
7289,2024-08-07,electromagnetic spectrum,"['microwave', 'radio', 'visible', 'x-ray']"
7290,2024-08-07,restaurant jobs,"['cook', 'dishwasher', 'host', 'server']"
7291,2024-08-07,cram,"['jam', 'pack', 'ram', 'stuff']"
7292,2024-08-08,___ radio,"['ham', 'pirate', 'satellite', 'talk']"
7293,2024-08-08,mainstay,"['anchor', 'backbone', 'cornerstone', 'pillar']"
7294,2024-08-08,reiterate,"['echo', 'parrot', 'repeat', 'quote']"
7295,2024-08-08,splashy ways to enter a pool,"['backflip', 'bellyflop', 'cannonball', 'jackknife']"
7296,2024-08-09,shock ___,"['horror', 'jock', 'value', 'wave']"
7297,2024-08-09,rock genres,"['glam', 'goth', 'metal', 'punk']"
7298,2024-08-09,supporter,"['advocate', 'champion', 'cheerleader', 'exponent']"
7299,2024-08-09,not present,"['absent', 'elsewhere', 'gone', 'mia']"
7300,2024-08-10,biopics,"['blonde', 'jobs', 'milk', 'vice']"
7301,2024-08-10,microsoft products,"['edge', 'office', 'teams', 'windows']"
7302,2024-08-10,be in commission,"['function', 'operate', 'run', 'work']"
7303,2024-08-10,things that are red,"['devil', 'mars', 'rose', 'strawberry']"
7304,2024-08-11,homophones of body features,"['hare', 'i', 'mussel', 'naval']"
7305,2024-08-11,regarding,"['about', 'concerning', 'on', 'toward']"
7306,2024-08-11,all-time great,"['best', 'champ', 'goat', 'legend']"
7307,2024-08-11,large boat,"['barge', 'craft', 'ship', 'vessel']"
7308,2024-08-12,kinds of knives,"['bowie', 'butcher', 'butter', 'butterfly']"
7309,2024-08-12,slang for toilet,"['can', 'head', 'john', 'throne']"
7310,2024-08-12,mattress sizes,"['full', 'king', 'queen', 'twin']"
7311,2024-08-12,metal elements,"['gold', 'lead', 'mercury', 'tin']"
7312,2024-08-13,___house (that aren’t houses),"['porter', 'power', 'rough', 'wheel']"
7313,2024-08-13,obvious,"['clear', 'marked', 'pronounced', 'striking']"
7314,2024-08-13,nickname,"['designation', 'handle', 'moniker', 'sobriquet']"
7315,2024-08-13,stated,"['said', 'spoke', 'told', 'voiced']"
7316,2024-08-14,first names of yankees legends,"['babe', 'lou', 'mickey', 'yogi']"
7317,2024-08-14,things bees do,"['buzz', 'dance', 'pollinate', 'sting']"
7318,2024-08-14,flowers,"['daisy', 'jasmine', 'petunia', 'poppy']"
7319,2024-08-14,blunder,"['boo-boo', 'flub', 'gaffe', 'goof']"
7320,2024-08-15,words after “pay”,"['check', 'dirt', 'pal', 'phone']"
7321,2024-08-15,"beers, familiarly","['bud', 'natty', 'sierra', 'stella']"
7322,2024-08-15,other half,"['complement', 'match', 'mate', 'partner']"
7323,2024-08-15,breadth,"['extent', 'range', 'reach', 'scope']"
7324,2024-08-16,things that go up and down,"['elevator', 'sun', 'tide', 'yo-yo']"
7325,2024-08-16,kinds of boots,"['ankle', 'cowboy', 'go-go', 'thigh-high']"
7326,2024-08-16,u.s. state abbreviations,"['hi', 'ma', 'or', 'pa']"
7327,2024-08-16,meh,"['average', 'fair', 'ok', 'so-so']"
7328,2024-08-17,house styles,"['cottage', 'craftsman', 'prairie', 'ranch']"
7329,2024-08-17,first aid kit items,"['bandage', 'dressing', 'scissors', 'tape']"
7330,2024-08-17,canoodle,"['french', 'kiss', 'make out', 'neck']"
7331,2024-08-17,spoken communication,"['dialect', 'language', 'speech', 'tongue']"
7332,2024-08-18,seven dwarfs minus last letter,"['do', 'dope', 'grump', 'sleep']"
7333,2024-08-18,candy pieces,"['kiss', 'nerd', 'runt', 'whopper']"
7334,2024-08-18,“here’s a thought ...”,"['perhaps', 'say', 'suppose', 'what if']"
7335,2024-08-18,alarm clock buttons,"['alarm', 'hour', 'snooze', 'time set']"
7336,2024-08-19,starting with pixar movies,"['coconut', 'soulmate', 'updo', 'wallet']"
7337,2024-08-19,yoga poses,"['chair', 'mountain', 'tree', 'warrior']"
7338,2024-08-19,bratwurst go-withs,"['brat', 'bun', 'mustard', 'sauerkraut']"
7339,2024-08-19,music genres,"['blues', 'country', 'folk', 'rock']"
7340,2024-08-20,dr. seuss title figures,"['cat', 'grinch', 'pop', 'turtle']"
7341,2024-08-20,zodiac symbols,"['bull', 'crab', 'lion', 'ram']"
7342,2024-08-20,rotate,"['crank', 'reel', 'turn', 'wind']"
7343,2024-08-20,rush of wind,"['blow', 'draft', 'gust', 'puff']"
7344,2024-08-21,classic cocktail types,"['fizz', 'punch', 'sling', 'sour']"
7345,2024-08-21,kinds of charts,"['bar', 'bubble', 'line', 'pie']"
7346,2024-08-21,things that are inflated,"['balloon', 'basketball', 'floatie', 'tire']"
7347,2024-08-21,cover with a thick layer,"['cake', 'coat', 'plaster', 'smear']"
7348,2024-08-22,prank verbs,"['egg', 'moon', 'streak', 'toilet paper']"
7349,2024-08-22,newspaper names,"['globe', 'mirror', 'post', 'sun']"
7350,2024-08-22,tier,"['deck', 'floor', 'level', 'story']"
7351,2024-08-22,classic movie theater equipment,"['projector', 'reel', 'screen', 'speaker']"
7352,2024-08-23,language homophones,"['bask', 'check', 'finish', 'tie']"
7353,2024-08-23,beige shades,"['buff', 'cream', 'fawn', 'tan']"
7354,2024-08-23,burlesque wear,"['boa', 'corset', 'fan', 'gloves']"
7355,2024-08-23,visual interface,"['display', 'monitor', 'screen', 'terminal']"
7356,2024-08-24,ending with chemical elements,"['environ', 'jargon', 'latin', 'plead']"
7357,2024-08-24,car rental companies,"['budget', 'enterprise', 'national', 'thrifty']"
7358,2024-08-24,move stealthily,"['creep', 'slip', 'steal', 'tiptoe']"
7359,2024-08-24,hearsay,"['rumbling', 'speculation', 'talk', 'whispers']"
7360,2024-08-25,activities that involve folding,"['baking', 'laundry', 'origami', 'poker']"
7361,2024-08-25,words that make up the acronym “hvac”,"['air', 'conditioning', 'heating', 'ventilation']"
7362,2024-08-25,status,"['position', 'ranking', 'standing', 'station']"
7363,2024-08-25,hopping mad,"['boiling', 'fuming', 'livid', 'steaming']"
7364,2024-08-26,footwear minus “er” sound,"['loaf', 'slip', 'sneak', 'wade']"
7365,2024-08-26,bad golf shots,"['hook', 'shank', 'slice', 'whiff']"
7366,2024-08-26,torus-shaped things,"['bagel', 'lifesaver', 'tire', 'wreath']"
7367,2024-08-26,official sanctioning,"['approval', 'blessing', 'consent', 'support']"
7368,2024-08-27,kinds of cards,"['baseball', 'magic', 'set', 'tarot']"
7369,2024-08-27,classic barbershop supplies,"['brush', 'cape', 'clippers', 'gel']"
7370,2024-08-27,chili pepper quality,"['fire', 'heat', 'kick', 'spice']"
7371,2024-08-27,explosive sound,"['boom', 'crash', 'roar', 'thunder']"
7372,2024-08-28,baby ___,"['blues', 'boomer', 'steps', 'teeth']"
7373,2024-08-28,described as dry,"['desert', 'humor', 'martini', 'teetotaler']"
7374,2024-08-28,found at the end of a string/cord,"['pendulum', 'tea bag', 'tetherball', 'yo-yo']"
7375,2024-08-28,playground equipment,"['monkey bars', 'slide', 'swings', 'teeter-totter']"
7376,2024-08-29,second names in companies with ampersands,"['gamble', 'johnson', 'noble', 'young']"
7377,2024-08-29,u.s. colleges/universities,"['brown', 'duke', 'howard', 'smith']"
7378,2024-08-29,deem,"['consider', 'count', 'judge', 'regard']"
7379,2024-08-29,kinds of pianos,"['electronic', 'grand', 'player', 'upright']"
7380,2024-08-30,ice ___,"['cream', 'cube', 'machine', 'storm']"
7381,2024-08-30,wonders of the world,"['gardens', 'lighthouse', 'pyramid', 'temple']"
7382,2024-08-30,participate in summer olympic events,"['box', 'dive', 'fence', 'row']"
7383,2024-08-30,sparkling things,"['diamond', 'glitter', 'gold', 'sequin']"
7384,2024-08-31,seen on backs of u.s. coins,"['eagle', 'monticello', 'shield', 'torch']"
7385,2024-08-31,kinds of salad,"['chef', 'garden', 'greek', 'wedge']"
7386,2024-08-31,tree features,"['bark', 'crown', 'rings', 'roots']"
7387,2024-08-31,newspaper sections,"['arts', 'business', 'comics', 'sports']"
7388,2024-09-01,where you might find “a driver”,"['golf bag', 'limousine', 'movie set', 'toolbox']"
7389,2024-09-01,shades of black,"['charcoal', 'jet', 'raven', 'sable']"
7390,2024-09-01,parts of the ear,"['anvil', 'canal', 'drum', 'hammer']"
7391,2024-09-01,cook in a pan,"['brown', 'char', 'grill', 'sear']"
7392,2024-09-02,chain ___,"['letter', 'mail', 'reaction', 'store']"
7393,2024-09-02,classic collection items,"['coin', 'comic', 'record', 'stamp']"
7394,2024-09-02,assignment,"['job', 'position', 'post', 'station']"
7395,2024-09-02,peculiar,"['curious', 'funny', 'off', 'weird']"
7396,2024-09-03,___head,"['arrow', 'block', 'fore', 'knuckle']"
7397,2024-09-03,global currencies,"['pound', 'real', 'won', 'yen']"
7398,2024-09-03,excessively,"['beyond', 'extra', 'over', 'too']"
7399,2024-09-03,absolve,"['excuse', 'pardon', 'save', 'spare']"
7400,2024-09-04,symbols on a keyboard,"['brace', 'caret', 'hash', 'star']"
7401,2024-09-04,help put on a party,"['cater', 'host', 'throw', 'plan']"
7402,2024-09-04,puppy purchases,"['bed', 'bowl', 'collar', 'crate']"
7403,2024-09-04,very small amount,"['hint', 'touch', 'trace', 'shred']"
7404,2024-09-05,measured in football stats,"['attempt', 'reception', 'sack', 'yard']"
7405,2024-09-05,obtain,"['bag', 'land', 'score', 'snag']"
7406,2024-09-05,criticize,"['bash', 'blast', 'pan', 'slam']"
7407,2024-09-05,hair salon offerings,"['blowout', 'color', 'cut', 'trim']"
7408,2024-09-06,what “spring” might refer to,"['bounce', 'coil', 'geyser', 'season']"
7409,2024-09-06,things received in the mail,"['bill', 'card', 'catalog', 'letter']"
7410,2024-09-06,incident,"['affair', 'episode', 'event', 'matter']"
7411,2024-09-06,quantity,"['amount', 'count', 'number', 'total']"
7412,2024-09-07,logos with horses,"['coach', 'godiva', 'mustang', 'polo']"
7413,2024-09-07,aquarium purchases,"['filter', 'pump', 'rocks', 'tank']"
7414,2024-09-07,things used in golf,"['ball', 'driver', 'glove', 'tee']"
7415,2024-09-07,ways to transform an image,"['crop', 'flip', 'rotate', 'scale']"
7416,2024-09-08,___ boys,"['bad', 'beach', 'hardy', 'pet shop']"
7417,2024-09-08,ecclesiastical titles,"['bishop', 'pastor', 'prior', 'pope']"
7418,2024-09-08,what a heart does when excited,"['pound', 'pump', 'race', 'throb']"
7419,2024-09-08,verbs in a cake recipe,"['bake', 'beat', 'frost', 'preheat']"
7420,2024-09-09,sitcoms,"['blossom', 'coach', 'community', 'full house']"
7421,2024-09-09,flavor assortment,"['flight', 'platter', 'sampler', 'tasting']"
7422,2024-09-09,continuous,"['consecutive', 'nonstop', 'solid', 'straight']"
7423,2024-09-09,get red in the face,"['blush', 'burn', 'flush', 'glow']"
7424,2024-09-10,things with kings,"['checkers', 'deck of cards', 'monarchy', 'nhl']"
7425,2024-09-10,ratings systems,"['a-f', 'percentage', 'stars', 'thumbs']"
7426,2024-09-10,transfer,"['deliver', 'hand', 'give', 'pass']"
7427,2024-09-10,varieties,"['kinds', 'sorts', 'stripes', 'types']"
7428,2024-09-11,things that are purple,"['amethyst', 'eggplant', 'grimace', 'lavender']"
7429,2024-09-11,featured in “jurassic park”,"['amber', 'dinosaur', 'paleontologist', 'mosquito']"
7430,2024-09-11,bits of wisdom,"['kernel', 'nugget', 'pearl', 'tidbit']"
7431,2024-09-11,large amount of money,"['bundle', 'fortune', 'mint', 'pile']"
7432,2024-09-12,ending with greek letters,"['biota', 'feta', 'mochi', 'pepsi']"
7433,2024-09-12,"nba legends, familiarly","['bird', 'curry', 'kobe', 'magic']"
7434,2024-09-12,behalf,"['advantage', 'benefit', 'interest', 'sake']"
7435,2024-09-12,mark online for later,"['bookmark', 'favorite', 'like', 'save']"
7436,2024-09-13,car models,"['beetle', 'civic', 'focus', 'volt']"
7437,2024-09-13,featured in “jack and the beanstalk”,"['beans', 'cow', 'giant', 'jack']"
7438,2024-09-13,palindromes featuring “e”,"['level', 'pep', 'refer', 'tenet']"
7439,2024-09-13,vitality,"['energy', 'juice', 'life', 'zip']"
7440,2024-09-14,___ king,"['burger', 'california', 'lion', 'prom']"
7441,2024-09-14,prefixes,"['pro', 'retro', 'sub', 'super']"
7442,2024-09-14,console inputs,"['button', 'knob', 'slider', 'switch']"
7443,2024-09-14,wine bottle info,"['grape', 'region', 'vintage', 'winery']"
7444,2024-09-15,member of a septet,"['dwarf', 'sea', 'sin', 'wonder']"
7445,2024-09-15,doofus,"['clown', 'dweeb', 'sap', 'turkey']"
7446,2024-09-15,decrease,"['decline', 'drop', 'dwindle', 'ebb']"
7447,2024-09-15,reside,"['dwell', 'inhabit', 'live', 'stay']"
7448,2024-09-16,things that are capped,"['bottle', 'graduate', 'mushroom', 'salary']"
7449,2024-09-16,overly sentimental work,"['cheese', 'corn', 'mush', 'pap']"
7450,2024-09-16,spiky things,"['cactus', 'hedgehog', 'mace', 'pineapple']"
7451,2024-09-16,foremost,"['chief', 'premier', 'principal', 'supreme']"
7452,2024-09-17,name homophones,"['dug', 'matte', 'mic', 'peat']"
7453,2024-09-17,legislative roles,"['chair', 'leader', 'speaker', 'whip']"
7454,2024-09-17,kinds of shoes,"['flat', 'mule', 'pump', 'slide']"
7455,2024-09-17,"get excited, with ""up""","['amp', 'fire', 'hype', 'psych']"
7456,2024-09-18,cartoon dogs minus “y”,"['droop', 'goof', 'lad', 'snoop']"
7457,2024-09-18,kinds of reels,"['blooper', 'demo', 'highlight', 'sizzle']"
7458,2024-09-18,lowdown,"['dish', 'dope', 'info', 'scoop']"
7459,2024-09-18,gathering spot outside a residence,"['deck', 'porch', 'stoop', 'yard']"
7460,2024-09-19,places in france,"['angers', 'champagne', 'nice', 'reunion']"
7461,2024-09-19,pbs shows,"['frontline', 'nature', 'nova', 'masterpiece']"
7462,2024-09-19,kinds of parties,"['birthday', 'cocktail', 'dinner', 'surprise']"
7463,2024-09-19,prefix meaning “very”,"['extra', 'hyper', 'over', 'super']"
7464,2024-09-20,words after “kitty”,"['cat', 'corner', 'hawk', 'litter']"
7465,2024-09-20,"characters in “the empire strikes back,"" familiarly","['boba', 'chewie', 'emperor', 'solo']"
7466,2024-09-20,somebody,"['character', 'individual', 'party', 'person']"
7467,2024-09-20,presume,"['figure', 'imagine', 'suspect', 'think']"
7468,2024-09-21,extremely,"['awful', 'bloody', 'real', 'way']"
7469,2024-09-21,“great job!”,"['impressive', 'nice', 'props', 'well done']"
7470,2024-09-21,special edition adjectives,"['collectible', 'exclusive', 'limited', 'rare']"
7471,2024-09-21,clairvoyant,"['medium', 'mystic', 'oracle', 'psychic']"
7472,2024-09-22,what “bronze” might mean,"['alloy', 'sculpture', 'suntan', 'third']"
7473,2024-09-22,chance to win a prize,"['drawing', 'lottery', 'pool', 'raffle']"
7474,2024-09-22,file menu options,"['new', 'open', 'print', 'save']"
7475,2024-09-22,color types,"['grayscale', 'neon', 'neutral', 'pastel']"
7476,2024-09-23,___ park,"['amusement', 'national', 'parallel', 'south']"
7477,2024-09-23,member of a cartoon duo,"['chip', 'rocky', 'scratchy', 'stitch']"
7478,2024-09-23,bit of land for growing,"['bed', 'parcel', 'patch', 'plot']"
7479,2024-09-23,"not smooth, as terrain","['bumpy', 'rough', 'rugged', 'uneven']"
7480,2024-09-24,online personality,"['ambassador', 'influencer', 'model', 'streamer']"
7481,2024-09-24,bit of party decoration,"['balloon', 'banner', 'confetti', 'garland']"
7482,2024-09-24,procure in advance,"['book', 'charter', 'reserve', 'secure']"
7483,2024-09-24,inspired,"['creative', 'fresh', 'novel', 'original']"
7484,2024-09-25,___ derby,"['demolition', 'home run', 'kentucky', 'soap box']"
7485,2024-09-25,food named after cities,"['broil', 'cheesesteak', 'sprouts', 'wings']"
7486,2024-09-25,needs for painting a room,"['drop cloth', 'paint', 'roller', 'tape']"
7487,2024-09-25,trio of sports achievements,"['hat trick', 'threepeat', 'trifecta', 'triple crown']"
7488,2024-09-26,string ___,"['bean', 'bikini', 'cheese', 'theory']"
7489,2024-09-26,specifications for a bartender,"['dry', 'neat', 'straight', 'virgin']"
7490,2024-09-26,"increase, in a way","['grow', 'mount', 'swell', 'wax']"
7491,2024-09-26,decorative edge,"['border', 'frill', 'fringe', 'trim']"
7492,2024-09-27,"sci-fi movies, with “the”","['abyss', 'fly', 'matrix', 'thing']"
7493,2024-09-27,actions in fantasy sports,"['bench', 'draft', 'start', 'trade']"
7494,2024-09-27,significance,"['gravity', 'import', 'substance', 'weight']"
7495,2024-09-27,area of high ground,"['bank', 'dune', 'hill', 'mound']"
7496,2024-09-28,___ control,"['birth', 'cruise', 'quality', 'remote']"
7497,2024-09-28,items in a monopoly box,"['deed', 'hotel', 'house', 'token']"
7498,2024-09-28,embed,"['lodge', 'plant', 'stick', 'wedge']"
7499,2024-09-28,composite,"['blend', 'compound', 'cross', 'hybrid']"
7500,2024-09-29,cabinet departments,"['energy', 'justice', 'labor', 'state']"
7501,2024-09-29,actions in card games,"['discard', 'draw', 'pass', 'play']"
7502,2024-09-29,bedding,"['blanket', 'sham', 'sheet', 'throw']"
7503,2024-09-29,"make good on, as a promise","['fulfill', 'honor', 'keep', 'uphold']"
7504,2024-09-30,capital city homophones,"['keto', 'roam', 'sophia', 'soul']"
7505,2024-09-30,characters with pet dogs,"['charlie', 'dorothy', 'shaggy', 'wallace']"
7506,2024-09-30,common perfume ingredients,"['ambergris', 'musk', 'rose', 'vanilla']"
7507,2024-09-30,cook with heat and water,"['blanch', 'boil', 'poach', 'steam']"
7508,2024-10-01,dishwasher cycles,"['normal', 'quick', 'rinse', 'sanitize']"
7509,2024-10-01,fast-moving water,"['cascade', 'current', 'rapid', 'wave']"
7510,2024-10-01,fitness,"['condition', 'form', 'health', 'shape']"
7511,2024-10-01,flustered state,"['lather', 'stew', 'sweat', 'tizzy']"
7512,2024-10-02,distinctive number of arms (or lack thereof),"['octopus', 'shiva', 'slot machine', 'venus de milo']"
7513,2024-10-02,robert de niro films,"['casino', 'heat', 'joker', 'taxi driver']"
7514,2024-10-02,use a kitchen knife,"['cube', 'dice', 'julienne', 'slice']"
7515,2024-10-02,put on the line,"['bet', 'chance', 'gamble', 'risk']"
7516,2024-10-03,bugs plus starting letter,"['blouse', 'pant', 'smite', 'stick']"
7517,2024-10-03,item sold in pairs,"['bookend', 'earbud', 'ski', 'sock']"
7518,2024-10-03,care for a plant,"['fertilize', 'pot', 'prune', 'water']"
7519,2024-10-03,beverages,"['juice', 'milk', 'punch', 'soda']"
7520,2024-10-04,___ date,"['delivery', 'dinner', 'dream', 'due']"
7521,2024-10-04,disney characters,"['daisy', 'dale', 'doc', 'dory']"
7522,2024-10-04,small amount,"['dab', 'dash', 'dollop', 'drop']"
7523,2024-10-04,concavity,"['dent', 'dimple', 'ding', 'divot']"
7524,2024-10-05,brands that have become generic terms,"['chapstick', 'jacuzzi', 'q-tip', 'xerox']"
7525,2024-10-05,involved in a dentist visit,"['drill', 'sink', 'toothbrush', 'x-ray']"
7526,2024-10-05,kinds of underwear,"['bikini', 'g-string', 'hipster', 'thong']"
7527,2024-10-05,steak cuts,"['filet', 'hanger', 'skirt', 't-bone']"
7528,2024-10-06,___ cheese,"['cottage', 'cream', 'goat', 'string']"
7529,2024-10-06,pages on a website,"['about', 'contact', 'home', 'login']"
7530,2024-10-06,things cats do,"['knead', 'purr', 'scratch', 'shed']"
7531,2024-10-06,turn tail,"['flee', 'leave', 'retreat', 'withdraw']"
7532,2024-10-07,famous primates,"['bubbles', 'george', 'king kong', 'koko']"
7533,2024-10-07,sounds of laughter,"['har-har', 'hoot', 'whoop', 'yuk']"
7534,2024-10-07,car onomatopoeia,"['beep beep', 'purr', 'skrrt', 'vroom']"
7535,2024-10-07,knucklehead,"['ding-dong', 'dodo', 'yahoo', 'yo-yo']"
7536,2024-10-08,candy ___,"['apple', 'bar', 'cane', 'corn']"
7537,2024-10-08,found on sheet music,"['accidental', 'note', 'rest', 'staff']"
7538,2024-10-08,prohibit,"['ban', 'block', 'deny', 'forbid']"
7539,2024-10-08,halloween symbols,"['bat', 'pumpkin', 'spider', 'witch']"
7540,2024-10-09,ending with tableware,"['boilerplate', 'buttercup', 'jackknife', 'witherspoon']"
7541,2024-10-09,music publications,"['billboard', 'mojo', 'pitchfork', 'spin']"
7542,2024-10-09,burgeon,"['blossom', 'develop', 'mature', 'progress']"
7543,2024-10-09,effervescence,"['bubbles', 'fizz', 'foam', 'froth']"
7544,2024-10-10,words in “do-re-mi”,"['doe', 'far', 'sew', 'tea']"
7545,2024-10-10,movies,"['big', 'elf', 'her', 'saw']"
7546,2024-10-10,"cool, in ’80s slang","['bad', 'fly', 'ill', 'rad']"
7547,2024-10-10,body parts,"['arm', 'eye', 'hip', 'leg']"
7548,2024-10-11,brashness,"['brass', 'cheek', 'nerve', 'sauce']"
7549,2024-10-11,additional benefit,"['bonus', 'extra', 'frosting', 'gravy']"
7550,2024-10-11,quick jump in the pool,"['dip', 'dive', 'splash', 'swim']"
7551,2024-10-11,cherish,"['relish', 'savor', 'treasure', 'value']"
7552,2024-10-12,starts of cell phone makers,"['app', 'goo', 'motor', 'sam']"
7553,2024-10-12,bird onomatopoeia,"['coo', 'gobble', 'honk', 'hoot']"
7554,2024-10-12,tolerate,"['bear', 'stand', 'swallow', 'take']"
7555,2024-10-12,draped accessories,"['scarf', 'shawl', 'stole', 'wrap']"
7556,2024-10-13,___ roll,"['california', 'drum', 'egg', 'honor']"
7557,2024-10-13,kinds of pants,"['capri', 'cargo', 'hammer', 'stirrup']"
7558,2024-10-13,road runner cartoon staples,"['anvil', 'boulder', 'coyote', 'tnt']"
7559,2024-10-13,made of keratin,"['claw', 'hoof', 'horn', 'nail']"
7560,2024-10-14,things that can have leaves,"['book', 'salad', 'table', 'tree']"
7561,2024-10-14,ways to wear your hair up,"['bun', 'braid', 'pony', 'twist']"
7562,2024-10-14,sounds of thunder,"['clap', 'peal', 'roll', 'rumble']"
7563,2024-10-14,rummage,"['comb', 'dig', 'root', 'sift']"
7564,2024-10-15,what “d” might stand for,"['defense', 'democrat', 'dimensional', 'drive']"
7565,2024-10-15,fictional clowns,"['homey', 'joker', 'pennywise', 'ronald']"
7566,2024-10-15,cable channels,"['discovery', 'history', 'nickelodeon', 'oxygen']"
7567,2024-10-15,football positions,"['center', 'guard', 'quarterback', 'safety']"
7568,2024-10-16,what the outstretched index and middle fingers can represent,"['peace', 'scissors', 'two', 'victory']"
7569,2024-10-16,bit of breakfast cereal,"['cheerio', 'flake', 'pebble', 'puff']"
7570,2024-10-16,parts of a tournament setup,"['bracket', 'bye', 'round', 'seed']"
7571,2024-10-16,at some future point,"['eventually', 'later', 'next', 'soon']"
7572,2024-10-17,___ law,"['criminal', 'harvard', 'lemon', 'natural']"
7573,2024-10-17,movies with “s” removed,"['car', 'goodfella', 'jaw', 'swinger']"
7574,2024-10-17,deal with,"['address', 'answer', 'field', 'handle']"
7575,2024-10-17,grassy area,"['green', 'lawn', 'park', 'yard']"
7576,2024-10-18,amazon ___,"['kindle', 'prime', 'rainforest', 'river']"
7577,2024-10-18,non-cash way to pay,"['card', 'charge', 'credit', 'plastic']"
7578,2024-10-18,opportunity,"['chance', 'shot', 'time', 'turn']"
7579,2024-10-18,clunker,"['bust', 'dud', 'flop', 'miss']"
7580,2024-10-19,video game franchises,"['civilization', 'halo', 'madden', 'metroid']"
7581,2024-10-19,things that might sting,"['insult', 'jellyfish', 'nettle', 'wasp']"
7582,2024-10-19,things that are often scented,"['candle', 'incense', 'lotion', 'soap']"
7583,2024-10-19,bring about,"['generate', 'inspire', 'prompt', 'provoke']"
7584,2024-10-20,homophones of coordinating conjunctions,"['butt', 'fore', 'oar', 'sew']"
7585,2024-10-20,table tennis needs,"['ball', 'net', 'paddle', 'table']"
7586,2024-10-20,noisy disturbance,"['clatter', 'racket', 'row', 'ruckus']"
7587,2024-10-20,bit of newspaper writing,"['article', 'column', 'feature', 'story']"
7588,2024-10-21,___pool,"['car', 'dead', 'liver', 'whirl']"
7589,2024-10-21,automatic gear shifter positions,"['drive', 'low', 'neutral', 'reverse']"
7590,2024-10-21,attract,"['draw', 'grab', 'hook', 'pull']"
7591,2024-10-21,kinds of beans,"['kidney', 'mung', 'navy', 'pinto']"
7592,2024-10-22,games where you say the game’s name,"['bingo', 'marco polo', 'tag', 'uno']"
7593,2024-10-22,nasa spacecraft,"['galileo', 'pioneer', 'viking', 'voyager']"
7594,2024-10-22,devise,"['concoct', 'engineer', 'hatch', 'mastermind']"
7595,2024-10-22,brand-name,"['designer', 'haute', 'high-end', 'luxury']"
7596,2024-10-23,purple ___,"['haze', 'heart', 'prose', 'rain']"
7597,2024-10-23,blue ___,"['jay', 'jeans', 'moon', 'whale']"
7598,2024-10-23,green ___,"['beret', 'goblin', 'salad', 'thumb']"
7599,2024-10-23,yellow ___,"['cab', 'jacket', 'journalism', 'pages']"
7600,2024-10-24,french words,"['adieu', 'belle', 'pain', 'temps']"
7601,2024-10-24,things made by folding paper,"['airplane', 'crane', 'fan', 'fortune teller']"
7602,2024-10-24,nyt offerings,"['audio', 'cooking', 'games', 'news']"
7603,2024-10-24,lineup,"['bill', 'program', 'schedule', 'slate']"
7604,2024-10-25,“pan”,"['bad review', 'camera movement', 'cookware', 'satyr']"
7605,2024-10-25,iphone message tapback responses,"['exclamation points', 'heart', 'question mark', 'thumbs up']"
7606,2024-10-25,event with dancing,"['ball', 'formal', 'hop', 'rave']"
7607,2024-10-25,•,"['dot', 'period', 'point', 'tittle']"
7608,2024-10-26,cylinder-shaped things,"['can', 'roller', 'silo', 'spool']"
7609,2024-10-26,places to lie/sit that move,"['cradle', 'hammock', 'rocker', 'swing']"
7610,2024-10-26,series of messages,"['chain', 'chat', 'conversation', 'thread']"
7611,2024-10-26,fluster,"['faze', 'rattle', 'ruffle', 'throw']"
7612,2024-10-27,the little ___,"['mermaid', 'prince', 'rascals', 'tramp']"
7613,2024-10-27,units,"['bar', 'bel', 'lux', 'mole']"
7614,2024-10-27,ambience,"['air', 'mood', 'feeling', 'quality']"
7615,2024-10-27,sassy,"['cute', 'fresh', 'smart', 'wise']"
7616,2024-10-28,magic words,"['abracadabra', 'please', 'presto', 'thank you']"
7617,2024-10-28,church of england wedding vow verbs,"['cherish', 'have', 'hold', 'love']"
7618,2024-10-28,indicate,"['mean', 'signify', 'spell', 'suggest']"
7619,2024-10-28,audio apps,"['audible', 'pandora', 'shazam', 'tidal']"
7620,2024-10-29,___ square,"['perfect', 'pocket', 'times', 'town']"
7621,2024-10-29,singular noun in a famous “julius caesar” line,"['countryman', 'ear', 'friend', 'roman']"
7622,2024-10-29,medical roles,"['attending', 'fellow', 'intern', 'resident']"
7623,2024-10-29,in pristine condition,"['mint', 'new', 'original', 'unused']"
7624,2024-10-30,retail chains with a letter changed,"['best boy', 'idea', 'kroner', 'stables']"
7625,2024-10-30,kinds of tape,"['duct', 'electrical', 'gaffer', 'packing']"
7626,2024-10-30,things with wheels,"['dolly', 'rollerblade', 'skateboard', 'wagon']"
7627,2024-10-30,upswing,"['boom', 'rise', 'spike', 'surge']"
7628,2024-10-31,___ hunt,"['egg', 'job', 'scavenger', 'witch']"
7629,2024-10-31,sports cars,"['diablo', 'mustang', 'spider', 'viper']"
7630,2024-10-31,things you can do with your eyelids,"['bat', 'blink', 'flutter', 'wink']"
7631,2024-10-31,terms of endearment,"['darling', 'love', 'pumpkin', 'treasure']"
7632,2024-11-01,___ effect,"['butterfly', 'domino', 'halo', 'placebo']"
7633,2024-11-01,cheesy corn snack unit,"['ball', 'curl', 'doodle', 'puff']"
7634,2024-11-01,ways to order a beer,"['bottle', 'can', 'draft', 'tap']"
7635,2024-11-01,progress slowly,"['crawl', 'creep', 'drag', 'inch']"
7636,2024-11-02,kinds of earrings,"['chandelier', 'drop', 'hoop', 'stud']"
7637,2024-11-02,core exercises,"['boat', 'crunch', 'mountain climber', 'plank']"
7638,2024-11-02,group of advisors,"['board', 'cabinet', 'council', 'panel']"
7639,2024-11-02,seen in a kitchen,"['counter', 'fridge', 'range', 'sink']"
7640,2024-11-03,easy ___,"['chair', 'listening', 'money', 'street']"
7641,2024-11-03,legal session,"['hearing', 'inquiry', 'proceeding', 'trial']"
7642,2024-11-03,sneaking suspicion,"['feeling', 'hunch', 'impression', 'sense']"
7643,2024-11-03,heartwarming,"['moving', 'sweet', 'tender', 'touching']"
7644,2024-11-04,words with apostrophes removed,"['cant', 'id', 'shell', 'were']"
7645,2024-11-04,furniture,"['chest', 'console', 'vanity', 'wardrobe']"
7646,2024-11-04,individuality,"['being', 'character', 'ego', 'self']"
7647,2024-11-04,equip,"['furnish', 'outfit', 'provision', 'stock']"
7648,2024-11-05,magic ___,"['carpet', 'kingdom', 'marker', 'mushroom']"
7649,2024-11-05,figures in “shrek”,"['donkey', 'dragon', 'ogre', 'princess']"
7650,2024-11-05,things with shells,"['clam', 'egg', 'nut', 'turtle']"
7651,2024-11-05,things that are fuzzy,"['caterpillar', 'fleece', 'peach', 'pipe cleaner']"
7652,2024-11-06,things with feet,"['biped', 'furniture', 'poem', 'yardstick']"
7653,2024-11-06,communicate through writing,"['correspond', 'message', 'text', 'write']"
7654,2024-11-06,groundbreaking,"['different', 'new', 'novel', 'original']"
7655,2024-11-06,dvr buttons,"['pause', 'play', 'record', 'stop']"
7656,2024-11-07,anagrams of famous painters,"['dial', 'egads', 'monte', 'yoga']"
7657,2024-11-07,info on a museum placard,"['artist', 'medium', 'title', 'year']"
7658,2024-11-07,public standing,"['character', 'image', 'name', 'reputation']"
7659,2024-11-07,food-related jumbles,"['hash', 'salad', 'scramble', 'stew']"
7660,2024-11-08,cut the ___,"['cheese', 'cord', 'deck', 'mustard']"
7661,2024-11-08,risqué,"['adult', 'blue', 'spicy', 'suggestive']"
7662,2024-11-08,kinds of pickles,"['dill', 'kosher', 'sour', 'sweet']"
7663,2024-11-08,escapade,"['antic', 'caper', 'exploit', 'stunt']"
7664,2024-11-09,words before “room” to mean lavatory,"['bath', 'powder', 'rest', 'throne']"
7665,2024-11-09,algebra terms,"['exponent', 'power', 'radical', 'root']"
7666,2024-11-09,smallest amount,"['lick', 'ounce', 'shred', 'trace']"
7667,2024-11-09,contorted,"['bent', 'gnarly', 'twisted', 'warped']"
7668,2024-11-10,things that swing,"['golfer', 'pendulum', 'saloon doors', 'swing']"
7669,2024-11-10,n.f.l. team member,"['cowboy', 'jet', 'ram', 'raven']"
7670,2024-11-10,guide,"['pilot', 'usher', 'shepherd', 'steer']"
7671,2024-11-10,barrel-shaped container,"['cask', 'cylinder', 'drum', 'tank']"
7672,2024-11-11,___ bird,"['big', 'early', 'lady', 'sue']"
7673,2024-11-11,kinds of bras,"['demi', 'push-up', 'sports', 'wireless']"
7674,2024-11-11,gist,"['core', 'meat', 'substance', 'thrust']"
7675,2024-11-11,candy bars,"['crunch', 'dove', 'mars', 'payday']"
7676,2024-11-12,features of justice personified,"['blindfold', 'robe', 'scales', 'sword']"
7677,2024-11-12,laptop specs,"['ram', 'resolution', 'speed', 'storage']"
7678,2024-11-12,vegetable units,"['clove', 'floret', 'spear', 'stalk']"
7679,2024-11-12,complain,"['bellyache', 'carp', 'crab', 'grumble']"
7680,2024-11-13,words that seem longer written than spoken,"['colonel', 'pharaoh', 'wednesday', 'worcestershire']"
7681,2024-11-13,concerns for a dentist,"['calculus', 'cavity', 'plaque', 'tartar']"
7682,2024-11-13,building add-ons,"['addition', 'annex', 'extension', 'wing']"
7683,2024-11-13,things that are yellow,"['canary', 'lemon', 'minion', 'mustard']"
7684,2024-11-14,forms of sugar,"['cube', 'grain', 'powder', 'syrup']"
7685,2024-11-14,words on a restaurant receipt,"['tax', 'tip', 'total', 'signature']"
7686,2024-11-14,play music with passion,"['groove', 'jam', 'rock', 'shred']"
7687,2024-11-14,deplete,"['drain', 'empty', 'exhaust', 'sap']"
7688,2024-11-15,___ of time,"['nick', 'passage', 'sands', 'waste']"
7689,2024-11-15,instruments you blow into,"['jug', 'pipe', 'recorder', 'whistle']"
7690,2024-11-15,elements of writing,"['letter', 'phrase', 'sentence', 'word']"
7691,2024-11-15,fissure,"['crack', 'hole', 'leak', 'puncture']"
7692,2024-11-16,go ___,"['bananas', 'commando', 'figure', 'rogue']"
7693,2024-11-16,college football team members,"['gator', 'sooner', 'volunteer', 'wolverine']"
7694,2024-11-16,kinds of hats,"['beret', 'derby', 'pillbox', 'snapback']"
7695,2024-11-16,things that prevent leaks,"['cap', 'cover', 'plug', 'seal']"
7696,2024-11-17,what an apostrophe might indicate,"['contraction', 'foot', 'possessive', 'quotation']"
7697,2024-11-17,occasions when one might kneel,"['apology', 'dubbing', 'prayer', 'proposal']"
7698,2024-11-17,close-fitting,"['clingy', 'sleek', 'slinky', 'snug']"
7699,2024-11-17,alliance,"['association', 'guild', 'league', 'union']"
7700,2024-11-18,___ crab,"['fiddler', 'hermit', 'horseshoe', 'spider']"
7701,2024-11-18,things with spots,"['dalmatian', 'die', 'domino', 'ladybug']"
7702,2024-11-18,monthly expenses,"['gas', 'internet', 'phone', 'rent']"
7703,2024-11-18,used in hair care,"['comb', 'dryer', 'hairspray', 'rollers']"
7704,2024-11-19,double ___,"['agent', 'dribble', 'jeopardy', 'standard']"
7705,2024-11-19,pasta shapes,"['ear', 'elbow', 'ribbon', 'wheel']"
7706,2024-11-19,ways to unlock a device,"['face', 'fingerprint', 'password', 'pin']"
7707,2024-11-19,area of expertise,"['concentration', 'field', 'focus', 'specialty']"
7708,2024-11-20,"organizational structures, metaphorically","['chain', 'ladder', 'pyramid', 'tree']"
7709,2024-11-20,cocktail-making verbs,"['garnish', 'muddle', 'stir', 'strain']"
7710,2024-11-20,"broadcast, as online media","['air', 'play', 'run', 'stream']"
7711,2024-11-20,sound like a dog,"['bark', 'bay', 'howl', 'snarl']"
7712,2024-11-21,starts of pasta names,"['fett', 'penn', 'torte', 'zit']"
7713,2024-11-21,"marine invertebrates, familiarly","['coral', 'jelly', 'sponge', 'star']"
7714,2024-11-21,spheres in milk tea,"['boba', 'bubble', 'pearl', 'tapioca']"
7715,2024-11-21,kinds of shirts,"['flannel', 'oxford', 'polo', 'tee']"
7716,2024-11-22,“___ island”,"['fantasy', 'love', 'shutter', 'treasure']"
7717,2024-11-22,work communication platforms,"['meet', 'slack', 'teams', 'zoom']"
7718,2024-11-22,point of view,"['angle', 'lens', 'perspective', 'position']"
7719,2024-11-22,publicity,"['attention', 'coverage', 'exposure', 'press']"
7720,2024-11-23,black or red,"['balance sheet', 'checkers', 'licorice', 'roulette']"
7721,2024-11-23,things on sticks,"['ball-in-cup', 'corn dog', 'cotton swab', 'lollipop']"
7722,2024-11-23,secreted by trees,"['gum', 'latex', 'resin', 'sap']"
7723,2024-11-23,telling of events,"['account', 'chronicle', 'description', 'story']"
7724,2024-11-24,words after “ash”,"['blond', 'tray', 'tree', 'wednesday']"
7725,2024-11-24,electronic dance music genres,"['ambient', 'house', 'jungle', 'trance']"
7726,2024-11-24,what a noun might be,"['idea', 'person', 'place', 'thing']"
7727,2024-11-24,careen,"['heave', 'lurch', 'pitch', 'reel']"
7728,2024-11-25,associated principles in chinese philosophy,"['expansive', 'light', 'masculine', 'yang']"
7729,2024-11-25,parts of a ship,"['anchor', 'bow', 'bridge', 'deck']"
7730,2024-11-25,large group,"['crowd', 'flock', 'host', 'sea']"
7731,2024-11-25,attain,"['earn', 'land', 'score', 'win']"
7732,2024-11-26,featured in “eloise”,"['eloise', 'plaza', 'pug', 'turtle']"
7733,2024-11-26,kinds of crackers,"['animal', 'club', 'goldfish', 'ritz']"
7734,2024-11-26,disregard,"['discount', 'forget', 'ignore', 'overlook']"
7735,2024-11-26,good things to get at work,"['bonus', 'equity', 'promotion', 'raise']"
7736,2024-11-27,___ band,"['boy', 'rubber', 'tribute', 'wedding']"
7737,2024-11-27,what a sitter might sit,"['baby', 'house', 'pet', 'plant']"
7738,2024-11-27,car parts,"['bumper', 'grille', 'mirror', 'rim']"
7739,2024-11-27,not working reliably,"['buggy', 'erratic', 'glitchy', 'spotty']"
7740,2024-11-28,___ tuesday,"['fat', 'giving', 'super', 'taco']"
7741,2024-11-28,eat voraciously,"['bolt', 'down', 'gobble', 'scarf']"
7742,2024-11-28,fraudster,"['cheat', 'con', 'fake', 'quack']"
7743,2024-11-28,appreciation,"['credit', 'praise', 'recognition', 'thanks']"
7744,2024-11-29,first words of hbo shows,"['boardwalk', 'curb', 'game', 'silicon']"
7745,2024-11-29,m.l.b. team member,"['national', 'ray', 'tiger', 'twin']"
7746,2024-11-29,units,"['hertz', 'mole', 'second', 'volt']"
7747,2024-11-29,undertaking,"['endeavor', 'enterprise', 'project', 'venture']"
7748,2024-11-30,___ball pitches,"['curve', 'fast', 'knuckle', 'screw']"
7749,2024-11-30,perform well on,"['ace', 'crush', 'nail', 'rock']"
7750,2024-11-30,steal,"['lift', 'palm', 'pocket', 'swipe']"
7751,2024-11-30,dance styles,"['jazz', 'modern', 'swing', 'tap']"
7752,2024-12-01,“free ___”,"['bird', 'fallin’', 'solo', 'willy']"
7753,2024-12-01,candy names,"['charms', 'kinder', 'wonka', 'york']"
7754,2024-12-01,football gear,"['cleats', 'helmet', 'jersey', 'pads']"
7755,2024-12-01,sanctuary,"['haven', 'port', 'retreat', 'shelter']"
7756,2024-12-02,___ clip,"['alligator', 'hair', 'paper', 'video']"
7757,2024-12-02,icon embroidered on a polo shirt,"['crocodile', 'laurel', 'polo player', 'swoosh']"
7758,2024-12-02,things involving mallets,"['carpentry', 'croquet', 'whac-a-mole', 'xylophone']"
7759,2024-12-02,announce,"['broadcast', 'declare', 'herald', 'trumpet']"
7760,2024-12-03,names that sound like two letters,"['cece', 'edie', 'emmy', 'katie']"
7761,2024-12-03,“sesame street” characters,"['cookie', 'count', 'oscar', 'snuffy']"
7762,2024-12-03,familial nicknames,"['cuz', 'grammy', 'mummy', 'pop']"
7763,2024-12-03,sopranos,"['carmela', 'junior', 'meadow', 'tony']"
7764,2024-12-04,starting with synonyms for lavatory,"['candle', 'loofah', 'johnson', 'toiletries']"
7765,2024-12-04,figures in greek myth,"['atlas', 'echo', 'helen', 'pan']"
7766,2024-12-04,things with needle/s,"['compass', 'pine tree', 'sewing kit', 'turntable']"
7767,2024-12-04,steer,"['direct', 'guide', 'lead', 'shepherd']"
7768,2024-12-05,___stone,"['brim', 'lime', 'rhine', 'yellow']"
7769,2024-12-05,tech companies,"['amazon', 'apple', 'intuit', 'oracle']"
7770,2024-12-05,exterior,"['face', 'front', 'outside', 'surface']"
7771,2024-12-05,aptitude,"['flair', 'gift', 'instinct', 'nose']"
7772,2024-12-06,colloquial suffixes,"['core', 'gate', 'mania', 'pilled']"
7773,2024-12-06,"“toy story” characters, familiarly","['buzz', 'hamm', 'rex', 'slinky']"
7774,2024-12-06,curse,"['hex', 'jinx', 'pox', 'spell']"
7775,2024-12-06,baffle,"['perplex', 'puzzle', 'stump', 'vex']"
7776,2024-12-07,long___,"['bow', 'fellow', 'horn', 'legs']"
7777,2024-12-07,w.n.b.a. teams,"['liberty', 'storm', 'sun', 'wings']"
7778,2024-12-07,ways to attract fish,"['bait', 'chum', 'fly', 'lure']"
7779,2024-12-07,think of together,"['affiliate', 'associate', 'equate', 'relate']"
7780,2024-12-08,homophones of music genres,"['indy', 'mettle', 'seoul', 'wrap']"
7781,2024-12-08,companies named after animals,"['caterpillar', 'dove', 'greyhound', 'puma']"
7782,2024-12-08,cram,"['sandwich', 'shoehorn', 'squeeze', 'wedge']"
7783,2024-12-08,punch,"['belt', 'blow', 'sock', 'slug']"
7784,2024-12-09,words after “x”,"['factor', 'files', 'games', 'ray']"
7785,2024-12-09,used to view a biological sample,"['microscope', 'slide', 'specimen', 'stain']"
7786,2024-12-09,used in starting a fire,"['flint', 'lighter', 'magnifying glass', 'matches']"
7787,2024-12-09,deliberation,"['consideration', 'reflection', 'scrutiny', 'thought']"
7788,2024-12-10,countries minus first letter,"['inland', 'olivia', 'ran', 'wanda']"
7789,2024-12-10,feel around (for),"['fish', 'fumble', 'root', 'rummage']"
7790,2024-12-10,parts of a flight,"['cruise', 'takeoff', 'taxi', 'touchdown']"
7791,2024-12-10,give a title to,"['call', 'dub', 'label', 'name']"
7792,2024-12-11,ending in synonyms for “friend”,"['ketchum', 'paypal', 'primate', 'rosebud']"
7793,2024-12-11,proper noun portmanteaux,"['jazzercise', 'paralympics', 'pokémon', 'wikipedia']"
7794,2024-12-11,things you shake,"['hairspray', 'magic 8 ball', 'salad dressing', 'snowglobe']"
7795,2024-12-11,utopia,"['paradise', 'seventh heaven', 'shangri-la', 'xanadu']"
7796,2024-12-12,parts of a river,"['bank', 'bed', 'delta', 'mouth']"
7797,2024-12-12,mild oaths,"['fudge', 'geez', 'nuts', 'rats']"
7798,2024-12-12,objects with teeth,"['comb', 'gear', 'saw', 'zipper']"
7799,2024-12-12,"things that sound like ""t""","['tea', 'tee (golf)', 'tee (shirt)', 'ti (musical note)']"
7800,2024-12-13,animal homophones,"['bore', 'links', 'phish', 'towed']"
7801,2024-12-13,citrus sodas,"['crush', 'sprite', 'squirt', 'starry']"
7802,2024-12-13,email folders,"['drafts', 'sent', 'spam', 'trash']"
7803,2024-12-13,fantasy creatures,"['dragon', 'giant', 'pixie', 'troll']"
7804,2024-12-14,words before “cup”,"['butter', 'diva', 'solo', 'world']"
7805,2024-12-14,global currencies,"['pound', 'real', 'sol', 'yuan']"
7806,2024-12-14,words in an auction-ending phrase,"['going', 'once', 'sold', 'twice']"
7807,2024-12-14,fish,"['fluke', 'mullet', 'sole', 'tang']"
7808,2024-12-15,pop singers minus “s”,"['key', 'mar', 'spear', 'style']"
7809,2024-12-15,"skim through, as pages","['flip', 'leaf', 'riffle', 'thumb']"
7810,2024-12-15,perform poorly,"['flail', 'flop', 'flounder', 'tank']"
7811,2024-12-15,spices,"['clove', 'mace', 'nutmeg', 'pepper']"
7812,2024-12-16,classic joke staples,"['bar', 'chicken', 'knock-knock', 'light bulb']"
7813,2024-12-16,snack cakes,"['devil dog', 'ding dong', 'hoho', 'yodel']"
7814,2024-12-16,kinds of play fights,"['food', 'pillow', 'snowball', 'water balloon']"
7815,2024-12-16,types of radio,"['am', 'ham', 'satellite', 'walkie-talkie']"
7816,2024-12-17,kinds of tennis courts,"['carpet', 'clay', 'grass', 'hard']"
7817,2024-12-17,kinds of paper,"['construction', 'graph', 'tissue', 'wax']"
7818,2024-12-17,road,"['artery', 'avenue', 'drag', 'drive']"
7819,2024-12-17,intrepidity,"['grit', 'heart', 'nerve', 'pluck']"
7820,2024-12-18,___ dome,"['capitol', 'chrome', 'onion', 'teapot']"
7821,2024-12-18,investment verbs,"['hedge', 'hold', 'short', 'trade']"
7822,2024-12-18,styles of beer,"['bitter', 'bock', 'sour', 'stout']"
7823,2024-12-18,deal with,"['field', 'handle', 'manage', 'tackle']"
7824,2024-12-19,seen in “donkey kong”,"['barrel', 'gorilla', 'hammer', 'ladder']"
7825,2024-12-19,watercraft,"['barge', 'junk', 'sub', 'tug']"
7826,2024-12-19,bar fixtures,"['counter', 'keg', 'stool', 'tap']"
7827,2024-12-19,defer,"['delay', 'postpone', 'shelve', 'table']"
7828,2024-12-20,complaint homophones,"['grown', 'mown', 'whale', 'wine']"
7829,2024-12-20,kinds of bros,"['crypto', 'finance', 'pharma', 'tech']"
7830,2024-12-20,types of sentences,"['command', 'exclamation', 'question', 'statement']"
7831,2024-12-20,concoction,"['cocktail', 'compound', 'mixture', 'solution']"
7832,2024-12-21,things called “oscar”,"['baloney', 'grouch', 'o', 'statuette']"
7833,2024-12-21,kinds of beds,"['bunk', 'canopy', 'murphy', 'sleigh']"
7834,2024-12-21,cooking vessels,"['casserole', 'crock', 'pan', 'pot']"
7835,2024-12-21,loop,"['band', 'circle', 'hoop', 'ring']"
7836,2024-12-22,first in a comedy duo,"['abbott', 'fry', 'key', 'laurel']"
7837,2024-12-22,police procedurals,"['bones', 'elementary', 'kojak', 'monk']"
7838,2024-12-22,palindromes,"['abba', 'kayak', 'nun', 'stats']"
7839,2024-12-22,slang for head,"['coconut', 'crown', 'dome', 'skull']"
7840,2024-12-23,super ___,"['8', 'bowl', 'glue', 'tuesday']"
7841,2024-12-23,"ways to express 1,000","['grand', 'k', 'm', 'thou']"
7842,2024-12-23,necklines,"['boat', 'crew', 'scoop', 'v']"
7843,2024-12-23,homophones,"['ewe', 'u', 'yew', 'you']"
7844,2024-12-24,"when tripled, hit song titles","['bills', 'bye', 'gimme', 'please']"
7845,2024-12-24,words that sound like plural letters,"['bees', 'ease', 'jays', 'use']"
7846,2024-12-24,"beloved, as a friend","['close', 'dear', 'intimate', 'tight']"
7847,2024-12-24,"“lions and tigers and bears, oh my!”","['bears', 'lions', 'oh my', 'tigers']"
7848,2024-12-25,“s.n.l.” cast members,"['fey', 'rudolph', 'shannon', 'strong']"
7849,2024-12-25,female animals,"['jenny', 'nanny', 'queen', 'vixen']"
7850,2024-12-25,archers,"['cupid', 'hawkeye', 'robin hood', 'sagittarius']"
7851,2024-12-25,celestial objects,"['comet', 'moon', 'planet', 'star']"
7852,2024-12-26,"u.s. state abbreviations, per ap style guide","['ala', 'ark', 'miss', 'ore']"
7853,2024-12-26,"sizable, as an amount","['handsome', 'healthy', 'respectable', 'tidy']"
7854,2024-12-26,trees,"['elder', 'palm', 'pine', 'spruce']"
7855,2024-12-26,approximately,"['about', 'around', 'like', 'roughly']"
7856,2024-12-27,oscar-winning actors,"['bridges', 'irons', 'phoenix', 'washington']"
7857,2024-12-27,they have a horn,"['africa', 'bugler', 'car', 'unicorn']"
7858,2024-12-27,"pushes, as a button","['clicks', 'hits', 'presses', 'taps']"
7859,2024-12-27,breakfast sides,"['bacon', 'grits', 'hash', 'toast']"
7860,2024-12-28,starting with possessive pronouns,"['hershey', 'histamine', 'itsy', 'minefield']"
7861,2024-12-28,proverbial things to kick,"['can', 'habit', 'hornets’ nest', 'tires']"
7862,2024-12-28,objects from greek myth,"['aegis', 'apple of discord', 'golden fleece', 'pandora’s box']"
7863,2024-12-28,“nothing to it!”,"['easy', 'no sweat', 'piece of cake', 'sure thing']"
7864,2024-12-29,tree homophones,"['beach', 'fur', 'pair', 'you']"
7865,2024-12-29,different amounts of hair,"['head', 'lock', 'strand', 'wisp']"
7866,2024-12-29,appointment specifications,"['date', 'duration', 'location', 'time']"
7867,2024-12-29,shades of red,"['brick', 'cherry', 'maroon', 'ruby']"
7868,2024-12-30,"names featuring ""!""","['airplane', 'jeopardy', 'pink', 'yahoo']"
7869,2024-12-30,"pay, with “up”","['ante', 'cough', 'pony', 'settle']"
7870,2024-12-30,used to make coffee,"['beans', 'filter', 'grinder', 'water']"
7871,2024-12-30,lunch orders,"['club', 'hero', 'melt', 'wrap']"
7872,2024-12-31,name ___,"['brand', 'drop', 'game', 'names']"
7873,2024-12-31,words before an addressee,"['attention', 'dear', 'for', 'to']"
7874,2024-12-31,fun time,"['ball', 'blast', 'kick', 'thrill']"
7875,2024-12-31,move quickly,"['bolt', 'dart', 'dash', 'fly']"
7876,2025-01-01,ending with synonyms for “plunge”,"['gatecrash', 'raindrop', 'skydive', 'waterfall']"
7877,2025-01-01,dutch symbols,"['canal', 'clog', 'tulip', 'windmill']"
7878,2025-01-01,things that luminesce,"['aurora', 'firefly', 'glowstick', 'radium']"
7879,2025-01-01,slimy animals,"['earthworm', 'eel', 'salamander', 'slug']"
7880,2025-01-02,dog ___,"['days', 'paddle', 'tag', 'tired']"
7881,2025-01-02,one in a group of twelve,"['donut', 'inch', 'juror', 'month']"
7882,2025-01-02,cadence,"['beat', 'meter', 'rhythm', 'time']"
7883,2025-01-02,perceive,"['catch', 'clock', 'notice', 'register']"
7884,2025-01-03,pot___,"['belly', 'hole', 'luck', 'sticker']"
7885,2025-01-03,kinds of mushrooms,"['button', 'morel', 'oyster', 'trumpet']"
7886,2025-01-03,one dollar,"['buck', 'clam', 'single', 'smacker']"
7887,2025-01-03,parts of a foot,"['arch', 'ball', 'heel', 'sole']"
7888,2025-01-04,depicted in dalí’s “the persistence of memory”,"['ant', 'branch', 'clock', 'melting']"
7889,2025-01-04,mark as completed,"['check', 'cross', 'strike', 'tick']"
7890,2025-01-04,fasteners,"['buckle', 'clip', 'hook', 'snap']"
7891,2025-01-04,crush into a compact shape,"['ball', 'crumple', 'scrunch', 'wad']"
7892,2025-01-05,words before “drum”,"['ear', 'kettle', 'oil', 'snare']"
7893,2025-01-05,remote control functions,"['home', 'mute', 'stop', 'volume']"
7894,2025-01-05,earn,"['gross', 'make', 'net', 'yield']"
7895,2025-01-05,hardly bustling,"['calm', 'quiet', 'sleepy', 'slow']"
7896,2025-01-06,synonyms for rear end minus last letter,"['ars', 'boot', 'but', 'rum']"
7897,2025-01-06,metaphors for easy things,"['abc', 'breeze', 'picnic', 'pie']"
7898,2025-01-06,catchall,"['blanket', 'broad', 'general', 'umbrella']"
7899,2025-01-06,breathe hard,"['gasp', 'heave', 'pant', 'puff']"
7900,2025-01-07,___ is ___ (is ___),"['a deal', 'a rose', 'enough', 'love']"
7901,2025-01-07,book subtitles,"['a life', 'a novel', 'essays', 'part one']"
7902,2025-01-07,a handful of,"['a few', 'certain', 'some', 'various']"
7903,2025-01-07,vocal music,"['a cappella', 'barbershop', 'doo-wop', 'madrigal']"
7904,2025-01-08,words misspelled in nu metal band names,"['biscuit', 'corn', 'lincoln', 'stained']"
7905,2025-01-08,distinctive features of an elephant,"['ear', 'memory', 'trunk', 'tusk']"
7906,2025-01-08,accessories for playing an instrument,"['bow', 'drumstick', 'mallet', 'pick']"
7907,2025-01-08,section,"['branch', 'division', 'limb', 'wing']"
7908,2025-01-09,last words in “america the beautiful”,"['from', 'sea', 'shining', 'to']"
7909,2025-01-09,corporate departments,"['finance', 'it', 'legal', 'sales']"
7910,2025-01-09,dog commands,"['come', 'heel', 'sit', 'stay']"
7911,2025-01-09,vendor’s spot at a market,"['booth', 'stall', 'stand', 'table']"
7912,2025-01-10,featured in the monty hall problem,"['car', 'door', 'goat', 'host']"
7913,2025-01-10,ingredients in an old fashioned,"['bitters', 'orange', 'rye', 'sugar']"
7914,2025-01-10,“calm down”,"['chill', 'easy', 'enough', 'relax']"
7915,2025-01-10,be contingent (on),"['depend', 'hinge', 'rely', 'rest']"
7916,2025-01-11,___ court,"['food', 'kangaroo', 'supreme', 'tennis']"
7917,2025-01-11,olympic events since 2000,"['breaking', 'surfing', 'taekwondo', 'trampoline']"
7918,2025-01-11,things to do at a work event,"['circulate', 'converse', 'mingle', 'network']"
7919,2025-01-11,display of rows and columns,"['array', 'grid', 'matrix', 'table']"
7920,2025-01-12,things featuring tails,"['coin toss', 'comets', 'dress coat', 'sonic the hedgehog']"
7921,2025-01-12,classic atari games,"['asteroids', 'breakout', 'centipede', 'defender']"
7922,2025-01-12,woo,"['charm', 'court', 'pursue', 'romance']"
7923,2025-01-12,fabrication,"['fairy tale', 'fantasy', 'fiction', 'invention']"
7924,2025-01-13,___worm,"['book', 'earth', 'glow', 'inch']"
7925,2025-01-13,driving instructor directives,"['brake', 'park', 'signal', 'turn']"
7926,2025-01-13,cache,"['bank', 'pool', 'reserve', 'store']"
7927,2025-01-13,teach,"['coach', 'guide', 'school', 'train']"
7928,2025-01-14,bird plus letter,"['crowd', 'gully', 'puffing', 'swank']"
7929,2025-01-14,things in a camera kit,"['body', 'flash', 'lens', 'strap']"
7930,2025-01-14,term,"['meeting', 'period', 'session', 'sitting']"
7931,2025-01-14,operating,"['active', 'functional', 'running', 'working']"
7932,2025-01-15,fictional misters,"['big', 'peanut', 'robot', 'toad']"
7933,2025-01-15,martini specifications,"['dirty', 'dry', 'perfect', 'wet']"
7934,2025-01-15,lacking,"['light', 'low', 'short', 'shy']"
7935,2025-01-15,means,"['mechanism', 'medium', 'tool', 'vehicle']"
7936,2025-01-16,___ rat,"['gym', 'mall', 'pack', 'rug']"
7937,2025-01-16,spy,"['agent', 'asset', 'mole', 'plant']"
7938,2025-01-16,installed on a wall,"['baseboard', 'outlet', 'sconce', 'switch']"
7939,2025-01-16,buying and selling,"['business', 'commerce', 'market', 'trade']"
7940,2025-01-17,ending with beer brands,"['autoharp', 'contrabass', 'pepperoni', 'rosebud']"
7941,2025-01-17,web browsers,"['chrome', 'edge', 'opera', 'safari']"
7942,2025-01-17,strike,"['bop', 'hit', 'knock', 'tap']"
7943,2025-01-17,frankfurter,"['banger', 'brat', 'link', 'sausage']"
7944,2025-01-18,turn the ___,"['corner', 'page', 'tables', 'tide']"
7945,2025-01-18,info on a record,"['album', 'artist', 'label', 'track']"
7946,2025-01-18,barb,"['spine', 'spur', 'sticker', 'thorn']"
7947,2025-01-18,desire,"['drive', 'impulse', 'itch', 'urge']"
7948,2025-01-19,they have rays,"['aquarium', 'geometry', 'sun', 'tampa bay']"
7949,2025-01-19,landforms,"['basin', 'bluff', 'cape', 'plain']"
7950,2025-01-19,court filing,"['action', 'case', 'claim', 'suit']"
7951,2025-01-19,fund,"['kitty', 'pool', 'pot', 'purse']"
7952,2025-01-20,___ sheet,"['balance', 'cheat', 'cookie', 'fitted']"
7953,2025-01-20,associated with popeye,"['anchor', 'forearm', 'pipe', 'spinach']"
7954,2025-01-20,corners,"['angle', 'bend', 'crook', 'elbow']"
7955,2025-01-20,"take on, as a responsibility","['assume', 'bear', 'handle', 'shoulder']"
7956,2025-01-21,doctors in pop culture,"['no', 'octopus', 'pepper', 'who']"
7957,2025-01-21,used to clear snow,"['plow', 'salt', 'sand', 'shovel']"
7958,2025-01-21,small likeness,"['doll', 'figure', 'miniature', 'model']"
7959,2025-01-21,putdown,"['barb', 'crack', 'dig', 'slight']"
7960,2025-01-22,___ up,"['batter', 'bottoms', 'chin', 'lawyer']"
7961,2025-01-22,ones wearing robes,"['boxer', 'judge', 'monk', 'wizard']"
7962,2025-01-22,results of some digging,"['ditch', 'hole', 'pit', 'trench']"
7963,2025-01-22,types of academic courses,"['discussion', 'lab', 'lecture', 'seminar']"
7964,2025-01-23,rhymes of u.s. president names,"['pagan', 'smarter', 'vixen', 'widen']"
7965,2025-01-23,parts of an indiana jones costume,"['bomber', 'fedora', 'satchel', 'whip']"
7966,2025-01-23,picnic accessories,"['basket', 'blanket', 'cooler', 'utensils']"
7967,2025-01-23,outdo,"['better', 'eclipse', 'surpass', 'top']"
7968,2025-01-24,___ patch,"['cabbage', 'nicotine', 'rough', 'soul']"
7969,2025-01-24,vocation,"['craft', 'line', 'trade', 'work']"
7970,2025-01-24,rude things to do,"['interrupt', 'litter', 'point', 'stare']"
7971,2025-01-24,contemplate,"['brood', 'muse', 'ponder', 'reflect']"
7972,2025-01-25,words after the prefix “tri-”,"['angle', 'cycle', 'dent', 'pod']"
7973,2025-01-25,words derived from japanese,"['emoji', 'ginkgo', 'karaoke', 'tycoon']"
7974,2025-01-25,features of a ski resort,"['lift', 'lodge', 'mogul', 'slope']"
7975,2025-01-25,school periods,"['class', 'homeroom', 'lunch', 'recess']"
7976,2025-01-26,dance events plus a letter,"['bally', 'discog', 'promo', 'raven']"
7977,2025-01-26,parts of a big rig,"['axles', 'hitch', 'tractor', 'trailer']"
7978,2025-01-26,keep apart,"['cloister', 'seclude', 'separate', 'silo']"
7979,2025-01-26,ways to get food,"['farm', 'fish', 'gather', 'hunt']"
7980,2025-01-27,seen in “the shining”,"['axe', 'hedge maze', 'twins', 'typewriter']"
7981,2025-01-27,“extra virgin olive oil”,"['extra', 'oil', 'olive', 'virgin']"
7982,2025-01-27,protective coverings in nature,"['bark', 'scales', 'shell', 'skin']"
7983,2025-01-27,small amount of food to try,"['bite', 'mouthful', 'sample', 'taste']"
7984,2025-01-28,speed ___,"['bump', 'chess', 'demon', 'dial']"
7985,2025-01-28,candy bars minus “s”,"['airhead', 'mar', 'mound', 'snicker']"
7986,2025-01-28,resistance training equipment,"['band', 'bench', 'dumbbell', 'mat']"
7987,2025-01-28,funny person,"['card', 'character', 'joker', 'laugh']"
7988,2025-01-29,___ house,"['full', 'gingerbread', 'haunted', 'white']"
7989,2025-01-29,movie series with 2024 releases,"['alien', 'gladiator', 'venom', 'wicked']"
7990,2025-01-29,things you might do in your sleep,"['dream', 'drool', 'snore', 'talk']"
7991,2025-01-29,owned,"['bore', 'had', 'held', 'possessed']"
7992,2025-01-30,starting with european capitals,"['bernie', 'parish', 'rigatoni', 'romeo']"
7993,2025-01-30,"keep going on about, with “on”","['dwell', 'harp', 'insist', 'linger']"
7994,2025-01-30,game day fare,"['beer', 'dip', 'pizza', 'wings']"
7995,2025-01-30,intangible quality,"['air', 'aura', 'halo', 'vibe']"
7996,2025-01-31,starts of swimming strokes,"['back', 'breast', 'butter', 'free']"
7997,2025-01-31,ones with discerning tastes,"['connoisseur', 'critic', 'expert', 'snob']"
7998,2025-01-31,schnozz,"['beak', 'honker', 'snoot', 'snout']"
7999,2025-01-31,storage containers,"['case', 'chest', 'crate', 'trunk']"
8000,2025-02-01,strike a ___,"['chord', 'deal', 'match', 'pose']"
8001,2025-02-01,take issue with,"['contest', 'challenge', 'dispute', 'question']"
8002,2025-02-01,components of a mystery,"['alibi', 'clue', 'detective', 'suspect']"
8003,2025-02-01,tint,"['hue', 'shade', 'tinge', 'tone']"
8004,2025-02-02,words after “k”,"['mart', 'pop', 'street', 'swiss']"
8005,2025-02-02,tv comedy families,"['griffin', 'munster', 'partridge', 'pickles']"
8006,2025-02-02,birds that are verbs,"['duck', 'grouse', 'hawk', 'swallow']"
8007,2025-02-02,dejected,"['blue', 'down', 'hangdog', 'sorry']"
8008,2025-02-03,"bungle, with “up”","['foul', 'louse', 'muck', 'screw']"
8009,2025-02-03,bit of citrus garnish,"['slice', 'twist', 'wedge', 'zest']"
8010,2025-02-03,"tiny amount, with “a”","['bit', 'little', 'mite', 'tad']"
8011,2025-02-03,comment after an insult,"['burn', 'ouch', 'snap', 'zing']"
8012,2025-02-04,words before “fingers”,"['butter', 'chicken', 'lady', 'sticky']"
8013,2025-02-04,sports gambling terms,"['favorite', 'parlay', 'spread', 'under']"
8014,2025-02-04,smooth using friction,"['buff', 'file', 'grind', 'sand']"
8015,2025-02-04,conserve,"['keep', 'preserve', 'save', 'store']"
8016,2025-02-05,what “bill” might refer to,"['banknote', 'beak', 'invoice', 'william']"
8017,2025-02-05,things to do with a deck of cards,"['cut', 'deal', 'fan', 'shuffle']"
8018,2025-02-05,indication,"['flag', 'giveaway', 'sign', 'tell']"
8019,2025-02-05,parts of a compensation package,"['bonus', 'insurance', 'salary', 'vacation']"
8020,2025-02-06,first names in jazz,"['cab', 'count', 'dizzy', 'duke']"
8021,2025-02-06,things with necks,"['bottle', 'giraffe', 'guitar', 'lamp']"
8022,2025-02-06,magnanimous,"['grand', 'great', 'lofty', 'noble']"
8023,2025-02-06,delicate,"['faint', 'light', 'mild', 'soft']"
8024,2025-02-07,red ___,"['bull', 'cross', 'herring', 'velvet']"
8025,2025-02-07,associated with the genie in “aladdin”,"['blue', 'earring', 'lamp', 'wishes']"
8026,2025-02-07,things made of rubber,"['balloon', 'eraser', 'galosh', 'tire']"
8027,2025-02-07,be in charge of,"['direct', 'head', 'lead', 'run']"
8028,2025-02-08,___ food,"['fast', 'finger', 'junk', 'soul']"
8029,2025-02-08,time adverbs,"['later', 'now', 'soon', 'then']"
8030,2025-02-08,"scrunch, as fabric","['bunch', 'gather', 'ruffle', 'pucker']"
8031,2025-02-08,info on a baseball card,"['bio', 'player', 'stat', 'team']"
8032,2025-02-09,sci-fi franchises,"['alien', 'avatar', 'dune', 'tron']"
8033,2025-02-09,somebody,"['character', 'individual', 'party', 'person']"
8034,2025-02-09,used when serving soup,"['bowl', 'ladle', 'pot', 'spoon']"
8035,2025-02-09,massive,"['giant', 'jumbo', 'monster', 'super']"
8036,2025-02-10,words famously pronounced different ways,"['aunt', 'either', 'tomato', 'vase']"
8037,2025-02-10,"“aah, enough!”","['mercy', 'stop', 'truce', 'uncle']"
8038,2025-02-10,scents of wine,"['aroma', 'bouquet', 'nose', 'note']"
8039,2025-02-10,sprinkle,"['dust', 'pepper', 'scatter', 'shower']"
8040,2025-02-11,___cap,"['hub', 'knee', 'mad', 'night']"
8041,2025-02-11,yoga accessories,"['block', 'bolster', 'mat', 'strap']"
8042,2025-02-11,buster,"['bub', 'bud', 'jack', 'man']"
8043,2025-02-11,wrest,"['jerk', 'tug', 'wrench', 'yank']"
8044,2025-02-12,"starting with “shake, rattle and roll”","['android', 'rattlesnake', 'rollerblade', 'shakespeare']"
8045,2025-02-12,props for characters on “the simpsons”,"['donut', 'pacifier', 'saxophone', 'skateboard']"
8046,2025-02-12,bits in a variety show,"['dance', 'monologue', 'sketch', 'song']"
8047,2025-02-12,documents of ownership,"['certificate', 'deed', 'receipt', 'title']"
8048,2025-02-13,___ trip,"['ego', 'guilt', 'head', 'power']"
8049,2025-02-13,modal verbs,"['can', 'might', 'must', 'will']"
8050,2025-02-13,"demonstration, as of appreciation","['expression', 'gesture', 'symbol', 'token']"
8051,2025-02-13,template,"['blueprint', 'guide', 'model', 'mold']"
8052,2025-02-14,homophones of bodies of water,"['bae', 'creak', 'see', 'straight']"
8053,2025-02-14,words said to an unsuspecting person,"['boo', 'gotcha', 'guess who', 'surprise']"
8054,2025-02-14,things a rattlesnake does,"['hiss', 'rattle', 'shed', 'slither']"
8055,2025-02-14,mollycoddle,"['baby', 'humor', 'indulge', 'pamper']"
8056,2025-02-15,___cake,"['cheese', 'cup', 'pan', 'short']"
8057,2025-02-15,words shortened in rock genres,"['alternative', 'emotional', 'popular', 'progressive']"
8058,2025-02-15,words on a mac keyboard,"['command', 'control', 'option', 'return']"
8059,2025-02-15,divulge,"['blab', 'dish', 'spill', 'tell']"
8060,2025-02-16,dog breeds minus “er” sound,"['box', 'point', 'retrieve', 'set']"
8061,2025-02-16,famous puppets,"['lamb chop', 'oscar', 'punch', 'triumph']"
8062,2025-02-16,correspond well with,"['complement', 'fit', 'match', 'suit']"
8063,2025-02-16,glimmer,"['hint', 'suggestion', 'touch', 'trace']"
8064,2025-02-17,___fish,"['blow', 'cat', 'gold', 'sword']"
8065,2025-02-17,bowling results,"['double', 'spare', 'strike', 'turkey']"
8066,2025-02-17,follow a meandering course,"['curve', 'snake', 'weave', 'wind']"
8067,2025-02-17,time off,"['break', 'leave', 'rest', 'vacation']"
8068,2025-02-18,britishisms,"['butty', 'chippy', 'footy', 'telly']"
8069,2025-02-18,"substantial, as a meal","['filling', 'hearty', 'solid', 'square']"
8070,2025-02-18,accessible,"['available', 'handy', 'nearby', 'ready']"
8071,2025-02-18,crater,"['cavity', 'hole', 'hollow', 'pit']"
8072,2025-02-19,___tail,"['cock', 'mock', 'pig', 'pony']"
8073,2025-02-19,sounds a cuckoo clock makes,"['chime', 'cuckoo', 'tick', 'tock']"
8074,2025-02-19,small imperfection,"['dent', 'ding', 'nick', 'scratch']"
8075,2025-02-19,structures by the shore,"['boardwalk', 'dock', 'lighthouse', 'wharf']"
8076,2025-02-20,cookie cutter shapes in “squid game”,"['circle', 'star', 'triangle', 'umbrella']"
8077,2025-02-20,associated with early morning,"['dew', 'rooster', 'sunrise', 'worm']"
8078,2025-02-20,spend the night (at),"['bunk', 'crash', 'sleep', 'stay']"
8079,2025-02-20,alert,"['alarm', 'flare', 'signal', 'sos']"
8080,2025-02-21,objects that may be right- or left-handed,"['baseball glove', 'can opener', 'golf club', 'guitar']"
8081,2025-02-21,photoshop tools,"['eraser', 'eyedropper', 'lasso', 'magic wand']"
8082,2025-02-21,"collect, as from an orchard","['gather', 'harvest', 'pick', 'reap']"
8083,2025-02-21,way of solving a problem,"['answer', 'fix', 'remedy', 'solution']"
8084,2025-02-22,words after “golden”,"['doodle', 'goose', 'parachute', 'rod']"
8085,2025-02-22,supplies for macaroni art,"['glitter', 'glue', 'macaroni', 'paper']"
8086,2025-02-22,create some volume/texture in hair,"['crimp', 'curl', 'feather', 'tease']"
8087,2025-02-22,member of a team with the most championships in their respective sports,"['canadien', 'celtic', 'packer', 'yankee']"
8088,2025-02-23,proverbial things that are spilled,"['beans', 'guts', 'milk', 'tea']"
8089,2025-02-23,breakfast condiments,"['butter', 'hot sauce', 'jam', 'syrup']"
8090,2025-02-23,ways to preserve food,"['can', 'ferment', 'freeze', 'pickle']"
8091,2025-02-23,rub together,"['gnash', 'grate', 'grind', 'scrape']"
8092,2025-02-24,body parts plus letter,"['butte', 'china', 'hearth', 'shine']"
8093,2025-02-24,classic nautical tattoos,"['anchor', 'compass', 'mermaid', 'swallow']"
8094,2025-02-24,bend under pressure,"['bow', 'buckle', 'cave', 'give']"
8095,2025-02-24,eat voraciously,"['gobble', 'gulp', 'scarf', 'wolf']"
8096,2025-02-25,rhyme with u.s. coins,"['jenny', 'lime', 'mortar', 'pickle']"
8097,2025-02-25,rectangular prisms,"['brick', 'fish tank', 'microwave', 'shoebox']"
8098,2025-02-25,“many” in different languages,"['beaucoup', 'molto', 'mucho', 'multi']"
8099,2025-02-25,enthusiasm,"['gusto', 'passion', 'relish', 'zest']"
8100,2025-02-26,simpson family members with first letter changed,"['baggie', 'barge', 'comer', 'pisa']"
8101,2025-02-26,made with horizontal lines,"['dash', 'hyphen', 'minus', 'underscore']"
8102,2025-02-26,onetime,"['former', 'late', 'past', 'prior']"
8103,2025-02-26,expenditure,"['charge', 'cost', 'price', 'rate']"
8104,2025-02-27,ending with units of measure,"['bigfoot', 'compound', 'instagram', 'thermometer']"
8105,2025-02-27,levels of biological organization,"['atom', 'cell', 'organ', 'tissue']"
8106,2025-02-27,parts of a car,"['belt', 'horn', 'mirror', 'wheel']"
8107,2025-02-27,contact via telephone,"['call', 'dial', 'phone', 'ring']"
8108,2025-02-28,components of metaphors for things that can’t be undone,"['bell', 'egg', 'genie', 'toothpaste']"
8109,2025-02-28,lucidity,"['marbles', 'mind', 'sense', 'wits']"
8110,2025-02-28,lovely person,"['angel', 'dear', 'doll', 'peach']"
8111,2025-02-28,be indecisive,"['hesitate', 'waffle', 'waver', 'yo-yo']"
8112,2025-03-01,words before “cowboy” in film and music,"['drugstore', 'midnight', 'rhinestone', 'space']"
8113,2025-03-01,"broadway musicals, familiarly","['fiddler', 'merrily', 'phantom', 'sunset']"
8114,2025-03-01,to-bo- compound words,"['tollbooth', 'tomboy', 'toolbox', 'towboat']"
8115,2025-03-01,associated with good luck,"['horseshoe', 'ladybug', 'penny', 'shamrock']"
8116,2025-03-02,___string,"['draw', 'ham', 'heart', 'shoe']"
8117,2025-03-02,what “w” might stand for,"['tungsten', 'watt', 'west', 'win']"
8118,2025-03-02,evade,"['dodge', 'escape', 'lose', 'shake']"
8119,2025-03-02,cellphone modes,"['airplane', 'do not disturb', 'ring', 'vibrate']"
8120,2025-03-03,seen in “the flintstones”,"['bone', 'club', 'dinosaur', 'rubble']"
8121,2025-03-03,cylinder of material,"['bolt', 'reel', 'roll', 'scroll']"
8122,2025-03-03,formats of gold,"['bar', 'coin', 'leaf', 'nugget']"
8123,2025-03-03,be at leisure,"['chill', 'loaf', 'lounge', 'rest']"
8124,2025-03-04,___ chain,"['daisy', 'food', 'mountain', 'supply']"
8125,2025-03-04,dickens characters,"['bucket', 'pip', 'scrooge', 'twist']"
8126,2025-03-04,mess of hair,"['mat', 'mop', 'tangle', 'thatch']"
8127,2025-03-04,adjectives for nice skin,"['dewy', 'fresh', 'glowing', 'smooth']"
8128,2025-03-05,___ball recreational sports,"['dodge', 'kick', 'pickle', 'soft']"
8129,2025-03-05,what might bring tears to your eyes,"['allergy', 'melodrama', 'onion', 'relief']"
8130,2025-03-05,things people do to fingernails,"['bite', 'clip', 'file', 'paint']"
8131,2025-03-05,periphery,"['border', 'edge', 'fringe', 'skirt']"
8132,2025-03-06,sand___,"['castle', 'paper', 'piper', 'stone']"
8133,2025-03-06,shoes,"['flat', 'mary jane', 'mule', 'slide']"
8134,2025-03-06,do some tasks in the garden,"['plant', 'prune', 'water', 'weed']"
8135,2025-03-06,wane,"['dwindle', 'fade', 'peter', 'taper']"
8136,2025-03-07,fruits with their second letters changed,"['ample', 'dote', 'lumon', 'poach']"
8137,2025-03-07,u.s. cities,"['buffalo', 'helena', 'irving', 'phoenix']"
8138,2025-03-07,subjects of acclaimed musical biopics,"['brown', 'cash', 'dylan', 'mercury']"
8139,2025-03-07,emblem,"['label', 'mark', 'seal', 'stamp']"
8140,2025-03-08,___box,"['chatter', 'juke', 'shadow', 'soap']"
8141,2025-03-08,words said frequently in the “bill and ted” movies,"['bogus', 'dude', 'excellent', 'totally']"
8142,2025-03-08,washing machine cycles/settings,"['bulky', 'cotton', 'delicate', 'spin']"
8143,2025-03-08,faux,"['artificial', 'fake', 'imitation', 'mock']"
8144,2025-03-09,#1 songs from 1982,"['abracadabra', 'centerfold', 'mickey', 'physical']"
8145,2025-03-09,helpful deed,"['favor', 'kindness', 'service', 'solid']"
8146,2025-03-09,building materials,"['brick', 'concrete', 'metal', 'stone']"
8147,2025-03-09,computer input devices,"['microphone', 'mouse', 'scanner', 'tablet']"
8148,2025-03-10,associated with “the dude” lebowski,"['bathrobe', 'bowling', 'rug', 'white russian']"
8149,2025-03-10,attractions iconically different from their original forms,"['liberty bell', 'venus de milo', 'statue of liberty', 'tower of pisa']"
8150,2025-03-10,famous smiles,"['cheshire cat', 'comedy mask', 'joker', 'mona lisa']"
8151,2025-03-10,cat breeds,"['ragamuffin', 'russian blue', 'sphynx', 'turkish angora']"
8152,2025-03-11,singer-songwriter pianists,"['keys', 'king', 'legend', 'wonder']"
8153,2025-03-11,things traditionally made of leather,"['football', 'moccasins', 'saddle', 'wallet']"
8154,2025-03-11,things that ring,"['alarm', 'bell', 'intercom', 'phone']"
8155,2025-03-11,variation from the norm,"['alternative', 'break', 'change', 'departure']"
8156,2025-03-12,___ candy,"['cotton', 'eye', 'john', 'rock']"
8157,2025-03-12,words said to have no exact rhymes,"['month', 'orange', 'purple', 'silver']"
8158,2025-03-12,things that are red,"['cardinal', 'elmo', 'ketchup', 'rose']"
8159,2025-03-12,ingredients in classic pound cake,"['butter', 'eggs', 'flour', 'sugar']"
8160,2025-03-13,shakespearean words,"['anon', 'art', 'thou', 'wilt']"
8161,2025-03-13,cards in texas hold ’em,"['flop', 'hole', 'river', 'turn']"
8162,2025-03-13,"signal down, as a taxi","['flag', 'hail', 'wave', 'whistle']"
8163,2025-03-13,partiality,"['angle', 'bias', 'slant', 'spin']"
8164,2025-03-14,___ road,"['dirt', 'high', 'rocky', 'silk']"
8165,2025-03-14,movies of various lengths,"['epic', 'feature', 'film series', 'short']"
8166,2025-03-14,checkout line impulse buys,"['candy', 'chapstick', 'charging cable', 'magazine']"
8167,2025-03-14,"impose, as a penalty","['assess', 'charge', 'fine', 'levy']"
8168,2025-03-15,"in “star light, star bright”","['may', 'might', 'tonight', 'wish']"
8169,2025-03-15,litigation verbs,"['charge', 'move', 'serve', 'sue']"
8170,2025-03-15,features of stringed instruments,"['bridge', 'neck', 'peg', 'string']"
8171,2025-03-15,sharp protrusion,"['barb', 'bristle', 'needle', 'spine']"
8172,2025-03-16,starting with constellations,"['draconian', 'hydrant', 'leonardo', 'library']"
8173,2025-03-16,serial killer movies,"['monster', 'psycho', 'seven', 'zodiac']"
8174,2025-03-16,ending with silent “t”,"['ballet', 'debut', 'rapport', 'tarot']"
8175,2025-03-16,bunch,"['cluster', 'collection', 'constellation', 'group']"
8176,2025-03-17,bands minus the number five,"['ben folds', 'jackson', 'maroon', 'mc']"
8177,2025-03-17,kinds of trucks,"['dump', 'garbage', 'monster', 'pickup']"
8178,2025-03-17,uninhibitedness,"['abandon', 'freedom', 'spontaneity', 'unrestraint']"
8179,2025-03-17,filament,"['fiber', 'strand', 'string', 'thread']"
8180,2025-03-18,plural words that are very different from their singular forms,"['dice', 'lice', 'mice', 'oxen']"
8181,2025-03-18,plural animals identical to their singular forms,"['deer', 'sheep', 'shrimp', 'squid']"
8182,2025-03-18,german words,"['angst', 'die', 'kinder', 'wurst']"
8183,2025-03-18,exceptional,"['remarkable', 'singular', 'special', 'unique']"
8184,2025-03-19,à/a la ___,"['carte', 'king', 'mode', 'plancha']"
8185,2025-03-19,parts of a road,"['divider', 'lane', 'median', 'shoulder']"
8186,2025-03-19,web browser buttons,"['back', 'extensions', 'forward', 'refresh']"
8187,2025-03-19,signify,"['convey', 'express', 'mean', 'spell']"
8188,2025-03-20,things in bottles,"['genie', 'lightning', 'message', 'ship']"
8189,2025-03-20,kinds of cords,"['bungee', 'extension', 'spinal', 'umbilical']"
8190,2025-03-20,bodies of water,"['bay', 'channel', 'sound', 'strait']"
8191,2025-03-20,outspoken,"['direct', 'frank', 'loud', 'vocal']"
8192,2025-03-21,bar ___,"['chart', 'exam', 'mitzvah', 'soap']"
8193,2025-03-21,architectural drawing tools,"['compass', 'ruler', 'stencil', 't-square']"
8194,2025-03-21,luminary,"['great', 'icon', 'legend', 'lion']"
8195,2025-03-21,milieu,"['circle', 'scene', 'sphere', 'world']"
8196,2025-03-22,words abbreviated with “t” + letter,"['television', 'touchdown', 'trademark', 'tuberculosis']"
8197,2025-03-22,words with the prefix meaning “three”,"['triangle', 'trident', 'trillion', 'trilobite']"
8198,2025-03-22,knickknack,"['tchotchke', 'thingamajig', 'trifle', 'trinket']"
8199,2025-03-22,musical instruments,"['tambourine', 'theremin', 'timpani', 'trombone']"
8200,2025-03-23,words repeated in “miss mary mack”,"['back', 'black', 'buttons', 'mack']"
8201,2025-03-23,words that modify “watch”,"['pocket', 'smart', 'stop', 'wrist']"
8202,2025-03-23,things with wings,"['airplane', 'fairy', 'fly', 'hospital']"
8203,2025-03-23,captivate,"['absorb', 'entrance', 'grab', 'rivet']"
8204,2025-03-24,things with layers,"['earth', 'henhouse', 'onion', 'photoshop']"
8205,2025-03-24,"who video games are for, per esrb ratings","['adults only', 'everyone', 'teen', 'mature']"
8206,2025-03-24,unfluctuating,"['constant', 'level', 'stable', 'uniform']"
8207,2025-03-24,bad-smelling,"['foul', 'rank', 'ripe', 'sour']"
8208,2025-03-25,clear as ___,"['a bell', 'crystal', 'day', 'mud']"
8209,2025-03-25,u.s. presidential nicknames,"['abe', 'cal', 'dick', 'teddy']"
8210,2025-03-25,anagrams,"['abel', 'able', 'bale', 'bela']"
8211,2025-03-25,black-and-white things,"['crossword', 'oreo', 'panda', 'tuxedo']"
8212,2025-03-26,units of volume plus letter,"['bounce', 'galleon', 'pinot', 'quartz']"
8213,2025-03-26,kinds of digital storage,"['card', 'cloud', 'disk', 'drive']"
8214,2025-03-26,"increased, with “up”","['flew', 'rose', 'shot', 'thrust']"
8215,2025-03-26,parts of a table setting,"['fork', 'glass', 'napkin', 'plate']"
8216,2025-03-27,objects with the prefix “micro-”,"['chip', 'phone', 'scope', 'wave']"
8217,2025-03-27,slang for money,"['change', 'green', 'paper', 'scratch']"
8218,2025-03-27,you got it!,"['bingo', 'correct', 'ding', 'right']"
8219,2025-03-27,affect,"['move', 'reach', 'sway', 'touch']"
8220,2025-03-28,___ hall,"['bingo', 'city', 'monty', 'study']"
8221,2025-03-28,parts of a classic girl scout uniform,"['badge', 'beret', 'sash', 'skirt']"
8222,2025-03-28,be on both sides of,"['bookend', 'bracket', 'flank', 'surround']"
8223,2025-03-28,hurl,"['chuck', 'pelt', 'pitch', 'sling']"
8224,2025-03-29,movies from 1985,"['brazil', 'clue', 'commando', 'witness']"
8225,2025-03-29,nouns in a famous palindrome,"['canal', 'man', 'panama', 'plan']"
8226,2025-03-29,kinds of shorts,"['bermuda', 'bike', 'boxer', 'cargo']"
8227,2025-03-29,materials associated with fancy dining,"['china', 'crystal', 'linen', 'silver']"
8228,2025-03-30,___man,"['bogey', 'crafts', 'gentle', 'spokes']"
8229,2025-03-30,proper nouns in broadway musical titles that are spoken phrases,"['birdie', 'dolly', 'kate', 'yankees']"
8230,2025-03-30,pictured on the u.s. great seal,"['arrows', 'eagle', 'olive branch', 'shield']"
8231,2025-03-30,average,"['mean', 'norm', 'par', 'standard']"
8232,2025-03-31,___play,"['fore', 'horse', 'screen', 'word']"
8233,2025-03-31,atm options,"['balance', 'deposit', 'transfer', 'withdrawal']"
8234,2025-03-31,also,"['as well', 'besides', 'to boot', 'too']"
8235,2025-03-31,consumed,"['ate', 'had', 'put away', 'took in']"
8236,2025-04-01,"""right""","['', '', ',']"
8237,2025-04-01,emoticon mouths,"['', '', ',']"
8238,2025-04-01,and/together with,"['', '', ',']"
8239,2025-04-01,currency symbols,"['', '', ',']"
8240,2025-04-02,words pronounced differently as proper nouns,"['herb', 'job', 'nice', 'reading']"
8241,2025-04-02,williamses,"['hank', 'robin', 'tennessee', 'venus']"
8242,2025-04-02,ilk,"['kind', 'like', 'sort', 'type']"
8243,2025-04-02,caprice,"['fancy', 'impulse', 'lark', 'whim']"
8244,2025-04-03,palm ___,"['beach', 'reader', 'sunday', 'tree']"
8245,2025-04-03,things with tabs,"['browser', 'folder', 'keyboard', 'soda can']"
8246,2025-04-03,seen at a grocery checkout counter,"['conveyor belt', 'register', 'scale', 'scanner']"
8247,2025-04-03,printed notification,"['announcement', 'bulletin', 'notice', 'poster']"
8248,2025-04-04,companies with “e” removed,"['bay', 'harmony', 'ink', 'trade']"
8249,2025-04-04,baseball venues,"['diamond', 'field', 'park', 'stadium']"
8250,2025-04-04,car trip,"['cruise', 'drive', 'ride', 'spin']"
8251,2025-04-04,what’s leftover,"['balance', 'difference', 'remainder', 'rest']"
8252,2025-04-05,ending with medieval weapons,"['crossword', 'grimace', 'rainbow', 'semblance']"
8253,2025-04-05,magazines,"['billboard', 'people', 'star', 'time']"
8254,2025-04-05,parts of a website,"['banner', 'header', 'menu', 'sidebar']"
8255,2025-04-05,employ,"['contract', 'engage', 'retain', 'sign']"
8256,2025-04-06,___ joint,"['dovetail', 'hip', 'pizza', 'spike lee']"
8257,2025-04-06,what an electrometer measures,"['charge', 'current', 'resistance', 'voltage']"
8258,2025-04-06,utilities,"['cable', 'gas', 'trash', 'water']"
8259,2025-04-06,aloof,"['cool', 'distant', 'remote', 'reserved']"
8260,2025-04-07,foot___,"['ball', 'hills', 'locker', 'print']"
8261,2025-04-07,picture hanging needs,"['hammer', 'hanger', 'level', 'nail']"
8262,2025-04-07,landforms,"['cape', 'crater', 'gorge', 'ridge']"
8263,2025-04-07,throb,"['beat', 'pound', 'pulse', 'thump']"
8264,2025-04-08,words pronounced “sh” without an “sh”,"['sean', 'siobhan', 'sugar', 'sure']"
8265,2025-04-08,old testament books,"['daniel', 'job', 'judges', 'numbers']"
8266,2025-04-08,radio lingo,"['copy', 'negative', 'over', 'roger']"
8267,2025-04-08,prick,"['jab', 'pierce', 'poke', 'stick']"
8268,2025-04-09,fox___,"['hole', 'hound', 'glove', 'trot']"
8269,2025-04-09,animals in the witches' brew in “macbeth”,"['bat', 'dog', 'frog', 'newt']"
8270,2025-04-09,punch,"['pop', 'pound', 'slug', 'sock']"
8271,2025-04-09,round three-dimensional objects,"['ball', 'globe', 'orb', 'sphere']"
8272,2025-04-10,spanish words,"['ella', 'gusto', 'mayo', 'soy']"
8273,2025-04-10,anti-spirit of christmas,"['bah', 'coal', 'grinch', 'naughty']"
8274,2025-04-10,supply,"['mine', 'reserve', 'store', 'well']"
8275,2025-04-10,shades of yellow,"['canary', 'gold', 'lemon', 'mustard']"
8276,2025-04-11,words after “go”,"['all out', 'between', 'kart', 'steady']"
8277,2025-04-11,places to find stars,"['american flag', 'galaxy', 'red carpet', 'uber rating']"
8278,2025-04-11,places used in retail suffixes,"['city', 'land', 'town', 'world']"
8279,2025-04-11,sources of vitamins,"['citrus', 'leafy greens', 'sunshine', 'supplements']"
8280,2025-04-12,starts of african countries,"['bots', 'came', 'ken', 'tan']"
8281,2025-04-12,n.b.a. player,"['buck', 'net', 'spur', 'sun']"
8282,2025-04-12,do wrong,"['err', 'fall', 'sin', 'stray']"
8283,2025-04-12,short period of time,"['bit', 'flash', 'jiff', 'sec']"
8284,2025-04-13,___berry,"['caper', 'elder', 'goose', 'logan']"
8285,2025-04-13,font-modifying words,"['gothic', 'roman', 'sans', 'typewriter']"
8286,2025-04-13,attendance status,"['absent', 'excused', 'late', 'present']"
8287,2025-04-13,steal,"['nick', 'pinch', 'pocket', 'swipe']"
8288,2025-04-14,what “ford” might refer to,"['actor', 'car', 'director', 'president']"
8289,2025-04-14,associated with the game the oregon trail,"['dysentery', 'ford', 'hunt', 'oxen']"
8290,2025-04-14,ticketed events,"['concert', 'game', 'movie', 'play']"
8291,2025-04-14,restrict,"['block', 'check', 'dam', 'stop']"
8292,2025-04-15,second words of “peter pan” characters,"['bell', 'darling', 'hook', 'pan']"
8293,2025-04-15,elements of greek drama,"['chorus', 'hero', 'hubris', 'tragedy']"
8294,2025-04-15,card games,"['bridge', 'hearts', 'speed', 'spoons']"
8295,2025-04-15,desist,"['abstain', 'avoid', 'cease', 'refrain']"
8296,2025-04-16,latin dances with a vowel changed,"['mamba', 'meringue', 'simba', 'tangy']"
8297,2025-04-16,they roar,"['crowd', 'engine', 'katy perry', 'lion']"
8298,2025-04-16,mess up the surface of,"['scar', 'scrape', 'scratch', 'score']"
8299,2025-04-16,burlesque wear,"['boa', 'corset', 'garter', 'stockings']"
8300,2025-04-17,baseball greats,"['bonds', 'mantle', 'trout', 'young']"
8301,2025-04-17,units of beer,"['case', 'forty', 'growler', 'six-pack']"
8302,2025-04-17,components of a pizza,"['cheese', 'crust', 'sauce', 'toppings']"
8303,2025-04-17,central section of the body,"['core', 'midriff', 'torso', 'trunk']"
8304,2025-04-18,personal property minus “s”,"['belonging', 'effect', 'good', 'possession']"
8305,2025-04-18,things you can pick,"['apple', 'banjo', 'card', 'nose']"
8306,2025-04-18,"horror movies, with “the”","['birds', 'exorcist', 'haunting', 'shining']"
8307,2025-04-18,interjections,"['boy', 'goodness', 'man', 'wow']"
8308,2025-04-19,represented by three-digit numbers,"['cannabis', 'devil', 'intro class', 'james bond']"
8309,2025-04-19,"dog breeds, informally","['bully', 'chow', 'golden', 'lab']"
8310,2025-04-19,adjectives for a desert,"['dry', 'hot', 'sandy', 'vast']"
8311,2025-04-19,spoken presentation,"['address', 'lecture', 'speech', 'talk']"
8312,2025-04-20,words before “hop”,"['bar', 'bunny', 'hip', 'sock']"
8313,2025-04-20,things you can crack,"['code', 'egg', 'joke', 'whip']"
8314,2025-04-20,needs for tie-dyeing a shirt,"['basin', 'dye', 'rubber bands', 'shirt']"
8315,2025-04-20,glimpse,"['gander', 'glance', 'look', 'peep']"
8316,2025-04-21,helical things,"['corkscrew', 'dna', 'fusilli', 'spring']"
8317,2025-04-21,things you can insert into a spreadsheet,"['cell', 'column', 'row', 'sheet']"
8318,2025-04-21,metaphor for something unexpected,"['bombshell', 'curveball', 'twist', 'wrench']"
8319,2025-04-21,info on a nutrition label,"['fat', 'iron', 'protein', 'sodium']"
8320,2025-04-22,natural producers of heat,"['fire', 'lightning', 'sun', 'volcano']"
8321,2025-04-22,things that are slippery,"['banana peel', 'eel', 'grease', 'ice']"
8322,2025-04-22,seen in a pottery studio,"['clay', 'glaze', 'kiln', 'wheel']"
8323,2025-04-22,"cancel, as a project","['axe', 'cut', 'drop', 'scrap']"
8324,2025-04-23,___pole,"['bean', 'flag', 'may', 'tad']"
8325,2025-04-23,comedic routine,"['act', 'bit', 'gag', 'sketch']"
8326,2025-04-23,canine/feline features,"['fur', 'muzzle', 'paw', 'tail']"
8327,2025-04-23,parts of a tree,"['branch', 'leaf', 'root', 'trunk']"
8328,2025-04-24,they have literal/idiomatic ears,"['cornfield', 'musicians', 'pitchers', 'walls']"
8329,2025-04-24,“batman” villains,"['bane', 'joker', 'penguin', 'scarecrow']"
8330,2025-04-24,kinds of lettuce,"['butter', 'iceberg', 'leaf', 'romaine']"
8331,2025-04-24,things that are white,"['baby powder', 'milk', 'polar bear', 'snow']"
8332,2025-04-25,___ tube,"['fallopian', 'inner', 'test', 'vacuum']"
8333,2025-04-25,great american songbook songs,"['autumn leaves', 'summertime', 'unforgettable', 'witchcraft']"
8334,2025-04-25,starting point,"['catalyst', 'launchpad', 'spark', 'springboard']"
8335,2025-04-25,gum flavors,"['bubblegum', 'cinnamon', 'menthol', 'wintergreen']"
8336,2025-04-26,color anagrams,"['dre', 'gary', 'genre', 'lube']"
8337,2025-04-26,bobs,"['dole', 'hope', 'marley', 'ross']"
8338,2025-04-26,valley,"['dale', 'dell', 'glen', 'hollow']"
8339,2025-04-26,tint,"['color', 'hue', 'shade', 'tone']"
8340,2025-04-27,swedish ___,"['chef', 'fish', 'massage', 'meatball']"
8341,2025-04-27,salty snack unit,"['combo', 'goldfish', 'ruffle', 'taki']"
8342,2025-04-27,amounts of hair,"['lock', 'shock', 'thatch', 'tuft']"
8343,2025-04-27,calculator buttons,"['equals', 'minus', 'percent', 'times']"
8344,2025-04-28,weary,"['bore', 'drain', 'exhaust', 'tire']"
8345,2025-04-28,clues at a crime scene,"['fiber', 'fingerprint', 'hair', 'tire mark']"
8346,2025-04-28,austere,"['bare', 'plain', 'simple', 'spare']"
8347,2025-04-28,hair products,"['gel', 'mousse', 'spray', 'wax']"
8348,2025-04-29,"what ""diamond"" can refer to","['gemstone', 'infield', 'rhombus', 'suit']"
8349,2025-04-29,things to climb,"['ladder', 'mountain', 'rope', 'tree']"
8350,2025-04-29,seen on a table at a dinner party,"['candlestick', 'pitcher', 'placemat', 'plate']"
8351,2025-04-29,cooking concoctions,"['batter', 'dough', 'mixture', 'paste']"
8352,2025-04-30,ending with synonyms for “yuck”,"['dynasty', 'engross', 'gimmick', 'mildew']"
8353,2025-04-30,reputation,"['face', 'image', 'regard', 'standing']"
8354,2025-04-30,accommodation,"['capacity', 'chairs', 'room', 'seating']"
8355,2025-04-30,parts of a shoe,"['heel', 'sole', 'tongue', 'upper']"
8356,2025-05-01,"words that precede ""-size"" to mean small","['bite', 'fun', 'pocket', 'travel']"
8357,2025-05-01,movie camera verbs,"['dolly', 'pan', 'tilt', 'zoom']"
8358,2025-05-01,"stop, as a habit","['break', 'drop', 'kick', 'shake']"
8359,2025-05-01,winnings,"['pot', 'prize', 'purse', 'reward']"
8360,2025-05-02,___neck,"['bottle', 'break', 'goose', 'turtle']"
8361,2025-05-02,bbq offering,"['dog', 'link', 'rib', 'wing']"
8362,2025-05-02,pillar,"['brace', 'post', 'prop', 'support']"
8363,2025-05-02,kinds of carvings,"['bust', 'relief', 'statue', 'torso']"
8364,2025-05-03,url endings plus a letter,"['comp', 'milk', 'neti', 'orgo']"
8365,2025-05-03,“will” contractions without the apostrophe,"['hell', 'ill', 'shell', 'well']"
8366,2025-05-03,defeat soundly,"['cream', 'lick', 'paste', 'smoke']"
8367,2025-05-03,awesome,"['dope', 'fire', 'lit', 'sick']"
8368,2025-05-04,planets/dwarf planet with first letter changed,"['bluto', 'cars', 'darth', 'genus']"
8369,2025-05-04,ingredients in bubble tea,"['boba', 'milk', 'sugar', 'tea']"
8370,2025-05-04,play some electric guitar,"['jam', 'noodle', 'shred', 'solo']"
8371,2025-05-04,qualities of overcooked meat,"['chewy', 'dry', 'stringy', 'tough']"
8372,2025-05-05,things that are long and cylindrical,"['baton', 'cigar', 'hoagie', 'torpedo']"
8373,2025-05-05,stop changing,"['flatten', 'level', 'plateau', 'settle']"
8374,2025-05-05,associated with count dracula,"['bat', 'cape', 'castle', 'fang']"
8375,2025-05-05,glide,"['coast', 'cruise', 'drift', 'float']"
8376,2025-05-06,starting with synonyms for “tease”,"['kidney', 'mockingbird', 'razzmatazz', 'ribbon']"
8377,2025-05-06,comparatively small,"['baby', 'compact', 'minute', 'toy']"
8378,2025-05-06,tennis competition units,"['game', 'match', 'set', 'tournament']"
8379,2025-05-06,silence,"['calm', 'hush', 'peace', 'still']"
8380,2025-05-07,homophones of gemstones,"['choral', 'opel', 'purl', 'quarts']"
8381,2025-05-07,tarot minor arcana suits,"['cups', 'pentacles', 'swords', 'wands']"
8382,2025-05-07,not including,"['besides', 'but', 'except', 'save']"
8383,2025-05-07,"get better, as a broken bone","['heal', 'knit', 'mend', 'recover']"
8384,2025-05-08,___stick,"['candle', 'chop', 'joy', 'yard']"
8385,2025-05-08,heroes of action movie franchises,"['bond', 'jones', 'ocean', 'wick']"
8386,2025-05-08,needs for playing yahtzee,"['cup', 'dice', 'pencil', 'scorecard']"
8387,2025-05-08,commit to paper,"['author', 'compose', 'pen', 'write']"
8388,2025-05-09,window treatments in the singular,"['blind', 'drape', 'shade', 'shutter']"
8389,2025-05-09,results of some arithmetic,"['difference', 'product', 'quotient', 'sum']"
8390,2025-05-09,"fuzzy, as a memory","['dim', 'faint', 'remote', 'vague']"
8391,2025-05-09,tv display settings,"['brightness', 'color', 'contrast', 'tint']"
8392,2025-05-10,___ strip,"['bacon', 'comic', 'landing', 'sunset']"
8393,2025-05-10,vigor,"['beans', 'energy', 'pep', 'zip']"
8394,2025-05-10,without,"['absent', 'minus', 'sans', 'wanting']"
8395,2025-05-10,letter sign-offs,"['best', 'cheers', 'love', 'sincerely']"
8396,2025-05-11,mother ___,"['earth', 'goose', 'may i', 'superior']"
8397,2025-05-11,common video game features,"['boss', 'level', 'health', 'power-up']"
8398,2025-05-11,evade,"['dodge', 'duck', 'shake', 'skirt']"
8399,2025-05-11,make happy,"['delight', 'please', 'suit', 'tickle']"
8400,2025-05-12,things you can do with your lips,"['curl', 'pucker', 'purse', 'smack']"
8401,2025-05-12,things tracked by web analytics,"['click', 'hit', 'page view', 'visit']"
8402,2025-05-12,rebound,"['bank', 'bounce', 'carom', 'ricochet']"
8403,2025-05-12,places to find paper money,"['atm', 'cash register', 'tip jar', 'wallet']"
8404,2025-05-13,___ cleaner,"['bathroom', 'dry', 'pipe', 'vacuum']"
8405,2025-05-13,ending with colors,"['evergreen', 'infrared', 'marigold', 'quicksilver']"
8406,2025-05-13,kinds of pizza,"['hawaiian', 'plain', 'supreme', 'veggie']"
8407,2025-05-13,places to shop,"['bazaar', 'fair', 'market', 'outlet']"
8408,2025-05-14,starting with silent letters,"['gnome', 'knee', 'mnemonic', 'psyche']"
8409,2025-05-14,titular talking animals of film,"['babe', 'bolt', 'dumbo', 'ted']"
8410,2025-05-14,greek prefixes,"['hyper', 'kilo', 'meta', 'neo']"
8411,2025-05-14,absorb using capillary action,"['draw', 'pull', 'suck', 'wick']"
8412,2025-05-15,real ___,"['deal', 'estate', 'madrid', 'world']"
8413,2025-05-15,last words of famous opera titles,"['bess', 'butterfly', 'flute', 'seville']"
8414,2025-05-15,types of snow,"['crust', 'ice', 'powder', 'slush']"
8415,2025-05-15,rationale,"['basis', 'foundation', 'grounds', 'reason']"
8416,2025-05-16,ending with building materials,"['hollywood', 'hourglass', 'kubrick', 'neuroplastic']"
8417,2025-05-16,associated with bulls,"['michael jordan', 'rodeo', 'taurus', 'wall street']"
8418,2025-05-16,discontinue,"['dissolve', 'end', 'scrap', 'sunset']"
8419,2025-05-16,kinds of plants,"['herb', 'shrub', 'tree', 'vine']"
8420,2025-05-17,“e” things,"['commerce', 'mail', 'scooter', 'signature']"
8421,2025-05-17,kinds of penguins,"['chinstrap', 'emperor', 'king', 'macaroni']"
8422,2025-05-17,graduated instruments,"['beaker', 'protractor', 'ruler', 'syringe']"
8423,2025-05-17,member of a kingdom in taxonomy,"['animal', 'bacteria', 'fungus', 'plant']"
8424,2025-05-18,what “a” might mean,"['area', 'athletic', 'excellent', 'one']"
8425,2025-05-18,up for anything,"['easy', 'flexible', 'game', 'open']"
8426,2025-05-18,encouraging responses in a guessing game,"['almost', 'close', 'not quite', 'warm']"
8427,2025-05-18,tasks for a student,"['assignment', 'drill', 'exercise', 'lesson']"
8428,2025-05-19,homophones of parts of the foot,"['bawl', 'heal', 'soul', 'tow']"
8429,2025-05-19,features of a toothed whale,"['blubber', 'flipper', 'fluke', 'melon']"
8430,2025-05-19,spaces on a monopoly board,"['avenue', 'chance', 'railroad', 'utility']"
8431,2025-05-19,fundraising event,"['ball', 'benefit', 'gala', 'function']"
8432,2025-05-20,words before “bed”,"['canopy', 'day', 'murphy', 'water']"
8433,2025-05-20,detectives of kid-lit,"['brown', 'drew', 'hardy', 'holmes']"
8434,2025-05-20,seen in a barn,"['bale', 'horse', 'pitchfork', 'trough']"
8435,2025-05-20,account book,"['ledger', 'log', 'record', 'register']"
8436,2025-05-21,things that open like a clam,"['clam', 'compact', 'laptop', 'waffle iron']"
8437,2025-05-21,medicine formats,"['cream', 'patch', 'spray', 'tablet']"
8438,2025-05-21,folders on a mac,"['desktop', 'music', 'pictures', 'trash']"
8439,2025-05-21,"prohibit, as entry","['bar', 'block', 'deny', 'refuse']"
8440,2025-05-22,famous riddle-givers,"['bridge troll', 'mad hatter', 'riddler', 'sphinx']"
8441,2025-05-22,features of the national mall in d.c.,"['capitol', 'mall', 'obelisk', 'pool']"
8442,2025-05-22,characters with green skin,"['elphaba', 'grinch', 'hulk', 'shrek']"
8443,2025-05-22,fine print,"['asterisk', 'catch', 'condition', 'strings']"
8444,2025-05-23,what “cat’s eye” can be used to describe,"['eyeliner', 'glasses', 'marble', 'nebula']"
8445,2025-05-23,british imperial units of weight,"['dram', 'ounce', 'pound', 'stone']"
8446,2025-05-23,one’s constitution,"['character', 'fiber', 'makeup', 'nature']"
8447,2025-05-23,quite the party,"['bash', 'blast', 'blowout', 'rave']"
8448,2025-05-24,black women authors,"['butler', 'gay', 'hooks', 'walker']"
8449,2025-05-24,new york sports team members,"['jet', 'met', 'net', 'ranger']"
8450,2025-05-24,"kinds of pants minus ""s""","['capri', 'jean', 'jogger', 'slack']"
8451,2025-05-24,baby gear,"['bib', 'bottle', 'monitor', 'stroller']"
8452,2025-05-25,___ mail,"['chain', 'electronic', 'junk', 'snail']"
8453,2025-05-25,ear piercing sites,"['conch', 'helix', 'lobe', 'rook']"
8454,2025-05-25,doppelgänger,"['clone', 'double', 'ringer', 'twin']"
8455,2025-05-25,playing cards,"['ace', 'jack', 'king', 'queen']"
8456,2025-05-26,card games with first letter changed,"['din', 'fridge', 'gummy', 'joker']"
8457,2025-05-26,lingerie,"['garter', 'hose', 'slip', 'teddy']"
8458,2025-05-26,diametric,"['counter', 'opposite', 'polar', 'reverse']"
8459,2025-05-26,items in a linen closet,"['pillowcase', 'sheet', 'towel', 'washcloth']"
8460,2025-05-27,what characters were transformed into in “beauty and the beast”,"['beast', 'candelabra', 'clock', 'teacup']"
8461,2025-05-27,guitar playing techniques,"['bend', 'pick', 'slide', 'strum']"
8462,2025-05-27,airport features,"['carousel', 'food court', 'gate', 'lounge']"
8463,2025-05-27,round flat things,"['coaster', 'frisbee', 'pancake', 'record']"
8464,2025-05-28,music genres plus a letter,"['bluest', 'pope', 'rocky', 'skat']"
8465,2025-05-28,best picture winners since 2000,"['chicago', 'crash', 'gladiator', 'moonlight']"
8466,2025-05-28,parts of a bike,"['chain', 'pedal', 'saddle', 'wheel']"
8467,2025-05-28,connect,"['bridge', 'join', 'link', 'unite']"
8468,2025-05-29,what “buff” might mean,"['enthusiast', 'muscular', 'nude', 'polish']"
8469,2025-05-29,verbs for finishing donuts,"['frost', 'glaze', 'powder', 'sprinkle']"
8470,2025-05-29,suitable,"['apt', 'fit', 'proper', 'right']"
8471,2025-05-29,salute,"['applaud', 'hail', 'honor', 'praise']"
8472,2025-05-30,words before “shack”,"['caddy', 'love', 'radio', 'shake']"
8473,2025-05-30,common swag items,"['hat', 'tee', 'tote', 'water bottle']"
8474,2025-05-30,they're on a roll!,"['foil', 'tape', 'ribbon', 'toilet paper']"
8475,2025-05-30,rods,"['bat', 'club', 'staff', 'stick']"
8476,2025-05-31,things you can blow,"['bubble', 'fuse', 'kiss', 'raspberry']"
8477,2025-05-31,verbs in breadmaking,"['ferment', 'proof', 'rest', 'rise']"
8478,2025-05-31,ways to recognize achievement,"['certificate', 'medal', 'plaque', 'trophy']"
8479,2025-05-31,alcove,"['cavity', 'hollow', 'nook', 'recess']"
8480,2025-06-01,___ fund,"['hedge', 'mutual', 'slush', 'trust']"
8481,2025-06-01,"ensure, as a victory","['cinch', 'guarantee', 'ice', 'lock']"
8482,2025-06-01,compete in a modern pentathlon,"['fence', 'ride', 'shoot', 'swim']"
8483,2025-06-01,local watering hole,"['dive', 'establishment', 'haunt', 'joint']"
8484,2025-06-02,names ending in “k” plus word,"['frankincense', 'jackpot', 'markdown', 'nickname']"
8485,2025-06-02,words whose only vowel is “y”,"['myrrh', 'nymph', 'rhythm', 'sphynx']"
8486,2025-06-02,hold dear,"['esteem', 'prize', 'treasure', 'value']"
8487,2025-06-02,expedition,"['journey', 'odyssey', 'quest', 'voyage']"
8488,2025-06-03,things you can practice,"['law', 'medicine', 'self-care', 'witchcraft']"
8489,2025-06-03,kinds of bracelets,"['charm', 'friendship', 'id', 'tennis']"
8490,2025-06-03,copacetic,"['fine', 'hunky-dory', 'ok', 'swell']"
8491,2025-06-03,be ostentatious,"['grandstand', 'posture', 'showboat', 'swagger']"
8492,2025-06-04,imagery in magritte paintings,"['apple', 'bowler', 'cloud', 'pipe']"
8493,2025-06-04,things in an entryway,"['bench', 'coat rack', 'console', 'runner']"
8494,2025-06-04,support audibly,"['cheer', 'clap', 'root', 'whistle']"
8495,2025-06-04,parts of a song,"['bridge', 'chorus', 'hook', 'refrain']"
8496,2025-06-05,best female rock performance grammy winners,"['apple', 'crow', 'summer', 'turner']"
8497,2025-06-05,ways to modify a car's exterior,"['bumper', 'grille', 'rim', 'spoiler']"
8498,2025-06-05,plumbing equipment,"['pipe', 'plunger', 'snake', 'wrench']"
8499,2025-06-05,precipice,"['brink', 'cusp', 'eve', 'verge']"
8500,2025-06-06,ending with kinds of dogs,"['newshound', 'shadowboxer', 'snickerdoodle', 'trendsetter']"
8501,2025-06-06,what “con” might mean,"['convention', 'criminal', 'drawback', 'swindle']"
8502,2025-06-06,everyday,"['common', 'regular', 'routine', 'standard']"
8503,2025-06-06,newspaper jobs,"['columnist', 'editor', 'photographer', 'reporter']"
8504,2025-06-07,spring ___,"['chicken', 'equinox', 'fling', 'onion']"
8505,2025-06-07,ditty,"['air', 'number', 'song', 'strain']"
8506,2025-06-07,establish,"['found', 'institute', 'launch', 'start']"
8507,2025-06-07,tips for working out safely,"['breathe', 'hydrate', 'rest', 'stretch']"
8508,2025-06-08,homophones of slang for money,"['bred', 'cache', 'doe', 'lute']"
8509,2025-06-08,sidebar info on a person’s wikipedia page,"['born', 'education', 'occupation', 'spouse']"
8510,2025-06-08,animal metaphors in economics,"['bear', 'bull', 'dove', 'hawk']"
8511,2025-06-08,persist,"['hold', 'last', 'stand', 'stay']"
8512,2025-06-09,spelling bee ranks minus a letter,"['genus', 'goo', 'mazing', 'slid']"
8513,2025-06-09,crime organization,"['crew', 'family', 'ring', 'syndicate']"
8514,2025-06-09,secure in advance,"['book', 'order', 'request', 'reserve']"
8515,2025-06-09,keyboard shortcut commands,"['paste', 'print', 'quit', 'save']"
8516,2025-06-10,___ duty,"['civic', 'customs', 'heavy', 'jury']"
8517,2025-06-10,'80s slang,"['chill', 'psych', 'radical', 'word']"
8518,2025-06-10,things you can insert in a document,"['chart', 'image', 'table', 'text box']"
8519,2025-06-10,arbitrate,"['chair', 'judge', 'mediate', 'moderate']"
8520,2025-06-11,ways to denote a citation,"['asterisk', 'dagger', 'number', 'parens']"
8521,2025-06-11,cereal mascots,"['count', 'elves', 'leprechaun', 'rooster']"
8522,2025-06-11,arc-shaped things,"['banana', 'eyebrow', 'flight path', 'rainbow']"
8523,2025-06-11,boast,"['bluster', 'crow', 'show off', 'strut']"
8524,2025-06-12,starting with titles,"['doctoring', 'lording', 'missing', 'siring']"
8525,2025-06-12,engaging in an activity with pins or needles,"['acupuncturing', 'bowling', 'sewing', 'wrestling']"
8526,2025-06-12,gossiping,"['buzzing', 'dishing', 'spilling', 'whispering']"
8527,2025-06-12,getting cozy,"['cuddling', 'hugging', 'snuggling', 'spooning']"
8528,2025-06-13,hot ___,"['dog', 'potato', 'rod', 'water bottle']"
8529,2025-06-13,hit songs of 1998,"['closing time', 'iris', 'one week', 'too close']"
8530,2025-06-13,seen at an ice cream shop,"['cone', 'cup', 'little spoon', 'scoop']"
8531,2025-06-13,perspective,"['angle', 'bent', 'lens', 'point of view']"
8532,2025-06-14,___ terrier,"['border', 'boston', 'bull', 'rat']"
8533,2025-06-14,dogs of the screen,"['astro', 'blue', 'hooch', 'toto']"
8534,2025-06-14,elements of a classic “mom” tattoo,"['arrow', 'heart', 'mom', 'ribbon']"
8535,2025-06-14,goddess,"['diva', 'icon', 'legend', 'queen']"
8536,2025-06-15,what “pop” might mean,"['burst', 'father', 'popular', 'soda']"
8537,2025-06-15,considerations for movie ratings,"['action', 'language', 'nudity', 'smoking']"
8538,2025-06-15,"""aw, heck!""","['blast', 'crud', 'curses', 'fudge']"
8539,2025-06-15,slang for coffee,"['brew', 'java', 'mud', 'rocket fuel']"
8540,2025-06-16,starting with methods of transportation,"['busboy', 'carbon', 'shipshape', 'trainee']"
8541,2025-06-16,what a drink is served with,"['coaster', 'garnish', 'glass', 'straw']"
8542,2025-06-16,drapery hanging items,"['bracket', 'curtain', 'hook', 'rod']"
8543,2025-06-16,expressionless,"['blank', 'flat', 'inanimate', 'wooden']"
8544,2025-06-17,figures in classic disney animated films,"['elephant', 'fawn', 'marionette', 'mouse']"
8545,2025-06-17,bad things for a website to do,"['freeze', 'glitch', 'timeout', 'quit']"
8546,2025-06-17,mettle,"['fight', 'grit', 'resolve', 'spirit']"
8547,2025-06-17,things to book for a vacation,"['car', 'flight', 'hotel', 'tour']"
8548,2025-06-18,body part plus a starting letter,"['barm', 'lear', 'rankle', 'ship']"
8549,2025-06-18,contents of a pod,"['astronaut', 'coffee', 'pea', 'whale']"
8550,2025-06-18,squarely,"['dead', 'exactly', 'right', 'smack']"
8551,2025-06-18,qualities of a rainy day,"['cold', 'gray', 'wet', 'windy']"
8552,2025-06-19,fencing gear,"['foils', 'gloves', 'jackets', 'masks']"
8553,2025-06-19,classic toys,"['ball', 'blocks', 'jacks', 'train']"
8554,2025-06-19,map app options,"['destination', 'route', 'starting point', 'stops']"
8555,2025-06-19,components of one’s grade,"['attendance', 'final', 'homework', 'papers']"
8556,2025-06-20,wax ___,"['museum', 'paper', 'poetic', 'seal']"
8557,2025-06-20,"pro wrestling icons, with “the”","['hitman', 'rock', 'snake', 'undertaker']"
8558,2025-06-20,capture on video,"['film', 'record', 'shoot', 'tape']"
8559,2025-06-20,items in a sewing kit,"['button', 'needle', 'scissors', 'thread']"
8560,2025-06-21,starts of european countries,"['germ', 'luxe', 'malt', 'port']"
8561,2025-06-21,apple products,"['brandy', 'butter', 'cider', 'sauce']"
8562,2025-06-21,company,"['concern', 'firm', 'house', 'outfit']"
8563,2025-06-21,stocky,"['solid', 'squat', 'stout', 'thick']"
8564,2025-06-22,what “left” might mean,"['departed', 'port', 'progressive', 'remaining']"
8565,2025-06-22,hbo shows,"['entourage', 'euphoria', 'insecure', 'succession']"
8566,2025-06-22,nouns from a famous line in the declaration of independence,"['happiness', 'liberty', 'life', 'pursuit']"
8567,2025-06-22,news announcement,"['bulletin', 'flash', 'report', 'wire']"
8568,2025-06-23,___ glass glassware,"['cocktail', 'collins', 'old fashioned', 'shot']"
8569,2025-06-23,words in hemingway titles,"['bell', 'farewell', 'old man', 'sun']"
8570,2025-06-23,fiction categories,"['historical', 'literary', 'speculative', 'young adult']"
8571,2025-06-23,kinds of jeans,"['boyfriend', 'flare', 'mom', 'skinny']"
8572,2025-06-24,"objects in 0-, 1-, 2- and 3-dimensional space","['line', 'plane', 'point', 'solid']"
8573,2025-06-24,seen in opening credits,"['cast', 'director', 'studio', 'title']"
8574,2025-06-24,botanical coverings,"['hull', 'husk', 'pod', 'shell']"
8575,2025-06-24,strict,"['firm', 'rigid', 'stern', 'tough']"
8576,2025-06-25,birds minus last letter,"['cran', 'flaming', 'hero', 'rave']"
8577,2025-06-25,woodworking hand tools,"['chisel', 'plane', 'rasp', 'saw']"
8578,2025-06-25,beverage self-service items,"['cup', 'lid', 'napkin', 'straw']"
8579,2025-06-25,kinds of cheeses,"['blue', 'goat', 'jack', 'swiss']"
8580,2025-06-26,ending with playing cards,"['bojack', 'hawking', 'lovelace', 'mcqueen']"
8581,2025-06-26,legal dramas,"['damages', 'goliath', 'matlock', 'suits']"
8582,2025-06-26,kinds of machines,"['enigma', 'pinball', 'sewing', 'vending']"
8583,2025-06-26,components of a salad,"['cheese', 'dressing', 'lettuce', 'protein']"
8584,2025-06-27,___ brothers,"['blood', 'blues', 'chemical', 'marx']"
8585,2025-06-27,“sesame street” figures,"['bird', 'count', 'grouch', 'monster']"
8586,2025-06-27,parts of an angel costume,"['halo', 'harp', 'robe', 'wings']"
8587,2025-06-27,in fashion,"['chic', 'current', 'fresh', 'happening']"
8588,2025-06-28,industrial revolution inventors,"['bell', 'diesel', 'singer', 'watt']"
8589,2025-06-28,possible results of a traffic violation,"['boot', 'points', 'ticket', 'tow']"
8590,2025-06-28,great many,"['drove', 'host', 'load', 'score']"
8591,2025-06-28,things a dog can fetch,"['ball', 'bone', 'frisbee', 'stick']"
8592,2025-06-29,seen in the aftermath of a rainstorm,"['earthworm', 'mud', 'mushroom', 'puddle']"
8593,2025-06-29,dance moves,"['cabbage patch', 'floss', 'moonwalk', 'robot']"
8594,2025-06-29,flinch,"['bolt', 'jerk', 'jump', 'startle']"
8595,2025-06-29,ice cream treats,"['float', 'shake', 'split', 'sundae']"
8596,2025-06-30,what “jet” might refer to,"['airplane', 'black', 'hot tub nozzle', 'nfl player']"
8597,2025-06-30,second words in david lynch titles,"['drive', 'highway', 'peaks', 'velvet']"
8598,2025-06-30,metaphors for a dramatic and chaotic event,"['circus', 'roller coaster', 'soap opera', 'whirlwind']"
8599,2025-06-30,dental additions,"['bridge', 'crown', 'filling', 'veneer']"
8600,2025-07-01,___stone,"['birth', 'key', 'mile', 'touch']"
8601,2025-07-01,dapper,"['neat', 'sharp', 'smart', 'tidy']"
8602,2025-07-01,do some grooming,"['brush', 'dress', 'shave', 'shower']"
8603,2025-07-01,steal,"['nick', 'palm', 'pinch', 'pocket']"
8604,2025-07-02,starting with high school/college abbreviations,"['freshwater', 'juniper', 'seneca', 'sophocles']"
8605,2025-07-02,words after “t-”,"['mobile', 'pain', 'rex', 'shirt']"
8606,2025-07-02,associated with freud,"['dreams', 'id', 'oedipus', 'slip']"
8607,2025-07-02,knockoff,"['bootleg', 'copy', 'fake', 'replica']"
8608,2025-07-03,farmers’ things,"['almanac', 'insurance', 'market', 'tan']"
8609,2025-07-03,pro athlete data,"['college', 'number', 'position', 'team']"
8610,2025-07-03,airport board info,"['arrival', 'destination', 'flight', 'gate']"
8611,2025-07-03,correspondence,"['contact', 'dealings', 'exchange', 'interaction']"
8612,2025-07-04,what “ok” might refer to,"['british magazine', 'greenlight', 'mediocre', 'oklahoma']"
8613,2025-07-04,what “la” might refer to,"['lanthanum', 'los angeles', 'louisiana', 'musical note']"
8614,2025-07-04,what “in” might refer to,"['inch', 'indiana', 'inside', 'trendy']"
8615,2025-07-04,what “id” might refer to,"['freudian concept', 'idaho', 'driver license', 'recognize']"
8616,2025-07-05,kinds of lists,"['bucket', 'laundry', 'short', 'to-do']"
8617,2025-07-05,yearn,"['burn', 'itch', 'long', 'pine']"
8618,2025-07-05,"combine, as baking ingredients","['beat', 'blend', 'fold', 'stir']"
8619,2025-07-05,con game,"['hustle', 'racket', 'scheme', 'sting']"
8620,2025-07-06,ending with homophones of parts of the leg,"['crypto', 'decaf', 'disney', 'prussian']"
8621,2025-07-06,drs,"['dre', 'evil', 'pepper', 'seuss']"
8622,2025-07-06,particle,"['crumb', 'grain', 'morsel', 'shred']"
8623,2025-07-06,fired objects,"['ceramics', 'china', 'pottery', 'ware']"
8624,2025-07-07,top ___,"['banana', 'dog', 'hat', 'secret']"
8625,2025-07-07,basketball moves,"['block', 'dribble', 'pass', 'shoot']"
8626,2025-07-07,big impression,"['footprint', 'impact', 'mark', 'splash']"
8627,2025-07-07,informant,"['canary', 'leak', 'rat', 'source']"
8628,2025-07-08,johns,"['candy', 'carpenter', 'legend', 'major']"
8629,2025-07-08,something entered for access,"['code', 'key', 'password', 'pin']"
8630,2025-07-08,seen in a locker room,"['bench', 'locker', 'mirror', 'scale']"
8631,2025-07-08,liaison,"['affair', 'fling', 'relations', 'thing']"
8632,2025-07-09,"ending in synonyms for ""clip""","['compare', 'connecticut', 'parsnip', 'wallop']"
8633,2025-07-09,things you do at someone's front door,"['buzz', 'knock', 'ring', 'shout']"
8634,2025-07-09,kinds of socks,"['ankle', 'compression', 'crew', 'dress']"
8635,2025-07-09,lowest part,"['base', 'bottom', 'foot', 'foundation']"
8636,2025-07-10,"fail to take advantage of, as an opportunity","['blow', 'lose', 'miss', 'waste']"
8637,2025-07-10,used in ventilation,"['duct', 'exhaust', 'hose', 'pipe']"
8638,2025-07-10,military clothing descriptors,"['camo', 'drab', 'fatigue', 'khaki']"
8639,2025-07-10,parts of a wheel,"['hub', 'rim', 'spoke', 'tire']"
8640,2025-07-11,homophones of synonyms for “despicable”,"['fowl', 'mien', 'offal', 'vial']"
8641,2025-07-11,kinds of songs,"['folk', 'love', 'siren', 'swan']"
8642,2025-07-11,silly person,"['dodo', 'goof', 'goose', 'yahoo']"
8643,2025-07-11,trademarks that have become verbs,"['google', 'photoshop', 'uber', 'zoom']"
8644,2025-07-12,in the nato alphabet,"['echo', 'kilo', 'uniform', 'victor']"
8645,2025-07-12,era,"['age', 'day', 'period', 'time']"
8646,2025-07-12,detailed,"['elaborate', 'minute', 'particular', 'thorough']"
8647,2025-07-12,endorse,"['back', 'champion', 'second', 'support']"
8648,2025-07-13,wine nicknames,"['bubbly', 'cab', 'chard', 'zin']"
8649,2025-07-13,slang for printed matter,"['glossy', 'mag', 'rag', 'zine']"
8650,2025-07-13,credit card info,"['expiration', 'name', 'number', 'zip']"
8651,2025-07-13,insult,"['burn', 'knock', 'slight', 'zing']"
8652,2025-07-14,disney animated characters plus a letter,"['abut', 'belled', 'flounders', 'scary']"
8653,2025-07-14,words before “roger/s”,"['ginger', 'jolly', 'mister', 'roy']"
8654,2025-07-14,adjectives for a sports car,"['compact', 'fast', 'sleek', 'sporty']"
8655,2025-07-14,shades of blue,"['baby', 'ice', 'powder', 'sky']"
8656,2025-07-15,horse___,"['feathers', 'play', 'power', 'shoe']"
8657,2025-07-15,horror movies from 2022,"['nope', 'pearl', 'scream', 'smile']"
8658,2025-07-15,force to leave,"['boot', 'bounce', 'eject', 'remove']"
8659,2025-07-15,gymnastics apparatus,"['bars', 'beam', 'rings', 'vault']"
8660,2025-07-16,starts of greek letters,"['bet', 'delt', 'lamb', 'the']"
8661,2025-07-16,close in on,"['corner', 'surround', 'trap', 'tree']"
8662,2025-07-16,"exaggerated, as a performance","['camp', 'dramatic', 'hammy', 'overdone']"
8663,2025-07-16,parts of a college campus,"['cafeteria', 'dorm', 'library', 'quad']"
8664,2025-07-17,ending with fish,"['camisole', 'cape cod', 'drum and bass', 'wu-tang']"
8665,2025-07-17,super ___,"['glue', 'mario world', 'pac', 'power']"
8666,2025-07-17,words after “no” to mean “it’s all good”,"['biggie', 'hard feelings', 'sweat', 'worries']"
8667,2025-07-17,meddle,"['nose around', 'poke', 'pry', 'snoop']"
8668,2025-07-18,electric ___,"['blanket', 'eel', 'guitar', 'slide']"
8669,2025-07-18,yoga backbends,"['bridge', 'cobra', 'cow', 'wheel']"
8670,2025-07-18,pick up on,"['catch', 'note', 'see', 'spot']"
8671,2025-07-18,sequence,"['run', 'series', 'streak', 'string']"
8672,2025-07-19,starts of teenage mutant ninja turtles,"['don', 'leo', 'mic', 'rap']"
8673,2025-07-19,sharp fasteners,"['brad', 'nail', 'pin', 'tack']"
8674,2025-07-19,things you can do with a football,"['pass', 'punt', 'snap', 'spike']"
8675,2025-07-19,sources of drinking water,"['rain', 'spring', 'tap', 'well']"
8676,2025-07-20,___word,"['buzz', 'cross', 'loan', 'pass']"
8677,2025-07-20,martini specifications,"['dry', 'gin', 'shaken', 'twist']"
8678,2025-07-20,inhalation,"['drag', 'draw', 'puff', 'pull']"
8679,2025-07-20,move to the music,"['bop', 'bounce', 'groove', 'sway']"
8680,2025-07-21,what ' can indicate,"['contraction', 'foot', 'possessive', 'quote']"
8681,2025-07-21,concepts from “seinfeld”,"['festivus', 'regifting', 'shrinkage', 'yada yada']"
8682,2025-07-21,phase transitions for liquids,"['condensation', 'freezing', 'melting', 'vaporization']"
8683,2025-07-21,additional perk,"['bonus', 'extra', 'gravy', 'icing']"
8684,2025-07-22,___ pie,"['chess', 'cutie', 'humble', 'whoopie']"
8685,2025-07-22,patterns,"['camo', 'checkers', 'honeycomb', 'stripes']"
8686,2025-07-22,mitigate,"['cushion', 'dampen', 'soften', 'temper']"
8687,2025-07-22,sassiness,"['attitude', 'cheek', 'lip', 'mouth']"
8688,2025-07-23,animals ending with animals,"['geoduck', 'seahorse', 'titmouse', 'wombat']"
8689,2025-07-23,related to buying a home,"['appraisal', 'escrow', 'insurance', 'mortgage']"
8690,2025-07-23,kinds of steaks,"['chateaubriand', 'flatiron', 'porterhouse', 'tomahawk']"
8691,2025-07-23,dread-inducing figures,"['bogeyman', 'bugbear', 'hobgoblin', 'phantom']"
8692,2025-07-24,homophones of synonyms for “nab”,"['knick', 'lute', 'rabe', 'steel']"
8693,2025-07-24,parts of a basketball hoop,"['backboard', 'net', 'pole', 'rim']"
8694,2025-07-24,leave quickly,"['bounce', 'dip', 'jet', 'split']"
8695,2025-07-24,colossal,"['giant', 'great', 'mammoth', 'titanic']"
8696,2025-07-25,queen ___,"['bed', 'bee', 'mary', 'mother']"
8697,2025-07-25,baseball calls,"['ball', 'fair', 'foul', 'out']"
8698,2025-07-25,state abbreviations,"['in', 'ma', 'oh', 'ok']"
8699,2025-07-25,hush-hush,"['mum', 'private', 'quiet', 'secret']"
8700,2025-07-26,starts of european capitals,"['cope', 'luxe', 'sara', 'wars']"
8701,2025-07-26,travel on foot,"['march', 'hike', 'tramp', 'trek']"
8702,2025-07-26,shades of green,"['bottle', 'hunter', 'kelly', 'pea']"
8703,2025-07-26,herbs and spices,"['anise', 'dill', 'mace', 'sage']"
8704,2025-07-27,associated with tricks,"['con game', 'halloween', 'hearts', 'magic show']"
8705,2025-07-27,"words before ""school""","['elementary', 'grade', 'grammar', 'primary']"
8706,2025-07-27,outdoor events,"['block party', 'festival', 'picnic', 'tailgate']"
8707,2025-07-27,"""nothing to it!""","['child’s play', 'easy', 'no sweat', 'piece of cake']"
8708,2025-07-28,___ movie,"['buddy', 'cult', 'date', 'silent']"
8709,2025-07-28,item in a collection,"['coin', 'comic', 'record', 'stamp']"
8710,2025-07-28,indication,"['evidence', 'hint', 'sign', 'trace']"
8711,2025-07-28,foremost,"['first', 'initial', 'original', 'primary']"
8712,2025-07-29,things you can pump,"['brakes', 'fist', 'gas', 'iron']"
8713,2025-07-29,poker actions,"['call', 'check', 'fold', 'raise']"
8714,2025-07-29,irritate,"['bug', 'nettle', 'ruffle', 'steam']"
8715,2025-07-29,discount,"['deal', 'promotion', 'sale', 'special']"
8716,2025-07-30,anagrams of musical instruments,"['abut', 'bulge', 'groan', 'voila']"
8717,2025-07-30,starting with greek numerical prefixes,"['dioxide', 'monorail', 'tetracycline', 'triangle']"
8718,2025-07-30,means,"['instrument', 'medium', 'organ', 'vehicle']"
8719,2025-07-30,instruct,"['coach', 'direct', 'guide', 'train']"
8720,2025-07-31,last ___,"['laugh', 'resort', 'straw', 'supper']"
8721,2025-07-31,third ___,"['eye', 'party', 'rail', 'rock']"
8722,2025-07-31,second ___,"['coming', 'fiddle', 'guess', 'nature']"
8723,2025-07-31,first ___,"['aid', 'lady', 'nations', 'responder']"
8724,2025-08-01,hit the ___,"['hay', 'jackpot', 'road', 'roof']"
8725,2025-08-01,legends of classic hollywood,"['dean', 'gable', 'garland', 'temple']"
8726,2025-08-01,silent “w”,"['playwright', 'sword', 'wrap', 'wreath']"
8727,2025-08-01,aptitude,"['bent', 'faculty', 'flair', 'gift']"
8728,2025-08-02,contronyms (words that can mean opposite things),"['cleave', 'garnish', 'oversight', 'sanction']"
8729,2025-08-02,bowling results,"['foul', 'spare', 'split', 'strike']"
8730,2025-08-02,polite terms for sex,"['commerce', 'congress', 'intimacy', 'relations']"
8731,2025-08-02,attach with adhesive,"['adhere', 'affix', 'glue', 'stick']"
8732,2025-08-03,single animal in a creatively spelled band name,"['beetle', 'bird', 'gorilla', 'monkey']"
8733,2025-08-03,mania,"['bug', 'craze', 'fad', 'fever']"
8734,2025-08-03,sports,"['cricket', 'golf', 'polo', 'squash']"
8735,2025-08-03,emulate,"['copy', 'echo', 'mirror', 'parrot']"
8736,2025-08-04,words that sounds like two letters,"['decay', 'easy', 'geo', 'ziti']"
8737,2025-08-04,[letter] (is) for ___,"['apple', 'cookie', 'effort', 'vendetta']"
8738,2025-08-04,trees,"['beech', 'cedar', 'pine', 'yew']"
8739,2025-08-04,arthropods,"['aphid', 'beetle', 'mite', 'tick']"
8740,2025-08-05,___ code,"['dress', 'health', 'secret', 'zip']"
8741,2025-08-05,used to decorate a snowman,"['carrot', 'coal', 'pipe', 'scarf']"
8742,2025-08-05,make into smaller pieces while cooking,"['cube', 'grate', 'mince', 'slice']"
8743,2025-08-05,subterranean transit,"['metro', 'subway', 'tube', 'underground']"
8744,2025-08-06,muscle nicknames plus “s”,"['shammy', 'spec', 'squad', 'strap']"
8745,2025-08-06,boxing punches,"['cross', 'hook', 'jab', 'uppercut']"
8746,2025-08-06,tease,"['bait', 'needle', 'rag', 'rib']"
8747,2025-08-06,accessory with a pointy fastener,"['badge', 'brooch', 'button', 'pin']"
8748,2025-08-07,wimbledon winners,"['borg', 'graf', 'king', 'sinner']"
8749,2025-08-07,ones with pointy ears,"['batman', 'devil', 'elf', 'vulcan']"
8750,2025-08-07,perforate,"['bore', 'pierce', 'poke', 'punch']"
8751,2025-08-07,mouse actions,"['click', 'drag', 'hover', 'scroll']"
8752,2025-08-08,words after the letters “ms”,"['degree', 'marvel', 'pac-man', 'paint']"
8753,2025-08-08,things you might do during a boring class/meeting,"['doodle', 'doze', 'pass notes', 'space']"
8754,2025-08-08,bestow,"['confer', 'grant', 'present', 'vest']"
8755,2025-08-08,"make equal, as a score","['draw', 'even', 'square', 'tie']"
8756,2025-08-09,corn-y things,"['maze', 'muffin', 'silk', 'syrup']"
8757,2025-08-09,movies featuring supernatural romance,"['casper', 'ghost', 'let me in', 'twilight']"
8758,2025-08-09,kinds of jokes,"['dad', 'inside', 'knock-knock', 'practical']"
8759,2025-08-09,result,"['fruit', 'product', 'return', 'yield']"
8760,2025-08-10,"starting with math and science classes, for short","['biopic', 'calcium', 'chemise', 'triglyceride']"
8761,2025-08-10,kinds of fiction,"['fan', 'historical', 'pulp', 'science']"
8762,2025-08-10,amass,"['cluster', 'collect', 'concentrate', 'group']"
8763,2025-08-10,influence,"['juice', 'pull', 'sway', 'weight']"
8764,2025-08-11,dark ___,"['ages', 'chocolate', 'horse', 'matter']"
8765,2025-08-11,specs on consumer packaging,"['count', 'measure', 'weight', 'volume']"
8766,2025-08-11,abandon,"['desert', 'dump', 'maroon', 'strand']"
8767,2025-08-11,ordinary,"['normal', 'plain', 'standard', 'vanilla']"
8768,2025-08-12,things with holes,"['bowling ball', 'colander', 'golf course', 'sponge']"
8769,2025-08-12,landmarks in downtown nyc,"['bowling green', 'brooklyn bridge', 'city hall', 'wall street']"
8770,2025-08-12,places with lanes,"['bowling alley', 'highway', 'supermarket', 'swimming pool']"
8771,2025-08-12,groups of ten,"['bowling pins', 'commandments', 'decade', 'fingers']"
8772,2025-08-13,star___,"['board', 'fish', 'gate', 'struck']"
8773,2025-08-13,member of a girl group,"['bangle', 'chick', 'go-go', 'supreme']"
8774,2025-08-13,excerpt,"['clip', 'extract', 'passage', 'quote']"
8775,2025-08-13,captivate,"['charm', 'entrance', 'rivet', 'thrill']"
8776,2025-08-14,rhyming compound words,"['backpack', 'cookbook', 'hubbub', 'nitwit']"
8777,2025-08-14,components of a bride’s ensemble,"['bouquet', 'bustle', 'train', 'veil']"
8778,2025-08-14,used to hit a ball in sports,"['bat', 'mallet', 'racket', 'stick']"
8779,2025-08-14,derriere,"['backside', 'caboose', 'seat', 'tail']"
8780,2025-08-15,starts of culinary nuts,"['cash', 'haze', 'mac', 'pec']"
8781,2025-08-15,splendid,"['brilliant', 'capital', 'fine', 'grand']"
8782,2025-08-15,"handle, as a bill","['foot', 'pay', 'settle', 'take care of']"
8783,2025-08-15,poultry cuts,"['breast', 'tender', 'thigh', 'wing']"
8784,2025-08-16,kinds of soft/lightweight paper,"['crepe', 'rolling', 'tissue', 'toilet']"
8785,2025-08-16,trounce,"['cream', 'crush', 'rout', 'shellac']"
8786,2025-08-16,renovations,"['construction', 'repairs', 'upgrades', 'work']"
8787,2025-08-16,intrepidity,"['fortitude', 'grit', 'pluck', 'resolve']"
8788,2025-08-17,first amendment freedoms,"['assembly', 'petition', 'press', 'speech']"
8789,2025-08-17,words on a door,"['exit', 'open', 'push', 'welcome']"
8790,2025-08-17,needs for sending a letter,"['address', 'envelope', 'name', 'stamp']"
8791,2025-08-17,conveniently located,"['accessible', 'close', 'handy', 'nearby']"
8792,2025-08-18,"words before ""watch""","['digital', 'pocket', 'stop', 'wrist']"
8793,2025-08-18,hotel amenities,"['breakfast', 'parking', 'pool', 'wi-fi']"
8794,2025-08-18,opportunity,"['break', 'chance', 'opening', 'shot']"
8795,2025-08-18,indication,"['cue', 'nod', 'prompt', 'signal']"
8796,2025-08-19,starting with ways to move quickly,"['dartmouth', 'dashboard', 'flywheel', 'rushmore']"
8797,2025-08-19,___ rock,"['classic', 'little', 'plymouth', 'the']"
8798,2025-08-19,fortified wines,"['marsala', 'port', 'sherry', 'vermouth']"
8799,2025-08-19,quite the talker,"['blabbermouth', 'chatterbox', 'prattler', 'windbag']"
8800,2025-08-20,rods that curve at one end,"['candy cane', 'crochet hook', 'crook', 'crowbar']"
8801,2025-08-20,things that rotate about a vertical axis,"['barber pole', 'carousel', 'ceiling fan', 'lazy susan']"
8802,2025-08-20,pairs of rods,"['chopsticks', 'claves', 'knitting needles', 'ski poles']"
8803,2025-08-20,black-and-white things,"['domino', 'piano keys', 'yin-yang symbol', 'zebra']"
8804,2025-08-21,___ doodle,"['cheese', 'dipsy', 'google', 'yankee']"
8805,2025-08-21,things with antenna/e,"['insect', 'radio tower', 'satellite dish', 'teletubby']"
8806,2025-08-21,lands of the imagination,"['dream', 'fantasy', 'la-la', 'never never']"
8807,2025-08-21,blunder,"['boo-boo', 'flub', 'gaffe', 'no-no']"
8808,2025-08-22,proper nouns after gerunds in '90s movie titles,"['amy', 'john malkovich', 'las vegas', 'private ryan']"
8809,2025-08-22,kinds of poker,"['draw', 'omaha', 'strip', 'stud']"
8810,2025-08-22,actors whose last names are also verbs,"['chevy chase', 'christoph waltz', 'geoffrey rush', 'tom cruise']"
8811,2025-08-22,u.s. presidents,"['adams', 'ford', 'grant', 'washington']"
8812,2025-08-23,modern inventions,"['crypto', 'podcast', 'smartwatch', 'vape']"
8813,2025-08-23,skulduggery,"['chicanery', 'deceit', 'legerdemain', 'subterfuge']"
8814,2025-08-23,arena,"['bowl', 'coliseum', 'hippodrome', 'stadium']"
8815,2025-08-23,liquids you put into cars,"['brake fluid', 'coolant', 'fuel', 'oil']"
8816,2025-08-24,___ call,"['booty', 'close', 'cold', 'curtain']"
8817,2025-08-24,kinds of snakes,"['coral', 'garter', 'king', 'rattle']"
8818,2025-08-24,ripped,"['cleft', 'rent', 'split', 'torn']"
8819,2025-08-24,wine vessels,"['bottle', 'carafe', 'decanter', 'glass']"
8820,2025-08-25,"what ""down"" might mean","['feathers', 'guzzle', 'sad', 'willing']"
8821,2025-08-25,pipe-smoking accessories,"['filter', 'lighter', 'pipe cleaner', 'tamper']"
8822,2025-08-25,small spherical things,"['mothball', 'pea', 'pearl', 'pom-pom']"
8823,2025-08-25,predicament,"['fix', 'jam', 'mess', 'pickle']"
8824,2025-08-26,"words before ""stool""","['bar', 'foot', 'step', 'toad']"
8825,2025-08-26,pester,"['badger', 'bug', 'harry', 'ride']"
8826,2025-08-26,a real jerk,"['creep', 'heel', 'rat', 'skunk']"
8827,2025-08-26,distinguishing characteristics,"['mole', 'piercing', 'scar', 'tattoo']"
8828,2025-08-27,roulette options,"['black', 'even', 'odd', 'red']"
8829,2025-08-27,binary question options,"['false', 'no', 'true', 'yes']"
8830,2025-08-27,atm options,"['checking', 'deposit', 'savings', 'withdrawal']"
8831,2025-08-27,restaurant water options,"['bottled', 'sparkling', 'still', 'tap']"
8832,2025-08-28,ending with keyboard keys,"['cantab', 'cyberspace', 'icecaps', 'makeshift']"
8833,2025-08-28,associated with hardness,"['diamond', 'nails', 'rock', 'steel']"
8834,2025-08-28,used for tea,"['cup', 'kettle', 'teabag', 'water']"
8835,2025-08-28,places to get trapped,"['net', 'snare', 'tangle', 'web']"
8836,2025-08-29,___ split,"['7-10', 'banana', 'lickety', 'stock']"
8837,2025-08-29,places that sell gas,"['7-eleven', 'chevron', 'gulf', 'shell']"
8838,2025-08-29,increase,"['balloon', 'mount', 'mushroom', 'wax']"
8839,2025-08-29,famous person,"['figure', 'name', 'personality', 'star']"
8840,2025-08-30,contemporary composers,"['cage', 'eno', 'glass', 'reich']"
8841,2025-08-30,do exceptionally well,"['eat', 'rock', 'rule', 'slay']"
8842,2025-08-30,not be good,"['bite', 'blow', 'stink', 'suck']"
8843,2025-08-30,music genres,"['emo', 'funk', 'metal', 'pop']"
8844,2025-08-31,___sticks,"['chop', 'drum', 'fiddle', 'fish']"
8845,2025-08-31,heteronyms,"['axes', 'bass', 'coordinate', 'does']"
8846,2025-08-31,common components of board games,"['board', 'cards', 'dice', 'pieces']"
8847,2025-08-31,criticize harshly,"['bash', 'blast', 'flame', 'roast']"
8848,2025-09-01,"what ""cardinal"" might refer to","['bird', 'clergy member', 'm.l.b. player', 'n.f.l. player']"
8849,2025-09-01,famous poets,"['bishop', 'burns', 'lorde', 'pope']"
8850,2025-09-01,ones celebrated with holidays,"['mother', 'president', 'saint patrick', 'saint valentine']"
8851,2025-09-01,first appearance,"['debut', 'introduction', 'launch', 'premiere']"
8852,2025-09-02,starting with possessive determiners,"['herring', 'histamine', 'mystery', 'ouroboros']"
8853,2025-09-02,worn by earring magic ken,"['earring', 'mesh shirt', 'necklace', 'pleather vest']"
8854,2025-09-02,"in ""a visit from st. nicholas""","['christmas', 'house', 'mouse', 'stirring']"
8855,2025-09-02,curses,"['expletives', 'four-letter words', 'profanity', 'swearing']"
8856,2025-09-03,may___,"['day', 'flower', 'fly', 'pole']"
8857,2025-09-03,tv-related abbreviations in the '80s,"['alf', 'mtv', 'nes', 'vhs']"
8858,2025-09-03,join,"['bond', 'combine', 'fuse', 'wed']"
8859,2025-09-03,beginning,"['birth', 'dawn', 'genesis', 'start']"
8860,2025-09-04,things with cells,"['honeycomb', 'organism', 'solar panel', 'spreadsheet']"
8861,2025-09-04,french food words,"['cornichon', 'pain', 'pamplemousse', 'vinaigrette']"
8862,2025-09-04,"clean up, as a photograph","['airbrush', 'fix', 'photoshop', 'touch up']"
8863,2025-09-04,what you might see on a christmas tree,"['angel', 'candy cane', 'string lights', 'tinsel']"
8864,2025-09-05,chinese dynasties,"['han', 'ming', 'song', 'tang']"
8865,2025-09-05,male animals,"['billy', 'buck', 'jack', 'ram']"
8866,2025-09-05,available,"['free', 'single', 'solo', 'stag']"
8867,2025-09-05,piquancy,"['kick', 'punch', 'zest', 'zing']"
8868,2025-09-06,"""best ___ performance"" grammy award","['americana', 'choral', 'jazz', 'rap']"
8869,2025-09-06,predict,"['call', 'divine', 'forecast', 'read']"
8870,2025-09-06,apparition,"['shade', 'specter', 'spirit', 'wight']"
8871,2025-09-06,ruptured,"['blew', 'broke', 'burst', 'split']"
8872,2025-09-07,geometry adjectives,"['angular', 'areal', 'linear', 'volumetric']"
8873,2025-09-07,fonts,"['arial', 'georgia', 'impact', 'verdana']"
8874,2025-09-07,disney princesses,"['ariel', 'aurora', 'merida', 'tiana']"
8875,2025-09-07,gymnastics moves,"['aerial', 'arabesque', 'roundoff', 'split']"
8876,2025-09-08,cat___,"['fish', 'nap', 'tail', 'walk']"
8877,2025-09-08,fictional spies,"['archer', 'hunt', 'peel', 'powers']"
8878,2025-09-08,"increase, with ""up""","['crank', 'hike', 'jack', 'raise']"
8879,2025-09-08,nonsense,"['baloney', 'bull', 'bunk', 'rubbish']"
8880,2025-09-09,___dog,"['bull', 'lap', 'under', 'watch']"
8881,2025-09-09,swig,"['belt', 'gulp', 'shot', 'slug']"
8882,2025-09-09,things with shells,"['egg', 'hard taco', 'm&m', 'snail']"
8883,2025-09-09,finished,"['complete', 'done', 'over', 'through']"
8884,2025-09-10,king ___,"['cake', 'cobra', 'kong', 'tut']"
8885,2025-09-10,eddie murphy roles,"['akeem', 'dolittle', 'donkey', 'foley']"
8886,2025-09-10,move quickly,"['barrel', 'fly', 'race', 'zip']"
8887,2025-09-10,"""you should know better!""","['bad', 'shame', 'tsk', 'tut tut']"
8888,2025-09-11,on a baseball field,"['base', 'box', 'mound', 'plate']"
8889,2025-09-11,rude things to do,"['point', 'snicker', 'stare', 'whisper']"
8890,2025-09-11,behemoth,"['colossus', 'mammoth', 'whale', 'whopper']"
8891,2025-09-11,blemish,"['dent', 'ding', 'mar', 'scratch']"
8892,2025-09-12,bodies of water plus starting letter,"['driver', 'ebay', 'finlet', 'flake']"
8893,2025-09-12,kinds of camera lenses,"['fisheye', 'macro', 'telephoto', 'zoom']"
8894,2025-09-12,contact info,"['address', 'email', 'name', 'number']"
8895,2025-09-12,entreaty,"['appeal', 'bid', 'call', 'petition']"
8896,2025-09-13,buffalo ___,"['bill', 'nickel', 'soldier', 'wing']"
8897,2025-09-13,global currencies,"['dollar', 'pound', 'sterling', 'won']"
8898,2025-09-13,intimate and undisclosed,"['inner', 'personal', 'private', 'secret']"
8899,2025-09-13,important,"['critical', 'key', 'major', 'principal']"
8900,2025-09-14,streets with symbolic importance,"['downing', 'fleet', 'main', 'wall']"
8901,2025-09-14,surpass,"['beat', 'best', 'better', 'top']"
8902,2025-09-14,map features,"['compass', 'inset', 'key', 'scale']"
8903,2025-09-14,entryway,"['door', 'gate', 'hatch', 'portal']"
8904,2025-09-15,member of a classic backing band,"['banshee', 'heartbreaker', 'pip', 'wailer']"
8905,2025-09-15,romantic vibe,"['chemistry', 'connection', 'fireworks', 'spark']"
8906,2025-09-15,beachy area,"['bank', 'coast', 'shore', 'strand']"
8907,2025-09-15,flooring options,"['carpet', 'laminate', 'tile', 'wood']"
8908,2025-09-16,___ rabbit,"['roger', 'trix', 'velveteen', 'white']"
8909,2025-09-16,things with ink,"['pen', 'printer', 'squid', 'tattoo machine']"
8910,2025-09-16,one in a dozen,"['donut', 'juror', 'month', 'rose']"
8911,2025-09-16,keep tabs on,"['follow', 'monitor', 'track', 'watch']"
8912,2025-09-17,last words in long-running children’s show titles,"['kangaroo', 'neighborhood', 'rainbow', 'street']"
8913,2025-09-17,cram,"['jam', 'shoehorn', 'stuff', 'wedge']"
8914,2025-09-17,change one’s tune,"['about-face', 'backpedal', 'flip-flop', 'renege']"
8915,2025-09-17,they're blowin' in the wind,"['flag', 'pinwheel', 'vane', 'wind chime']"
8916,2025-09-18,homophones of genesis figures,"['able', 'cane', 'eave', 'noaa']"
8917,2025-09-18,orgs with stars in their logos,"['nasa', 'n.f.l.', 'paramount', 'subaru']"
8918,2025-09-18,furnish,"['equip', 'outfit', 'prepare', 'ready']"
8919,2025-09-18,into it,"['down', 'eager', 'game', 'willing']"
8920,2025-09-19,paper ___,"['clip', 'tiger', 'towel', 'trail']"
8921,2025-09-19,"things that can run, annoyingly","['dye', 'mascara', 'nose', 'stockings']"
8922,2025-09-19,exhibit nervousness,"['blush', 'fidget', 'pace', 'sweat']"
8923,2025-09-19,evaluate,"['grade', 'rank', 'rate', 'score']"
8924,2025-09-20,sky___,"['dive', 'lark', 'rocket', 'scraper']"
8925,2025-09-20,n.h.l. team member,"['duck', 'flyer', 'senator', 'star']"
8926,2025-09-20,bit of sports bar fare,"['chip', 'dip', 'fry', 'wing']"
8927,2025-09-20,car brands,"['dodge', 'ford', 'lincoln', 'ram']"
8928,2025-09-21,vegetables with first letter removed,"['ale', 'eek', 'hive', 'quash']"
8929,2025-09-21,restaurant seating options,"['bar', 'booth', 'counter', 'table']"
8930,2025-09-21,relax,"['chill', 'loaf', 'lounge', 'veg']"
8931,2025-09-21,touchscreen gestures,"['pinch', 'scroll', 'swipe', 'tap']"
8932,2025-09-22,words that sound like plural letters,"['ars', 'ayes', 'ease', 'owes']"
8933,2025-09-22,las vegas casino hotels,"['aria', 'encore', 'excalibur', 'luxor']"
8934,2025-09-22,black-and-white things,"['crossword', 'domino', 'orca', 'oreo']"
8935,2025-09-22,basic geometric calculations,"['area', 'length', 'perimeter', 'volume']"
8936,2025-09-23,title characters in '80s movies,"['ferris', 'heather', 'indiana', 'pee-wee']"
8937,2025-09-23,kinds of luggage,"['carry-on', 'duffel', 'hard-shell', 'roller']"
8938,2025-09-23,"""rubber baby buggy bumper""","['baby', 'buggy', 'bumper', 'rubber']"
8939,2025-09-23,cheerful,"['bouncy', 'bright', 'merry', 'sunny']"
8940,2025-09-24,sweet ___,"['potato', 'sixteen', 'talk', 'tooth']"
8941,2025-09-24,wrinkly things,"['brain', 'crepe paper', 'prune', 'shar pei']"
8942,2025-09-24,strew,"['litter', 'pepper', 'scatter', 'sprinkle']"
8943,2025-09-24,movie,"['feature', 'film', 'flick', 'picture']"
8944,2025-09-25,"named ""apollo""","['fictional boxer', 'greek/roman god', 'spacecraft', 'theater']"
8945,2025-09-25,"matt damon movies, with ""the""","['departed', 'good shepherd', 'martian', 'rainmaker']"
8946,2025-09-25,ice cream parlor orders,"['cone', 'cup', 'shake', 'split']"
8947,2025-09-25,"left-leaning, politically","['blue', 'left', 'liberal', 'progressive']"
8948,2025-09-26,dirty ___,"['blonde', 'pool', 'rice', 'word']"
8949,2025-09-26,kinds of bears,"['black', 'brown', 'polar', 'sun']"
8950,2025-09-26,hard to make out,"['dim', 'faint', 'light', 'pale']"
8951,2025-09-26,stir vigorously,"['beat', 'cream', 'whip', 'whisk']"
8952,2025-09-27,"squander, with “away”","['fiddle', 'fritter', 'throw', 'trifle']"
8953,2025-09-27,popcorn-making methods,"['kettle', 'microwave', 'popper', 'stovetop']"
8954,2025-09-27,appendages,"['arm', 'fin', 'flipper', 'wing']"
8955,2025-09-27,loving,"['kind', 'sweet', 'tender', 'warm']"
8956,2025-09-28,n.f.l. team logos,"['buffalo', 'fleur-de-lis', 'horseshoe', 'lightning bolt']"
8957,2025-09-28,gum brands,"['extra', 'ice breakers', 'orbit', 'trident']"
8958,2025-09-28,malicious software,"['backdoor', 'trojan horse', 'virus', 'worm']"
8959,2025-09-28,backing,"['aegis', 'guard', 'protection', 'shield']"
8960,2025-09-29,first words in '70s rock song titles,"['baba', 'bohemian', 'hotel', 'stairway']"
8961,2025-09-29,parts of a toilet tank,"['chain', 'flapper', 'float', 'handle']"
8962,2025-09-29,play a joke on,"['fool', 'prank', 'punk', 'trick']"
8963,2025-09-29,kinds of underwear,"['boxer', 'brief', 'hipster', 'thong']"
8964,2025-09-30,ending with number homophones,"['classics', 'create', 'guthrie', 'therefore']"
8965,2025-09-30,cartoon birds,"['foghorn', 'scrooge', 'woodstock', 'woody']"
8966,2025-09-30,words in a famous tongue twister,"['chuck', 'could', 'wood', 'woodchuck']"
8967,2025-09-30,"unnatural, as mannerisms","['awkward', 'stiff', 'stilted', 'wooden']"
8968,2025-10-01,___ prize,"['booby', 'door', 'first', 'jury']"
8969,2025-10-01,echoey places,"['canyon', 'hallway', 'tunnel', 'zoom call']"
8970,2025-10-01,criticize,"['flame', 'knock', 'skewer', 'slam']"
8971,2025-10-01,fast-moving water,"['cataract', 'current', 'rapids', 'whirlpool']"
8972,2025-10-02,best animated feature oscar winners,"['brave', 'flow', 'frozen', 'up']"
8973,2025-10-02,situated,"['left', 'placed', 'put', 'set']"
8974,2025-10-02,deserved,"['due', 'fair', 'just', 'right']"
8975,2025-10-02,dog commands,"['come', 'down', 'heel', 'stay']"
8976,2025-10-03,"what ""ed"" might indicate","['editor', 'education', 'edward', 'past tense']"
8977,2025-10-03,songs from musicals,"['cabaret', 'edelweiss', 'mamma mia', 'memory']"
8978,2025-10-03,they move in a spiral,"['eddy', 'football', 'tasmanian devil', 'tornado']"
8979,2025-10-03,boundary,"['border', 'edge', 'extremity', 'limit']"
8980,2025-10-04,kinds of cookies,"['fortune', 'oatmeal', 'rainbow', 'sugar']"
8981,2025-10-04,anagrams,"['arts', 'rats', 'star', 'tsar']"
8982,2025-10-04,rush of wind,"['blast', 'blow', 'gale', 'gust']"
8983,2025-10-04,fix a hole in clothing,"['darn', 'mend', 'patch', 'stitch']"
8984,2025-10-05,___ car,"['bumper', 'clown', 'getaway', 'sports']"
8985,2025-10-05,madonna songs,"['cherish', 'frozen', 'holiday', 'music']"
8986,2025-10-05,flabbergast,"['floor', 'rock', 'shake', 'shock']"
8987,2025-10-05,used to grow a houseplant,"['pot', 'seed', 'soil', 'water']"
8988,2025-10-06,starting with homophones of greetings,"['haiku', 'haystack', 'helonium', 'yeoman']"
8989,2025-10-06,things that come on spools,"['film', 'tape', 'thread', 'wire']"
8990,2025-10-06,kinds of coats,"['camel', 'duffle', 'pea', 'trench']"
8991,2025-10-06,parts of a record player setup,"['amp', 'preamp', 'speaker', 'turntable']"
8992,2025-10-07,musicals plus starting letter,"['brent', 'chair', 'fannie', 'scats']"
8993,2025-10-07,team,"['bunch', 'crew', 'group', 'pack']"
8994,2025-10-07,seen at a wedding,"['altar', 'bouquet', 'cake', 'ring']"
8995,2025-10-07,gossip,"['buzz', 'dirt', 'dish', 'talk']"
8996,2025-10-08,kinds of beds,"['flower', 'nail', 'oyster', 'river']"
8997,2025-10-08,paint finishes,"['eggshell', 'gloss', 'matte', 'pearl']"
8998,2025-10-08,rock music subgenres,"['alternative', 'arena', 'classic', 'garage']"
8999,2025-10-08,finest,"['best', 'cream', 'elite', 'select']"
9000,2025-10-09,title figures in classic video games,"['gorilla', 'hedgehog', 'plumber', 'princess']"
9001,2025-10-09,news article features,"['caption', 'dateline', 'lede', 'photo']"
9002,2025-10-09,kinds of rocks,"['flint', 'limestone', 'marble', 'slate']"
9003,2025-10-09,fantasy,"['invention', 'fancy', 'fiction', 'figment']"
9004,2025-10-10,___ eye,"['evil', 'magic', 'naked', 'third']"
9005,2025-10-10,"tarot cards, with ""the""","['devil', 'lovers', 'magician', 'star']"
9006,2025-10-10,one in a septet,"['continent', 'deadly sin', 'sister', 'wonder']"
9007,2025-10-10,significant,"['big', 'important', 'major', 'serious']"
9008,2025-10-11,nicknames that have other meanings,"['bill', 'bob', 'pat', 'tom']"
9009,2025-10-11,street suffixes,"['alley', 'court', 'lane', 'way']"
9010,2025-10-11,dress in,"['don', 'put on', 'sport', 'wear']"
9011,2025-10-11,equipment,"['gear', 'kit', 'stuff', 'tackle']"
9012,2025-10-12,happy ___,"['days', 'ending', 'returns', 'trails']"
9013,2025-10-12,birds,"['kite', 'robin', 'swallow', 'swift']"
9014,2025-10-12,establishes,"['begins', 'institutes', 'launches', 'pioneers']"
9015,2025-10-12,for all time,"['eternal', 'everlasting', 'forever', 'permanent']"
9016,2025-10-13,"ending with synonyms for ""swindle""","['american hustle', 'comic con', 'golden fleece', 'lucky stiff']"
9017,2025-10-13,words after a welcome departure,"['about time', 'finally', 'good riddance', 'sayonara']"
9018,2025-10-13,bar events,"['happy hour', 'karaoke', 'live music', 'trivia night']"
9019,2025-10-13,metaphors for potentially volatile situations,"['can of worms', 'hornet’s nest', 'minefield', 'pandora’s box']"
9020,2025-10-14,animals minus starting letter,"['anther', 'easel', 'hark', 'lama']"
9021,2025-10-14,halt,"['check', 'curb', 'staunch', 'stem']"
9022,2025-10-14,summary,"['brief', 'digest', 'outline', 'review']"
9023,2025-10-14,captivate,"['absorb', 'engage', 'hold', 'occupy']"
9024,2025-10-15,___ seal,"['elephant', 'great', 'navy', 'vacuum']"
9025,2025-10-15,ford models,"['bronco', 'fiesta', 'mustang', 'pinto']"
9026,2025-10-15,in the nato phonetic alphabet,"['bravo', 'delta', 'golf', 'lima']"
9027,2025-10-15,types of pools,"['infinity', 'kiddie', 'kidney', 'olympic']"
9028,2025-10-16,banana ___,"['boat', 'bread', 'slug', 'split']"
9029,2025-10-16,fish,"['char', 'fluke', 'pike', 'skate']"
9030,2025-10-16,crabby,"['cross', 'prickly', 'sore', 'sour']"
9031,2025-10-16,fruit desserts,"['cobbler', 'crisp', 'crumble', 'tart']"
9032,2025-10-17,weather terms,"['beaufort scale', 'dewpoint', 'heat index', 'wind chill']"
9033,2025-10-17,folktale characters,"['chicken little', 'jack', 'thumbelina', 'tom thumb']"
9034,2025-10-17,items in a souvenir shop,"['figurine', 'key ring', 'magnet', 'postcard']"
9035,2025-10-17,used during a presentation,"['clicker', 'laser pointer', 'projector', 'slides']"
9036,2025-10-18,"homophones of synonyms for ""vend""","['cell', 'hock', 'pedal', 'trayed']"
9037,2025-10-18,prolific actors,"['bacon', 'cage', 'cruise', 'ford']"
9038,2025-10-18,"words before ""ball"" in sports","['dodge', 'hand', 'pickle', 'racquet']"
9039,2025-10-18,glide,"['breeze', 'coast', 'float', 'skate']"
9040,2025-10-19,chocolate bars plus a letter,"['crunchy', 'dover', 'marsh', 'skort']"
9041,2025-10-19,"lose it, with ""out""","['bug', 'flip', 'freak', 'wig']"
9042,2025-10-19,parts of a book,"['cover', 'jacket', 'leaves', 'spine']"
9043,2025-10-19,topple,"['fall', 'spill', 'tumble', 'wipeout']"
9044,2025-10-20,___corn,"['a', 'capri', 'pop', 'uni']"
9045,2025-10-20,periodic table symbols,"['as', 'be', 'i', 'k']"
9046,2025-10-20,represented by constellations,"['big bear', 'centaur', 'hunter', 'lyre']"
9047,2025-10-20,affliction,"['bugbear', 'complex', 'demon', 'hang-up']"
9048,2025-10-21,things you can control with remotes,"['drones', 'garage doors', 'televisions', 'wiis']"
9049,2025-10-21,n.b.a. teams,"['bucks', 'bulls', 'hornets', 'spurs']"
9050,2025-10-21,takes on,"['addresses', 'does', 'handles', 'tackles']"
9051,2025-10-21,playing cards,"['aces', 'jacks', 'kings', 'queens']"
9052,2025-10-22,copy___,"['cat', 'pasta', 'right', 'writer']"
9053,2025-10-22,kinds of ants,"['army', 'carpenter', 'fire', 'pharaoh']"
9054,2025-10-22,adapt to fit one's needs,"['fashion', 'mold', 'shape', 'tailor']"
9055,2025-10-22,utilities,"['electric', 'gas', 'telephone', 'water']"
9056,2025-10-23,___ bag,"['doggy', 'go', 'mixed', 'swag']"
9057,2025-10-23,pieces of olympic sports equipment,"['ball', 'birdie', 'puck', 'stone']"
9058,2025-10-23,winnings,"['kitty', 'pot', 'prize', 'purse']"
9059,2025-10-23,peachy,"['dandy', 'ducky', 'fine', 'swell']"
9060,2025-10-24,ending in accessories,"['baywatch', 'cootie', 'herring', 'kingpin']"
9061,2025-10-24,things known for being colorful things,"['kaleidoscope', 'peacock', 'rainbow', 'sunset']"
9062,2025-10-24,things you can do to text,"['bold', 'highlight', 'strikethrough', 'underline']"
9063,2025-10-24,best years,"['heyday', 'pinnacle', 'prime', 'zenith']"
9064,2025-10-25,best actor-winning biopics,"['capote', 'lincoln', 'milk', 'ray']"
9065,2025-10-25,confer,"['accord', 'award', 'grant', 'vest']"
9066,2025-10-25,digital watch features,"['alarm', 'date', 'light', 'stopwatch']"
9067,2025-10-25,swindle,"['fleece', 'hose', 'hustle', 'shaft']"
9068,2025-10-26,words with diminutive suffixes,"['doggy', 'droplet', 'kitchenette', 'starling']"
9069,2025-10-26,kinds of contests,"['beauty', 'popularity', 'staring', 'talent']"
9070,2025-10-26,words in a famous muhammad ali quote,"['bee', 'butterfly', 'float', 'sting']"
9071,2025-10-26,kinds of instruments,"['brass', 'percussion', 'string', 'wind']"
9072,2025-10-27,___ four,"['connect', 'fab', 'fantastic', 'petit']"
9073,2025-10-27,cocktail garnishes,"['cherry', 'mint', 'olive', 'twist']"
9074,2025-10-27,in the slightest,"['just', 'merely', 'only', 'simply']"
9075,2025-10-27,emanate,"['branch', 'fan', 'radiate', 'spread']"
9076,2025-10-28,one-named singer plus starting letter,"['gusher', 'kenya', 'ocher', 'pelvis']"
9077,2025-10-28,remote control buttons,"['back', 'home', 'menu', 'select']"
9078,2025-10-28,in the know,"['aware', 'hip', 'savvy', 'wise']"
9079,2025-10-28,banality,"['chestnut', 'cliché', 'platitude', 'trope']"
9080,2025-10-29,things featuring letters a through z,"['abecedarium', 'computer keyboard', 'ouija board', 'scrabble']"
9081,2025-10-29,words starting with the “say” sound,"['sacrum', 'seitan', 'seychelles', 'séance']"
9082,2025-10-29,channel,"['medium', 'outlet', 'platform', 'venue']"
9083,2025-10-29,fortitude,"['backbone', 'courage', 'heart', 'spirit']"
9084,2025-10-30,people whose first names are u.s. cities,"['bloom', 'butler', 'guthrie', 'levy']"
9085,2025-10-30,collective nouns for birds,"['charm', 'gaggle', 'murder', 'parliament']"
9086,2025-10-30,fiction genres,"['fantasy', 'horror', 'mystery', 'romance']"
9087,2025-10-30,terms of endearment,"['angel', 'love', 'pumpkin', 'sugar']"
9088,2025-10-31,ms. pac-man,"['bow', 'cherries', 'ghost', 'pellets']"
9089,2025-10-31,popeye,"['anchor', 'cap', 'pipe', 'spinach']"
9090,2025-10-31,cinderella,"['mouse', 'pumpkin', 'slipper', 'wand']"
9091,2025-10-31,goldilocks,"['bear', 'bed', 'chair', 'porridge']"
9092,2025-11-01,rodents who are first in a cartoon duo,"['chip', 'itchy', 'pinky', 'rocky']"
9093,2025-11-01,second in a famous real-life duo,"['cher', 'clyde', 'hardy', 'teller']"
9094,2025-11-01,black,"['inky', 'jet', 'pitch', 'raven']"
9095,2025-11-01,take to court,"['charge', 'file', 'indict', 'sue']"
9096,2025-11-02,starts of zodiac signs,"['aqua', 'capri', 'gem', 'sag']"
9097,2025-11-02,show signs of physical exertion,"['cramp', 'pant', 'redden', 'sweat']"
9098,2025-11-02,light brown shades,"['camel', 'fawn', 'khaki', 'tan']"
9099,2025-11-02,goods to be transported,"['cargo', 'freight', 'haul', 'load']"
9100,2025-11-03,ending with animals,"['dark horse', 'funky chicken', 'jumbo shrimp', 'sea monkey']"
9101,2025-11-03,things with a lot of pieces,"['jigsaw puzzle', 'lego set', 'lite-brite', 'pick-up sticks']"
9102,2025-11-03,things filled with air,"['balloon animal', 'bouncy castle', 'water wings', 'whoopee cushion']"
9103,2025-11-03,things that are red,"['clown nose', 'fire engine', 'maraschino cherry', 'stop sign']"
9104,2025-11-04,___ guitar,"['air', 'electric', 'rhythm', 'slide']"
9105,2025-11-04,file extensions,"['doc', 'mid', 'tiff', 'zip']"
9106,2025-11-04,thin layer,"['coat', 'film', 'leaf', 'sheet']"
9107,2025-11-04,steer,"['direct', 'drive', 'guide', 'pilot']"
9108,2025-11-05,rain___,"['bow', 'coat', 'forest', 'maker']"
9109,2025-11-05,iconic soul singers,"['baker', 'franklin', 'flack', 'knight']"
9110,2025-11-05,weapons in the game clue,"['candlestick', 'knife', 'rope', 'wrench']"
9111,2025-11-05,make a hash of,"['blow', 'botch', 'butcher', 'spoil']"
9112,2025-11-06,features of a cartoon cupid,"['arrow', 'bow', 'diaper', 'wings']"
9113,2025-11-06,parts of a ship,"['aft', 'deck', 'fore', 'mast']"
9114,2025-11-06,ways to unlock a device,"['face', 'fingerprint', 'password', 'pin']"
9115,2025-11-06,cost,"['amount', 'figure', 'price', 'value']"
9116,2025-11-07,things that are purple,"['barney the dinosaur', 'eggplant', 'people eater', 'swing state']"
9117,2025-11-07,things with holes in the middle,"['bagel', 'hula hoop', 'inner tube', 'washer']"
9118,2025-11-07,green condiments,"['chimichurri', 'pesto', 'relish', 'salsa verde']"
9119,2025-11-07,textile patterns,"['animal print', 'herringbone', 'houndstooth', 'polka dot']"
9120,2025-11-08,"words after ""i""","['beam', 'ching', 'robot', 'spy']"
9121,2025-11-08,kinds of language,"['body', 'programming', 'sign', 'spoken']"
9122,2025-11-08,"put forward, as an announcement","['deliver', 'give', 'present', 'pronounce']"
9123,2025-11-08,"block, as an opening","['close', 'plug', 'seal', 'stop']"
9124,2025-11-09,starting with bird homophones,"['cranium', 'cronut', 'lunar', 'pufnstuf']"
9125,2025-11-09,ponder,"['deliberate', 'muse', 'noodle', 'reflect']"
9126,2025-11-09,packed,"['compact', 'dense', 'thick', 'tight']"
9127,2025-11-09,personal grooming items,"['brush', 'mirror', 'nail file', 'tweezers']"
9128,2025-11-10,latin prepositions,"['ab', 'pro', 'sine', 'sub']"
9129,2025-11-10,words in a famous quote by caesar,"['came', 'conquered', 'i', 'saw']"
9130,2025-11-10,"satisfy, as debts","['clear', 'pay', 'settle', 'square']"
9131,2025-11-10,percussion instruments,"['bell', 'drum', 'rattle', 'triangle']"
9132,2025-11-11,icons on an iphone,"['compass', 'envelope', 'music notes', 'speech bubble']"
9133,2025-11-11,object used for support,"['base', 'holder', 'rest', 'stand']"
9134,2025-11-11,breadth,"['extent', 'range', 'scale', 'scope']"
9135,2025-11-11,makeup,"['blush', 'foundation', 'highlighter', 'powder']"
9136,2025-11-12,spanish words,"['como', 'loco', 'poco', 'rojo']"
9137,2025-11-12,acronyms,"['bogo', 'fomo', 'goat', 'yolo']"
9138,2025-11-12,doofus,"['bozo', 'dodo', 'dope', 'yo-yo']"
9139,2025-11-12,sports,"['golf', 'judo', 'polo', 'sumo']"
9140,2025-11-13,___ office,"['box', 'microsoft', 'oval', 'post']"
9141,2025-11-13,things that use filters,"['air purifier', 'cigarette', 'coffee maker', 'instagram']"
9142,2025-11-13,foamy things,"['beer', 'fire extinguisher', 'sea', 'shaving cream']"
9143,2025-11-13,attire,"['duds', 'fit', 'getup', 'threads']"
9144,2025-11-14,classic '90s action films,"['armageddon', 'hard boiled', 'heat', 'speed']"
9145,2025-11-14,action film subgenres,"['buddy', 'disaster', 'martial arts', 'superhero']"
9146,2025-11-14,radio tuning options,"['band', 'channel', 'frequency', 'station']"
9147,2025-11-14,evaluate,"['grade', 'judge', 'rate', 'review']"
9148,2025-11-15,___ zone,"['buffer', 'comfort', 'time', 'twilight']"
9149,2025-11-15,kinds of actors,"['character', 'film', 'method', 'stage']"
9150,2025-11-15,punctuation marks,"['colon', 'dash', 'period', 'slash']"
9151,2025-11-15,enhance the taste of,"['flavor', 'salt', 'season', 'spice']"
9152,2025-11-16,words on monopoly squares,"['avenue', 'parking', 'railroad', 'tax']"
9153,2025-11-16,stripy things,"['barcode', 'ibm logo', 'rugby shirt', 'zebra']"
9154,2025-11-16,run-of-the-mill,"['banal', 'everyday', 'humdrum', 'pedestrian']"
9155,2025-11-16,technique,"['approach', 'method', 'philosophy', 'school']"
9156,2025-11-17,"starting with synonyms for ""scram!""","['go-getter', 'leavening', 'scattergories', 'shoo-in']"
9157,2025-11-17,basketball shots,"['alley-oop', 'fadeaway', 'finger roll', 'slam dunk']"
9158,2025-11-17,forbidden,"['off-limits', 'proscribed', 'taboo', 'verboten']"
9159,2025-11-17,"""you bet""","['absolutely', 'okey-doke', 'of course', 'sure thing']"
9160,2025-11-18,"ending in synonyms for ""location""","['commonplace', 'needlepoint', 'parasite', 'sunspot']"
9161,2025-11-18,best actress oscar winners,"['berry', 'madison', 'stone', 'swank']"
9162,2025-11-18,kinds of tomatoes,"['cherry', 'grape', 'plum', 'roma']"
9163,2025-11-18,funny person,"['clown', 'joker', 'laugh', 'riot']"
9164,2025-11-19,organ plus a letter,"['colony', 'hearth', 'lunge', 'skink']"
9165,2025-11-19,"second words in poe stories, after ""the""","['cask', 'fall', 'pit', 'masque']"
9166,2025-11-19,steer,"['direct', 'guide', 'lead', 'shepherd']"
9167,2025-11-19,stocky,"['husky', 'solid', 'squat', 'thick']"
9168,2025-11-20,words that sound like two letters,"['any', 'arty', 'decay', 'essay']"
9169,2025-11-20,parts of a tooth,"['crown', 'enamel', 'pulp', 'root']"
9170,2025-11-20,graze,"['brush', 'kiss', 'skim', 'stroke']"
9171,2025-11-20,adhere,"['fix', 'paste', 'plaster', 'stick']"
9172,2025-11-21,"starting with synonyms for ""eat""","['bolt cutter', 'chow mein', 'scarf ring', 'wolf eel']"
9173,2025-11-21,pixar protagonists,"['clownfish', 'grumpy old man', 'racecar', 'talking doll']"
9174,2025-11-21,cocktails,"['cosmopolitan', 'greyhound', 'screwdriver', 'sea breeze']"
9175,2025-11-21,things worn on lapels,"['awareness ribbon', 'boutonnière', 'lapel pin', 'lavalier']"
9176,2025-11-22,___ deal,"['big', 'plea', 'raw', 'sweetheart']"
9177,2025-11-22,tropical fruits/vegetables,"['bitter melon', 'chayote', 'durian', 'soursop']"
9178,2025-11-22,sailor,"['salty dog', 'skipper', 'swab', 'tar']"
9179,2025-11-22,little bit,"['dab', 'drop', 'splash', 'touch']"
9180,2025-11-23,second words in titles of abba hits,"['gimme', 'mia', 'queen', 'trouper']"
9181,2025-11-23,oliver stone movies,"['jfk', 'nixon', 'platoon', 'wall street']"
9182,2025-11-23,animal homes,"['burrow', 'den', 'lodge', 'warren']"
9183,2025-11-23,lenient,"['easy', 'lax', 'loose', 'slack']"
9184,2025-11-24,ending in colors,"['infrared', 'marigold', 'stingray', 'ultraviolet']"
9185,2025-11-24,seen while going through airport security,"['bin', 'carry-on', 'metal detector', 'x-ray']"
9186,2025-11-24,features of a car's center console,"['air conditioner', 'cup holder', 'radio', 'shifter']"
9187,2025-11-24,small kitchen appliances,"['blender', 'microwave', 'rice cooker', 'toaster']"
9188,2025-11-25,starting with optimistic words,"['glad-hand', 'happy meal', 'merry-go-round', 'sunny-side up']"
9189,2025-11-25,things you can scratch,"['bug bite', 'lottery ticket', 'vinyl record', 'your head']"
9190,2025-11-25,things that are pink,"['barbie dreamhouse', 'calamine lotion', 'cherry blossom', 'flamingo']"
9191,2025-11-25,small-time,"['mickey mouse', 'rinky-dink', 'trivial', 'two-bit']"
9192,2025-11-26,backwards animals,"['flow', 'god', 'mar', 'tab']"
9193,2025-11-26,financial abbreviations,"['apr', 'cfo', 'ira', 'sec']"
9194,2025-11-26,women’s nicknames,"['deb', 'jan', 'kat', 'sue']"
9195,2025-11-26,verbs expressing possibility,"['can', 'could', 'may', 'might']"
9196,2025-11-27,rhymes for new york times games,"['confections', 'grands', 'hurdle', 'swelling sea']"
9197,2025-11-27,woodworking tools,"['drills', 'files', 'routers', 'saws']"
9198,2025-11-27,main folders in a computer,"['desktop', 'documents', 'downloads', 'music']"
9199,2025-11-27,inundation,"['avalanche', 'outpouring', 'tidal wave', 'torrent']"
9200,2025-11-28,phonetic elements of speech,"['intonation', 'loudness', 'rhythm', 'stress']"
9201,2025-11-28,parts of an electric guitar,"['fret', 'peg', 'pickup', 'string']"
9202,2025-11-28,achieve victory over,"['beat', 'best', 'take', 'worst']"
9203,2025-11-28,fitting,"['fair', 'just', 'proper', 'right']"
9204,2025-11-29,blackjack terms,"['bust', 'hit', 'split', 'stand']"
9205,2025-11-29,park staples,"['bench', 'pigeon', 'statue', 'tree']"
9206,2025-11-29,replacement,"['backup', 'cover', 'relief', 'substitute']"
9207,2025-11-29,abdominal area,"['core', 'midsection', 'torso', 'trunk']"
9208,2025-11-30,ending in color homophones,"['cameroon', 'cockatiel', 'unread', 'whistleblew']"
9209,2025-11-30,fictional pirates,"['hook', 'luffy', 'silver', 'sparrow']"
9210,2025-11-30,flop,"['bust', 'lemon', 'miss', 'turkey']"
9211,2025-11-30,tolerate,"['bear', 'stand', 'stomach', 'swallow']"
9212,2025-12-01,starting with letter homophones,"['eye contact', 'pea soup', 'sea change', 'tea leaves']"
9213,2025-12-01,"kafka works, with ""the""","['castle', 'judgment', 'metamorphosis', 'trial']"
9214,2025-12-01,circular things,"['full moon', 'lp', 'pizza pie', 'pupil']"
9215,2025-12-01,complete turn,"['circuit', 'lap', 'orbit', 'revolution']"
9216,2025-12-02,family member nickname plus a letter,"['brow', 'dada', 'moma', 'sisi']"
9217,2025-12-02,mlb player,"['angel', 'met', 'ray', 'royal']"
9218,2025-12-02,mild oaths,"['frick', 'fudge', 'shoot', 'sugar']"
9219,2025-12-02,approximate,"['ballpark', 'broad', 'general', 'rough']"
9220,2025-12-03,"""___ man"" songs from the '70s","['iron', 'macho', 'piano', 'rocket']"
9221,2025-12-03,petition (for),"['appeal', 'campaign', 'lobby', 'press']"
9222,2025-12-03,social gathering,"['event', 'function', 'party', 'reception']"
9223,2025-12-03,kinds of jewelry,"['bangle', 'chain', 'charm', 'ring']"
9224,2025-12-04,snouts,"['beak', 'muzzle', 'proboscis', 'rostrum']"
9225,2025-12-04,things you assemble,"['ikea furniture', 'lego set', 'model', 'puzzle']"
9226,2025-12-04,imbibe,"['guzzle', 'knock back', 'pound down', 'swill']"
9227,2025-12-04,cuddle,"['draw close', 'hold tight', 'nuzzle', 'spoon']"
9228,2025-12-05,___ talk,"['baby', 'pillow', 'small', 'sweet']"
9229,2025-12-05,classic board games,"['mastermind', 'mouse trap', 'operation', 'sorry']"
9230,2025-12-05,state of affairs,"['deal', 'situation', 'status', 'story']"
9231,2025-12-05,tricky,"['complex', 'delicate', 'sticky', 'tough']"
9232,2025-12-06,starting with herpetofauna,"['adderall', 'monitorship', 'newton', 'toady']"
9233,2025-12-06,member of a titular group in an animation franchise,"['car', 'incredible', 'minion', 'monster']"
9234,2025-12-06,mollify,"['cool', 'moderate', 'settle', 'temper']"
9235,2025-12-06,norm,"['average', 'mean', 'par', 'standard']"
9236,2025-12-07,el ___,"['capitan', 'dorado', 'greco', 'paso']"
9237,2025-12-07,woodworking joint terms,"['dado', 'dovetail', 'mitre', 'mortise']"
9238,2025-12-07,organ meats,"['gizzard', 'heart', 'tongue', 'tripe']"
9239,2025-12-07,move at breakneck speed,"['barrel', 'bolt', 'hurtle', 'tear']"
9240,2025-12-08,european capitals minus second-to-last letter,"['mink', 'pars', 'roe', 'sofa']"
9241,2025-12-08,member of a dallas pro sports team,"['cowboy', 'maverick', 'star', 'wing']"
9242,2025-12-08,famous streets in los angeles,"['mulholland', 'rodeo', 'sunset', 'vine']"
9243,2025-12-08,"goad, with ""on""","['egg', 'push', 'spur', 'urge']"
9244,2025-12-09,beginning with number homophones,"['fievel', 'forehead', 'toucan', 'wonder']"
9245,2025-12-09,associated with rainbows,"['dorothy gale', 'leprechaun', 'pride', 'unicorn']"
9246,2025-12-09,striped animals,"['clownfish', 'honeybee', 'tiger', 'zebra']"
9247,2025-12-09,bear in mind,"['consider', 'count', 'factor', 'include']"
9248,2025-12-10,"what ""y"" might mean","['why', 'year', 'yellow', 'yes']"
9249,2025-12-10,confection,"['candy', 'lolly', 'sucker', 'sweet']"
9250,2025-12-10,imitation,"['copy', 'dummy', 'dupe', 'fake']"
9251,2025-12-10,"""my goodness!""","['dear', 'gracious', 'heavens', 'mercy']"
9252,2025-12-11,dust ___,"['bowl', 'bunny', 'devil', 'jacket']"
9253,2025-12-11,letter homophones,"['are', 'elle', 'que', 'queue']"
9254,2025-12-11,anagrams,"['ares', 'ears', 'sear', 'sera']"
9255,2025-12-11,things seen in a yard,"['gnome', 'grill', 'shed', 'sprinkler']"
9256,2025-12-12,things that are divided into twelve segments,"['clock', 'foot', 'year', 'zodiac']"
9257,2025-12-12,vegetable units,"['bulb', 'ear', 'head', 'spear']"
9258,2025-12-12,move in the wind,"['blow', 'flap', 'sway', 'wave']"
9259,2025-12-12,contain,"['hold', 'house', 'keep', 'store']"
9260,2025-12-13,greek mythological figures minus a letter,"['aja', 'are', 'her', 'hercule']"
9261,2025-12-13,new york mets legends,"['gooden', 'piazza', 'seaver', 'strawberry']"
9262,2025-12-13,"silent ""t""","['apostle', 'depot', 'mortgage', 'poirot']"
9263,2025-12-13,wide-legged pant styles,"['culotte', 'gaucho', 'harem', 'palazzo']"
9264,2025-12-14,fictional pigs,"['babe', 'napoleon', 'piglet', 'porky']"
9265,2025-12-14,"silent ""l""","['calf', 'chalk', 'colonel', 'would']"
9266,2025-12-14,hans christian anderson figures,"['duckling', 'emperor', 'mermaid', 'princess']"
9267,2025-12-14,lay it on thick,"['fawn', 'flatter', 'gush', 'praise']"
9268,2025-12-15,"what ""c"" might mean","['celsius', 'cold', 'one hundred', 'see']"
9269,2025-12-15,disreputable establishment,"['dive', 'dump', 'hole', 'joint']"
9270,2025-12-15,enormous,"['bumper', 'giant', 'monster', 'titanic']"
9271,2025-12-15,tournament rounds,"['final', 'qualifier', 'quarter', 'semi']"
9272,2025-12-16,starting with percussion instruments,"['bellhop', 'chimera', 'drumroll', 'rattlesnake']"
9273,2025-12-16,hitchcock movies,"['lifeboat', 'rope', 'spellbound', 'suspicion']"
9274,2025-12-16,descendants,"['brood', 'family', 'offspring', 'posterity']"
9275,2025-12-16,dances,"['bolero', 'foxtrot', 'mambo', 'quickstep']"
9276,2025-12-17,biblical figures plus starting letter,"['fluke', 'label', 'madam', 'truth']"
9277,2025-12-17,honda models,"['accord', 'civic', 'odyssey', 'pilot']"
9278,2025-12-17,flush,"['even', 'flat', 'level', 'plane']"
9279,2025-12-17,human-powered watercraft,"['dugout', 'kayak', 'raft', 'shell']"
9280,2025-12-18,social ___,"['butterfly', 'media', 'security', 'worker']"
9281,2025-12-18,component of an arts and crafts project,"['felt', 'glitter', 'pipe cleaner', 'pompom']"
9282,2025-12-18,protagonist,"['hero', 'lead', 'principal', 'star']"
9283,2025-12-18,bit of wishful thinking,"['daydream', 'fancy', 'fantasy', 'illusion']"
9284,2025-12-19,homophones of places to park a ship,"['birth', 'doc', 'peer', 'worf']"
9285,2025-12-19,u.s. cabinet departments,"['commerce', 'education', 'energy', 'labor']"
9286,2025-12-19,dinner options,"['cook', 'delivery', 'go out', 'leftovers']"
9287,2025-12-19,findings,"['data', 'details', 'information', 'intelligence']"
9288,2025-12-20,rock ___,"['bottom', 'lobster', 'music', 'salt']"
9289,2025-12-20,"british bands formed in the 1970s, with ""the""","['clash', 'cure', 'damned', 'fall']"
9290,2025-12-20,laundry services,"['dry', 'fold', 'press', 'wash']"
9291,2025-12-20,containers,"['bucket', 'can', 'drum', 'tin']"
9292,2025-12-21,___drop,"['air', 'eaves', 'gum', 'rain']"
9293,2025-12-21,arise,"['emerge', 'flow', 'issue', 'result']"
9294,2025-12-21,library sections,"['circulation', 'periodicals', 'reference', 'stacks']"
9295,2025-12-21,features of a teapot,"['handle', 'lid', 'spout', 'strainer']"
9296,2025-12-22,colors minus last letter,"['brow', 'cya', 'pin', 'whit']"
9297,2025-12-22,kinds of cards,"['business', 'greeting', 'membership', 'playing']"
9298,2025-12-22,subsequent,"['coming', 'following', 'future', 'later']"
9299,2025-12-22,influx,"['rash', 'rush', 'surge', 'wave']"
9300,2025-12-23,starting with slang for sausage,"['bratz', 'dogma', 'frankenstein', 'linklater']"
9301,2025-12-23,characters in capes,"['darth vader', 'dracula', 'little red riding hood', 'superman']"
9302,2025-12-23,freudian concepts,"['fixation', 'oedipus complex', 'superego', 'unconscious']"
9303,2025-12-23,vulnerability,"['achilles’ heel', 'downfall', 'kryptonite', 'soft spot']"
9304,2025-12-24,ways to vocalize musically plus a letter,"['hump', 'rapt', 'singe', 'whistler']"
9305,2025-12-24,fish,"['char', 'pollock', 'sole', 'tang']"
9306,2025-12-24,masticate,"['bite', 'champ', 'chew', 'munch']"
9307,2025-12-24,slang for money,"['bacon', 'bread', 'cheese', 'paper']"
9308,2025-12-25,comprised of solfege (do-re-mi),"['laredo', 'mire', 'retire', 'solti']"
9309,2025-12-25,things with stems,"['cherry', 'flower', 'musical note', 'wine glass']"
9310,2025-12-25,create,"['coin', 'hatch', 'fashion', 'make up']"
9311,2025-12-25,"ornate, as prose","['excessive', 'flowery', 'melodramatic', 'purple']"
9312,2025-12-26,black ___,"['forest', 'friday', 'panther', 'widow']"
9313,2025-12-26,'70s rock bands,"['america', 'chicago', 'foreigner', 'journey']"
9314,2025-12-26,comedy subgenres,"['buddy', 'cringe', 'screwball', 'stoner']"
9315,2025-12-26,california-based character tropes,"['movie exec', 'surfer', 'tech bro', 'valley girl']"
9316,2025-12-27,ending with alcoholic beverages,"['decider', 'namesake', 'report', 'villager']"
9317,2025-12-27,vocation,"['calling', 'craft', 'line', 'trade']"
9318,2025-12-27,attribute,"['cite', 'credit', 'name', 'reference']"
9319,2025-12-27,airline classes,"['business', 'economy', 'first', 'premium']"
9320,2025-12-28,dogs with first letter changed,"['dusky', 'noodle', 'perrier', 'soxer']"
9321,2025-12-28,mechanical watch parts,"['gear', 'pawl', 'ratchet', 'spring']"
9322,2025-12-28,unmoving,"['constant', 'static', 'stationary', 'still']"
9323,2025-12-28,containers for shipping,"['box', 'envelope', 'mailer', 'tube']"
9324,2025-12-29,car brand homophones,"['infinity', 'minnie', 'opal', 'outie']"
9325,2025-12-29,summer olympic events,"['athletics', 'equestrian', 'swimming', 'triathlon']"
9326,2025-12-29,biological structures,"['cell', 'gene', 'protein', 'tissue']"
9327,2025-12-29,tendency,"['course', 'direction', 'tide', 'trend']"
9328,2025-12-30,bike accessories,"['basket', 'bell', 'rack', 'reflector']"
9329,2025-12-30,parts of a flight,"['climb', 'takeoff', 'taxi', 'touchdown']"
9330,2025-12-30,measuring devices,"['clock', 'compass', 'ruler', 'scale']"
9331,2025-12-30,intention,"['aim', 'goal', 'object', 'point']"
9332,2025-12-31,starting with bodies of water,"['bay leaf', 'channel surf', 'sea bass', 'sound barrier']"
9333,2025-12-31,associated with philadelphia,"['brotherly love', 'cheesesteak', 'liberty bell', 'rocky']"
9334,2025-12-31,places where things disappear,"['bermuda triangle', 'black hole', 'couch cushions', 'dryer']"
9335,2025-12-31,happy new year!,"['ball drop', 'champagne flute', 'fireworks', 'noisemaker']"
9336,2026-01-01,butter___,"['fingers', 'fly', 'nut', 'scotch']"
9337,2026-01-01,"""enthusiast"" equivalent","['buff', 'head', 'hound', 'rat']"
9338,2026-01-01,remove the covering from,"['peel', 'shell', 'shuck', 'skin']"
9339,2026-01-01,bit of magic,"['charm', 'curse', 'hex', 'spell']"
9340,2026-01-02,vegetables minus starting letter,"['ale', 'eek', 'hive', 'quash']"
9341,2026-01-02,benchmark,"['bar', 'example', 'metric', 'standard']"
9342,2026-01-02,shtick,"['bit', 'gag', 'number', 'routine']"
9343,2026-01-02,write,"['jot', 'log', 'note', 'record']"
9344,2026-01-03,wet ___,"['bar', 'blanket', 'nurse', 'willy']"
9345,2026-01-03,rihanna #1 hits,"['diamonds', 'sos', 'umbrella', 'work']"
9346,2026-01-03,legwear in the singular,"['jean', 'jogger', 'overall', 'slack']"
9347,2026-01-03,army ranks,"['captain', 'general', 'major', 'private']"
9348,2026-01-04,synonyms for butt plus starting letter,"['drear', 'etail', 'grump', 'scan']"
9349,2026-01-04,things a defensive football player does,"['blitz', 'block', 'sack', 'tackle']"
9350,2026-01-04,spool,"['coil', 'crank', 'reel', 'wind']"
9351,2026-01-04,paper publication,"['copy', 'edition', 'issue', 'print']"
9352,2026-01-05,"what ""v"" might mean","['five', 'versus', 'very', 'volt']"
9353,2026-01-05,"art movements, with ""-ism""","['brutal', 'impression', 'manner', 'real']"
9354,2026-01-05,furthest point,"['end', 'extreme', 'opposite', 'pole']"
9355,2026-01-05,things you can do on social media,"['comment', 'like', 'lurk', 'post']"
9356,2026-01-06,___ animal,"['balloon', 'pack', 'party', 'stuffed']"
9357,2026-01-06,"poker hands, familiarly","['boat', 'flush', 'straight', 'quads']"
9358,2026-01-06,sonorous,"['clear', 'deep', 'full', 'rich']"
9359,2026-01-06,apartment,"['digs', 'flat', 'pad', 'quarters']"
9360,2026-01-07,pressed using a press,"['cider', 'garlic', 'trousers', 'wine']"
9361,2026-01-07,common flag symbols,"['crescent', 'cross', 'star', 'stripe']"
9362,2026-01-07,portion,"['concern', 'interest', 'share', 'stake']"
9363,2026-01-07,doppelgänger,"['clone', 'double', 'mirror', 'ringer']"
9364,2026-01-08,starting with candy bars,"['aeroplane', 'dovetail', 'heathers', 'marsala']"
9365,2026-01-08,first-class levers,"['clothespin', 'crowbar', 'scissors', 'seesaw']"
9366,2026-01-08,break the rules,"['jaywalk', 'litter', 'loiter', 'speed']"
9367,2026-01-08,bit of a response to strong emotions,"['chill', 'goosebump', 'shiver', 'tingle']"
9368,2026-01-09,cardinal directions with first letter changed,"['couth', 'forth', 'lest', 'oast']"
9369,2026-01-09,musical artists minus starting numbers,"['6 mafia', 'chainz', 'direction', 'non blondes']"
9370,2026-01-09,used in metaphors for precarious situations,"['8 ball', 'deep end', 'limb', 'thin ice']"
9371,2026-01-09,things that are red,"['3 ball', 'cardinal', 'heart emoji', 'solo cup']"
9372,2026-01-10,units of measure,"['bar', 'gram', 'mole', 'volt']"
9373,2026-01-10,take off,"['book', 'dip', 'jet', 'split']"
9374,2026-01-10,software platforms,"['app', 'desktop', 'mobile', 'web']"
9375,2026-01-10,hollow cylinders,"['hose', 'pipe', 'straw', 'tube']"
9376,2026-01-11,equestrian gear,"['bit', 'crop', 'halter', 'saddle']"
9377,2026-01-11,parts of a sink,"['basin', 'drain', 'faucet', 'stopper']"
9378,2026-01-11,plunge,"['crash', 'crater', 'drop', 'tank']"
9379,2026-01-11,group,"['band', 'crew', 'pack', 'team']"
9380,2026-01-12,ending in u.s. coins,"['ceftazidime', 'headquarter', 'moneypenny', 'pumpernickel']"
9381,2026-01-12,promise,"['agreement', 'compact', 'handshake', 'understanding']"
9382,2026-01-12,experience levels,"['expert', 'intermediate', 'novice', 'proficient']"
9383,2026-01-12,living room furniture,"['armchair', 'bookcase', 'console', 'footstool']"
9384,2026-01-13,parts of the foot plus starting letter,"['otoe', 'parch', 'rankle', 'wheel']"
9385,2026-01-13,accessories for mr. monopoly,"['bowtie', 'cane', 'moneybag', 'top hat']"
9386,2026-01-13,jostle,"['elbow', 'press', 'shoulder', 'shove']"
9387,2026-01-13,present go-withs,"['bow', 'card', 'gift wrap', 'ribbon']"
9388,2026-01-14,silent ___,"['auction', 'movie', 'partner', 'treatment']"
9389,2026-01-14,starting with weather conditions,"['frosty', 'mistletoe', 'rainmaker', 'snowman']"
9390,2026-01-14,receiver of goods or services,"['account', 'client', 'consumer', 'user']"
9391,2026-01-14,fixed,"['fast', 'firm', 'secure', 'tight']"
9392,2026-01-15,words formed by two men’s names,"['jackal', 'levitate', 'melted', 'patron']"
9393,2026-01-15,things that come in flakes,"['cereal', 'dandruff', 'salt', 'snow']"
9394,2026-01-15,unmoving,"['frozen', 'static', 'stationary', 'still']"
9395,2026-01-15,gardening tools,"['hose', 'rake', 'shovel', 'spade']"
9396,2026-01-16,grand ___,"['bahama', 'canyon', 'slam', 'piano']"
9397,2026-01-16,"musical acts with ""a"" as the only vowel","['alabama', 'bananarama', 'kansas', 'santana']"
9398,2026-01-16,components of a kid’s bedtime routine,"['bath', 'brushing', 'pajamas', 'story']"
9399,2026-01-16,kinds of hats,"['derby', 'fedora', 'panama', 'porkpie']"
9400,2026-01-17,first words of kids' games,"['capture', 'hide', 'red', 'simon']"
9401,2026-01-17,anagrams,"['inks', 'kins', 'sink', 'skin']"
9402,2026-01-17,throw,"['cast', 'hurl', 'pelt', 'sling']"
9403,2026-01-17,spread over,"['blanket', 'coat', 'cover', 'plaster']"
9404,2026-01-18,classic hollywood actors,"['cooper', 'grant', 'peck', 'price']"
9405,2026-01-18,found on a book jacket,"['author', 'quote', 'synopsis', 'title']"
9406,2026-01-18,destroy,"['break', 'damage', 'total', 'wreck']"
9407,2026-01-18,features of a duck,"['bill', 'feathers', 'webbing', 'wings']"
9408,2026-01-19,"words after ""quick""","['fix', 'sand', 'silver', 'study']"
9409,2026-01-19,measured by si units,"['current', 'length', 'mass', 'time']"
9410,2026-01-19,🤑,"['bundle', 'fortune', 'mint', 'wad']"
9411,2026-01-19,inexperienced,"['budding', 'fresh', 'naive', 'new']"
9412,2026-01-20,"starting with synonyms for ""hanker for""","['craven', 'desiree', 'needle', 'wanton']"
9413,2026-01-20,famous bridges,"['brooklyn', 'golden gate', 'rialto', 'tower']"
9414,2026-01-20,kinds of bees,"['bumble', 'carpenter', 'honey', 'killer']"
9415,2026-01-20,intertwine,"['lace', 'twist', 'weave', 'wind']"
9416,2026-01-21,"batman's ""bat"" things","['cave', 'mobile', 'signal', 'suit']"
9417,2026-01-21,plagiarize,"['copy', 'crib', 'lift', 'pirate']"
9418,2026-01-21,bedding,"['blanket', 'sham', 'sheet', 'throw']"
9419,2026-01-21,items to recycle,"['bottle', 'can', 'cardboard box', 'newspaper']"
9420,2026-01-22,magazines plus a letter,"['ellen', 'spiny', 'timer', 'use']"
9421,2026-01-22,bungle,"['fluff', 'fumble', 'miss', 'trip']"
9422,2026-01-22,fruit desserts,"['cobbler', 'crumble', 'strudel', 'turnover']"
9423,2026-01-22,"well-defined, as an image","['clear', 'crisp', 'distinct', 'sharp']"
9424,2026-01-23,"words before ""light""","['flood', 'lime', 'pilot', 'traffic']"
9425,2026-01-23,imperial units,"['acre', 'bushel', 'foot', 'stone']"
9426,2026-01-23,kinds of parking,"['garage', 'meter', 'street', 'valet']"
9427,2026-01-23,facial features,"['cheek', 'eye', 'lip', 'temple']"
9428,2026-01-24,snow ___,"['cone', 'globe', 'leopard', 'pea']"
9429,2026-01-24,kinds of necklines,"['boat', 'crew', 'halter', 'scoop']"
9430,2026-01-24,championship,"['award', 'crown', 'cup', 'title']"
9431,2026-01-24,gear for a boxer,"['gloves', 'mouthguard', 'robe', 'shorts']"
9432,2026-01-25,suffixes,"['ate', 'dom', 'hood', 'ship']"
9433,2026-01-25,pasta shapes,"['bowtie', 'ribbon', 'shell', 'tube']"
9434,2026-01-25,pc keyboard keys,"['alt', 'enter', 'menu', 'windows']"
9435,2026-01-25,act as a backup,"['cover', 'fill in', 'sub', 'temp']"
9436,2026-01-26,mammals minus last letter,"['badge', 'goa', 'moos', 'rabbi']"
9437,2026-01-26,iconic actresses,"['close', 'field', 'foster', 'weaver']"
9438,2026-01-26,daunt,"['buffalo', 'cow', 'rattle', 'ruffle']"
9439,2026-01-26,exploit,"['drain', 'fleece', 'milk', 'squeeze']"
9440,2026-01-27,starting with baseball gear,"['ballroom', 'basement', 'batmobile', 'capstone']"
9441,2026-01-27,first words of robin hood character names,"['friar', 'maid', 'robin', 'sheriff']"
9442,2026-01-27,nhl team member,"['devil', 'flyer', 'penguin', 'ranger']"
9443,2026-01-27,quite the laugh,"['card', 'character', 'cutup', 'joker']"
9444,2026-01-28,spare ___,"['me', 'rib', 'time', 'tire']"
9445,2026-01-28,components of a record player,"['motor', 'needle', 'platter', 'tonearm']"
9446,2026-01-28,cleaning supplies,"['bucket', 'gloves', 'rag', 'soap']"
9447,2026-01-28,imitation,"['dummy', 'mock', 'pretend', 'sham']"
9448,2026-01-29,"homophones of words meaning ""brutal""","['gorey', 'grimm', 'grizzly', 'scarry']"
9449,2026-01-29,ending with drinking vessels,"['fiberglass', 'silverstein', 'smug', 'stumbler']"
9450,2026-01-29,featured in goldilocks and the three bears,"['bear', 'bed', 'goldilocks', 'porridge']"
9451,2026-01-29,makeup,"['bronzer', 'foundation', 'liner', 'stain']"
9452,2026-01-30,___ hand,"['helping', 'minute', 'poker', 'upper']"
9453,2026-01-30,things with adhesive surfaces,"['band-aid', 'lint roller', 'sticker', 'tape']"
9454,2026-01-30,grooming items,"['comb', 'compact', 'nail file', 'tweezers']"
9455,2026-01-30,region,"['area', 'cluster', 'patch', 'pocket']"
9456,2026-01-31,"what ""shift"" might refer to","['computer key', 'dress', 'fluctuation', 'work period']"
9457,2026-01-31,y-shaped things,"['slingshot', 'stethoscope', 'tuning fork', 'wishbone']"
9458,2026-01-31,ways to apply paint,"['brush', 'palette knife', 'roller', 'spray can']"
9459,2026-01-31,kinds of parties,"['ball', 'mixer', 'reception', 'shower']"
9460,2026-02-01,musical instruments plus starting letter,"['glute', 'morgan', 'sharp', 'thorn']"
9461,2026-02-01,anthem,"['banger', 'bop', 'heater', 'jam']"
9462,2026-02-01,kinds of shoes,"['clog', 'flat', 'mule', 'wedge']"
9463,2026-02-01,publicize,"['boost', 'hype', 'pitch', 'plug']"
9464,2026-02-02,trees plus a letter,"['fair', 'marple', 'popular', 'psalm']"
9465,2026-02-02,modern crime series protagonists,"['bosch', 'cross', 'reacher', 'ryan']"
9466,2026-02-02,credentials for entry,"['lanyard', 'pass', 'stamp', 'wristband']"
9467,2026-02-02,duration,"['interval', 'period', 'span', 'stretch']"
9468,2026-02-03,memory ___,"['card', 'foam', 'hole', 'lane']"
9469,2026-02-03,kinds of golf clubs,"['iron', 'putter', 'wedge', 'wood']"
9470,2026-02-03,provide with a place to stay,"['board', 'house', 'lodge', 'quarter']"
9471,2026-02-03,cut into pieces,"['cube', 'dice', 'hash', 'mince']"
9472,2026-02-04,starting with nba teams,"['bullseye', 'heated', 'magical', 'netscape']"
9473,2026-02-04,"more or less, colloquially","['approx', 'bout', 'like', 'round']"
9474,2026-02-04,games of chance,"['bingo', 'craps', 'lottery', 'war']"
9475,2026-02-04,contention,"['conflict', 'discord', 'friction', 'rivalry']"
9476,2026-02-05,lees of hollywood,"['ang', 'bruce', 'christopher', 'spike']"
9477,2026-02-05,blue things,"['jeans', 'lapis lazuli', 'ocean', 'sky']"
9478,2026-02-05,collide with,"['bump', 'butt', 'knock', 'ram']"
9479,2026-02-05,cultural symbols of the u.s.,"['american flag', 'apple pie', 'bald eagle', 'baseball']"
9480,2026-02-06,homophones of greetings,"['chow', 'hay', 'high', 'yeoh']"
9481,2026-02-06,"words before ""fly"" in insect names","['butter', 'dragon', 'fire', 'horse']"
9482,2026-02-06,things with stripes,"['candy cane', 'crosswalk', 'referee', 'tiger']"
9483,2026-02-06,items at a coffee station,"['cup', 'lid', 'stirrer', 'straw']"
9484,2026-02-07,lowercase letters,"['t', 'x', 'l', 'i']"
9485,2026-02-07,punctuation marks,"['colon', 'period', 'quotation mark', 'ellipsis']"
9486,2026-02-07,symbols used in arithmetic,"['equals', 'divided by', 'minus', 'plus']"
9487,2026-02-07,pips on a die,"['five', 'three', 'four', 'two']"
9488,2026-02-08,"words after ""two""","['bit', 'cents', 'faced', 'timer']"
9489,2026-02-08,features of a strong password,"['length', 'number', 'symbol', 'uppercase']"
9490,2026-02-08,same old stuff,"['drill', 'grind', 'habit', 'routine']"
9491,2026-02-08,suppress,"['gag', 'inhibit', 'muzzle', 'silence']"
9492,2026-02-09,draw ___,"['near', 'poker', 'straws', 'the line']"
9493,2026-02-09,kinds of payment for an author,"['advance', 'bonus', 'fee', 'royalty']"
9494,2026-02-09,method,"['approach', 'manner', 'style', 'way']"
9495,2026-02-09,used in weaving,"['loom', 'needle', 'scissors', 'yarn']"
9496,2026-02-10,starting with parts of a wheel,"['hubbub', 'rimshot', 'spokesperson', 'tiresome']"
9497,2026-02-10,dvd bonus features,"['commentary', 'interview', 'outtakes', 'trailer']"
9498,2026-02-10,words spelling out initialisms,"['deejay', 'emcee', 'kayo', 'okay']"
9499,2026-02-10,exhibition,"['convention', 'exposition', 'fair', 'show']"
9500,2026-02-11,roller ___,"['bag', 'coaster', 'derby', 'rink']"
9501,2026-02-11,compact mass,"['block', 'brick', 'cake', 'puck']"
9502,2026-02-11,earnings,"['gain', 'net', 'return', 'yield']"
9503,2026-02-11,act lovestruck,"['moon', 'pine', 'swoon', 'yearn']"
9504,2026-02-12,___ queen,"['dairy', 'dancing', 'drag', 'may']"
9505,2026-02-12,"mlb player, for short","['a', 'card', 'jay', 'yank']"
9506,2026-02-12,fixed in place,"['fast', 'firm', 'frozen', 'tight']"
9507,2026-02-12,construct,"['form', 'make', 'mold', 'produce']"
9508,2026-02-13,homophones of ways to get smaller,"['lesson', 'reseed', 'sync', 'wayne']"
9509,2026-02-13,cigarette brands,"['camel', 'kent', 'parliament', 'salem']"
9510,2026-02-13,pennant,"['banner', 'colors', 'flag', 'standard']"
9511,2026-02-13,downright,"['pure', 'sheer', 'stark', 'utter']"
9512,2026-02-14,"words before ""mint""","['breath', 'junior', 'pepper', 'spear']"
9513,2026-02-14,tom hanks roles,"['gump', 'phillips', 'sully', 'woody']"
9514,2026-02-14,protuberance,"['bump', 'hump', 'lump', 'mound']"
9515,2026-02-14,uptick,"['hike', 'jump', 'rise', 'spike']"
9516,2026-02-15,starting with ways to reach someone via phone,"['buzzard', 'calliope', 'dialect', 'ringmaster']"
9517,2026-02-15,kinds of complexes,"['electra', 'inferiority', 'oedipus', 'superiority']"
9518,2026-02-15,something that brings back memories,"['echo', 'reminder', 'trace', 'vestige']"
9519,2026-02-15,reference books,"['atlas', 'dictionary', 'encyclopedia', 'thesaurus']"
9520,2026-02-16,stress responses,"['fawn', 'fight', 'flight', 'freeze']"
9521,2026-02-16,sounds a chicken makes,"['buck', 'cackle', 'cluck', 'squawk']"
9522,2026-02-16,homophones,"['do', 'doe', 'doh', 'dough']"
9523,2026-02-16,knee-slapper,"['hoot', 'laugh', 'riot', 'scream']"
9524,2026-02-17,"starting with synonyms for ""dud""","['bombay', 'bustle', 'floppy', 'missus']"
9525,2026-02-17,riffle (through),"['flip', 'leaf', 'skim', 'thumb']"
9526,2026-02-17,sauces in chinese cuisine,"['hoisin', 'oyster', 'plum', 'soy']"
9527,2026-02-17,zoom,"['dart', 'flash', 'speed', 'zip']"
9528,2026-02-18,___ cream,"['heavy', 'shaving', 'sour', 'topical']"
9529,2026-02-18,chicken descriptors,"['bantam', 'crested', 'free-range', 'leghorn']"
9530,2026-02-18,retro slang for cool,"['bad', 'fly', 'rad', 'wicked']"
9531,2026-02-18,retro hair directives,"['crimp', 'curl', 'feather', 'tease']"
9532,2026-02-19,homophones of ways to cook something,"['boyle', 'brays', 'seer', 'stu']"
9533,2026-02-19,"elements of ""saturday night fever""","['disco', 'john travolta', 'platform shoes', 'polyester suit']"
9534,2026-02-19,fireplace accessories,"['bellows', 'poker', 'shovel', 'tongs']"
9535,2026-02-19,easter supplies,"['basket', 'dye', 'eggs', 'peeps']"
9536,2026-02-20,"what ""jack"" might refer to","['cheese', 'donkey', 'playing card', 'socket']"
9537,2026-02-20,original monopoly tokens,"['boot', 'iron', 'thimble', 'top hat']"
9538,2026-02-20,associated with the moon,"['eclipse', 'green cheese', 'tide', 'werewolf']"
9539,2026-02-20,quick fix,"['easy answer', 'magic wand', 'panacea', 'silver bullet']"
9540,2026-02-21,car brands plus two letters,"['audits', 'dodgers', 'infinitive', 'minion']"
9541,2026-02-21,commentary about your connections results,"['great', 'perfect', 'phew', 'solid']"
9542,2026-02-21,attendance status,"['absent', 'excused', 'late', 'present']"
9543,2026-02-21,experience,"['background', 'history', 'life', 'past']"
9544,2026-02-22,associated with theodore roosevelt,"['big stick', 'bull moose', 'rough riders', 'teddy bear']"
9545,2026-02-22,classic comic strips,"['blondie', 'bloom county', 'peanuts', 'the far side']"
9546,2026-02-22,descriptors for graying hair,"['distinguished', 'flecked', 'salt-and-pepper', 'silver']"
9547,2026-02-22,one who doesn't fit in,"['black sheep', 'misfit', 'outcast', 'reject']"
9548,2026-02-23,settings for a kiss,"['blarney stone', 'mistletoe', ""new year's eve"", 'wedding']"
9549,2026-02-23,pose,"['bluff', 'front', 'masquerade', 'posture']"
9550,2026-02-23,conical things,"['christmas tree', 'cone', 'party hat', 'volcano']"
9551,2026-02-23,eat voraciously,"['bolt', 'gorge', 'inhale', 'scarf']"
9552,2026-02-24,___ beam,"['balance', 'jim', 'laser', 'tractor']"
9553,2026-02-24,famous playwrights,"['chekhov', 'coward', 'miller', 'shaw']"
9554,2026-02-24,symbols of scotland,"['bagpipes', 'scottie', 'tartan', 'thistle']"
9555,2026-02-24,calcium-based structures,"['bones', 'coral', 'shells', 'teeth']"
9556,2026-02-25,ending in family words,"['alkaline', 'declan', 'diatribe', 'napkin']"
9557,2026-02-25,jameses,"['brown', 'cook', 'dean', 'harden']"
9558,2026-02-25,elementary,"['basic', 'key', 'primary', 'principal']"
9559,2026-02-25,care for,"['baby', 'foster', 'mother', 'nurse']"
9560,2026-02-26,"""___ please""","['attention', 'check', 'drumroll', 'pretty']"
9561,2026-02-26,elements of joke-telling,"['callback', 'punchline', 'setup', 'timing']"
9562,2026-02-26,green things,"['grasshopper', 'shamrock', 'statue of liberty', 'wasabi']"
9563,2026-02-26,pivotal point,"['crossroads', 'landmark', 'milestone', 'watershed']"
9564,2026-02-27,___ press,"['bench', 'drill', 'french', 'printing']"
9565,2026-02-27,"kinds of chain reaction ""effects""","['butterfly', 'domino', 'ripple', 'snowball']"
9566,2026-02-27,aura,"['air', 'impression', 'manner', 'quality']"
9567,2026-02-27,backstabber,"['judas', 'snake', 'traitor', 'turncoat']"
9568,2026-02-28,astronomical terms plus a letter,"['cometh', 'novak', 'start', 'sung']"
9569,2026-02-28,name homophones,"['earnest', 'kneel', 'rustle', 'tailor']"
9570,2026-02-28,jobs that involve traveling,"['cruise director', 'pilot', 'roadie', 'salesman']"
9571,2026-02-28,craving,"['desire', 'itch', 'thirst', 'urge']"
9572,2026-03-01,things you don't eat that end in foods,"['copypasta', 'johannesburger', 'knuckle sandwich', 'licorice pizza']"
9573,2026-03-01,vacation emoji,"['airplane', 'luggage', 'palm tree', 'smiling face with sunglasses']"
9574,2026-03-01,construction equipment,"['hard hat', 'ladder', 'nail gun', 'tool belt']"
9575,2026-03-01,little bite,"['canapé', 'finger food', ""hors d'oeuvre"", 'tapa']"
9576,2026-03-02,___ chicken,"['funky', 'popcorn', 'rubber', 'spring']"
9577,2026-03-02,baseball calls,"['ball', 'foul', 'safe', 'strike']"
9578,2026-03-02,status,"['position', 'rank', 'standing', 'station']"
9579,2026-03-02,gymnastics apparatus,"['beam', 'horse', 'rings', 'vault']"
9580,2026-03-03,"starting with synonyms for ""speedy""","['brisket', 'fastidious', 'fleetwood', 'quicksand']"
9581,2026-03-03,seen in a closet,"['hanger', 'hook', 'rod', 'shelf']"
9582,2026-03-03,be adjacent to,"['abut', 'flank', 'neighbor', 'touch']"
9583,2026-03-03,"""big"" things","['apple', 'brother', 'dipper', 'mac']"
9584,2026-03-04,"""___ girl"" titles","['gone', 'gossip', 'new', 'working']"
9585,2026-03-04,classic kid gifts,"['bike', 'book', 'toy', 'video game']"
9586,2026-03-04,sportsmanlike,"['fair', 'honest', 'sporting', 'square']"
9587,2026-03-04,pursue,"['hound', 'shadow', 'tail', 'track']"
9588,2026-03-05,"what ""sub"" might refer to","['below', 'hero', 'replacement', 'submarine']"
9589,2026-03-05,go back and forth,"['alternate', 'seesaw', 'switch', 'toggle']"
9590,2026-03-05,places where ideas are developed,"['incubator', 'lab', 'sandbox', 'test bed']"
9591,2026-03-05,bits of hardware,"['bolt', 'nut', 'screw', 'washer']"
9592,2026-03-06,"words for lucidity, in the singular","['faculty', 'marble', 'sense', 'wit']"
9593,2026-03-06,ways one might refer to #,"['hash', 'number', 'pound', 'sharp']"
9594,2026-03-06,concealing cover,"['blanket', 'cloak', 'curtain', 'layer']"
9595,2026-03-06,freeloader,"['leech', 'mooch', 'parasite', 'sponge']"
9596,2026-03-07,where you might make a connection,"['this game', 'airport', 'dating app', 'internet cafe']"
9597,2026-03-07,"words before ""castle""","['bouncy', 'new', 'sand', 'white']"
9598,2026-03-07,"""wherefore art thou romeo?""","['art', 'romeo', 'thou', 'wherefore']"
9599,2026-03-07,$1,"['buck', 'dollar', 'one', 'single']"
9600,2026-03-08,starting with slang for zero,"['jacket', 'nadal', 'squatter', 'zipper']"
9601,2026-03-08,"horror movies minus ""s""","['gremlin', 'jaw', 'sinner', 'tremor']"
9602,2026-03-08,palindromes,"['eye', 'refer', 'rotator', 'seles']"
9603,2026-03-08,cities,"['lima', 'nice', 'osaka', 'phoenix']"
9604,2026-03-09,they feature a boss,"['company', 'e street band', 'mafia', 'video game']"
9605,2026-03-09,muppets,"['animal', 'beaker', 'fozzie', 'gonzo']"
9606,2026-03-09,metaphors for public scrutiny,"['fishbowl', 'hot seat', 'microscope', 'spotlight']"
9607,2026-03-09,"starting with the same sound, spelled differently","['warehouse', 'wearable', 'werewolf', 'wherefore']"
9608,2026-03-10,punch,"['box', 'duke', 'slug', 'sock']"
9609,2026-03-10,u.s. state abbreviations,"['mass', 'miss', 'penn', 'wash']"
9610,2026-03-10,familial nicknames,"['cuz', 'gram', 'pop', 'unc']"
9611,2026-03-10,cook with dry heat,"['brown', 'roast', 'sear', 'toast']"
9612,2026-03-11,pronoun homophones,"['hee', 'mi', 'oui', 'yew']"
9613,2026-03-11,kinds of cones,"['ice cream', 'pine', 'snow', 'traffic']"
9614,2026-03-11,"make nicer, with ""up""","['dress', 'jazz', 'spiff', 'spruce']"
9615,2026-03-11,steal,"['lift', 'palm', 'pinch', 'pocket']"
9616,2026-03-12,featuring birds,"['cuckoo clock', 'froot loops', 'mexican flag', 'weather vane']"
9617,2026-03-12,apparatus-based exercise classes,"['barre', 'reformer', 'spin', 'step']"
9618,2026-03-12,things that move back and forth,"['metronome', 'pendulum', 'swing', 'windshield wiper']"
9619,2026-03-12,places to find sand,"['bunker', 'desert', 'hourglass', 'sandbox']"
9620,2026-03-13,homophones of non-numeric amounts,"['awl', 'nun', 'phew', 'sum']"
9621,2026-03-13,kinds of walls,"['berlin', 'brick', 'fourth', 'great']"
9622,2026-03-13,kinds of numbers,"['even', 'irrational', 'perfect', 'prime']"
9623,2026-03-13,"""no thanks""","['later', 'nah', 'next time', 'pass']"
9624,2026-03-14,ending in female animals,"['hootenanny', 'lichen', 'moscow', 'nightmare']"
9625,2026-03-14,fictional inspectors,"['clouseau', 'gadget', 'javert', 'morse']"
9626,2026-03-14,"starting with prefixes meaning ""two""","['binary', 'dioxide', 'duolingo', 'twilight']"
9627,2026-03-14,hypnotic state,"['dream', 'haze', 'spell', 'trance']"
9628,2026-03-15,bull___,"['dog', 'doze', 'frog', 'horn']"
9629,2026-03-15,portmanteaux,"['blog', 'motel', 'smog', 'spork']"
9630,2026-03-15,toothed wheels,"['cog', 'gear', 'pinion', 'sprocket']"
9631,2026-03-15,greedily control,"['bogart', 'corner', 'hog', 'monopolize']"
9632,2026-03-16,words that sound like state abbreviations,"['any', 'emmy', 'envy', 'okay']"
9633,2026-03-16,"silent ""w""","['cartwright', 'two', 'wrath', 'wrestle']"
9634,2026-03-16,things associated with being slow,"['glacier', 'molasses', 'sloth', 'traffic']"
9635,2026-03-16,animal group names,"['gaggle', 'pack', 'pod', 'pride']"
9636,2026-03-17,metaphors for quickness,"['arrow', 'lightning', 'rocket', 'wind']"
9637,2026-03-17,things with strings,"['balloon', 'kite', 'tea bag', 'yo-yo']"
9638,2026-03-17,music theory concepts,"['key', 'pitch', 'scale', 'tone']"
9639,2026-03-17,metaphors for trouble,"['bind', 'hot water', 'jam', 'pickle']"
9640,2026-03-18,___ check,"['blank', 'coat', 'rain', 'reality']"
9641,2026-03-18,guitar effects pedals,"['delay', 'reverb', 'wah', 'whammy']"
9642,2026-03-18,react to a stubbed toe,"['curse', 'hop', 'wince', 'yell']"
9643,2026-03-18,interval,"['patch', 'period', 'spell', 'stretch']"
9644,2026-03-19,ending in music genres,"['baby blues', 'pet rock', 'scrap metal', 'soda pop']"
9645,2026-03-19,things that change color,"['chameleon', 'mood ring', 'sunset', 'traffic light']"
9646,2026-03-19,good luck symbols,"['evil eye', 'four-leaf clover', 'horseshoe', ""rabbit's foot""]"
9647,2026-03-19,folk tale characters,"['chicken little', 'frog prince', 'gingerbread man', 'goldilocks']"
9648,2026-03-20,egg ___,"['carton', 'noodle', 'roll', 'timer']"
9649,2026-03-20,figure in greek myth,"['fate', 'fury', 'muse', 'siren']"
9650,2026-03-20,words on a monopoly board,"['boardwalk', 'chance', 'luxury', 'parking']"
9651,2026-03-20,disturb,"['alarm', 'concern', 'rattle', 'shake']"
9652,2026-03-21,20th century american poets,"['bishop', 'frost', 'pound', 'rich']"
9653,2026-03-21,checkers terms,"['capture', 'crown', 'jump', 'king']"
9654,2026-03-21,target,"['goal', 'mark', 'object', 'point']"
9655,2026-03-21,direct,"['blunt', 'frank', 'plain', 'straight']"
9656,2026-03-22,___ surf,"['channel', 'couch', 'crowd', 'kite']"
9657,2026-03-22,components of a weightlifting setup,"['bar', 'bench', 'rack', 'weights']"
9658,2026-03-22,picture taken from a film,"['frame', 'image', 'shot', 'still']"
9659,2026-03-22,oversee,"['chair', 'head', 'lead', 'run']"
9660,2026-03-23,ending in nickname homophones,"['brain stew', 'broccoli rabe', 'jungle gym', 'open mic']"
9661,2026-03-23,"""virgin"" things","['mary', 'mocktail', 'olive oil', 'virgo']"
9662,2026-03-23,game-changing inventions,"['light bulb', 'printing press', 'sliced bread', 'wheel']"
9663,2026-03-23,principled,"['decent', 'honest', 'moral', 'stand-up']"
9664,2026-03-24,heteronyms,"['bow', 'row', 'sow', 'wind']"
9665,2026-03-24,kinds of trucks,"['dump', 'fire', 'food', 'tow']"
9666,2026-03-24,features of a wedding,"['cake', 'kiss', 'ring', 'vow']"
9667,2026-03-24,despicable,"['base', 'low', 'mean', 'vile']"
9668,2026-03-25,units of volume with last letter changed,"['cur', 'gallop', 'ping', 'quark']"
9669,2026-03-25,payment methods,"['cash', 'charge', 'check', 'wire']"
9670,2026-03-25,magazines,"['fortune', 'people', 'spin', 'time']"
9671,2026-03-25,obfuscate,"['blur', 'cloud', 'muddy', 'obscure']"
9672,2026-03-26,they have bolts,"[""frankenstein's monster"", 'hardware store', 'lightning', 'lock']"
9673,2026-03-26,features of a classic voting booth,"['ballot', 'booth', 'curtain', 'lever']"
9674,2026-03-26,member of a detroit sports team,"['lion', 'piston', 'red wing', 'tiger']"
9675,2026-03-26,food procurement methods,"['agriculture', 'fishing', 'gathering', 'hunting']"
9676,2026-03-27,ending in words for cellular connectivity,"['lip service', 'monkey bars', 'turn signal', 'wedding reception']"
9677,2026-03-27,things that are orange,"['goldfish cracker', 'monarch butterfly', 'the lorax', 'traffic cone']"
9678,2026-03-27,features of an airport terminal,"['baggage claim', 'duty-free', 'food court', 'ticket counter']"
9679,2026-03-27,what it all boils down to,"['basic facts', 'bottom line', 'brass tacks', 'nitty-gritty']"
9680,2026-03-28,___ plant,"['face', 'pitcher', 'power', 'robert']"
9681,2026-03-28,textbook images,"['figure', 'illustration', 'picture', 'plate']"
9682,2026-03-28,quantities in mechanics,"['acceleration', 'force', 'mass', 'momentum']"
9683,2026-03-28,"step onto, as a vehicle","['board', 'embark', 'enter', 'mount']"
9684,2026-03-29,___ mark,"['beauty', 'check', 'question', 'stretch']"
9685,2026-03-29,"silent ""p""","['corps', 'coup', 'psycho', 'receipt']"
9686,2026-03-29,retro dance crazes,"['hustle', 'mashed potato', 'robot', 'twist']"
9687,2026-03-29,images seen on the street,"['graffiti', 'mural', 'poster', 'stencil']"
9688,2026-03-30,snack brands plus starting letter,"['fritz', 'plays', 'truffles', 'yutz']"
9689,2026-03-30,car rental companies,"['avis', 'budget', 'dollar', 'hertz']"
9690,2026-03-30,play around (with),"['futz', 'mess', 'tinker', 'toy']"
9691,2026-03-30,imitation,"['dummy', 'ersatz', 'faux', 'mock']"
9692,2026-03-31,starting with baby animals,"['calf raise', 'chick flick', 'fry cook', 'kit kat']"
9693,2026-03-31,kinds of bras,"['plunge', 'push-up', 'sports', 'wireless']"
9694,2026-03-31,parts of a pirate ship,"['cannon', ""crow's nest"", 'jolly roger', 'plank']"
9695,2026-03-31,shortage,"['absence', 'crunch', 'deficit', 'pinch']"
9696,2026-04-01,u.s. city nicknames,"['big apple', 'big easy', 'mile high city', 'second city']"
9697,2026-04-01,movies,"['blue velvet', 'back to the future', ""singin' in the rain"", 'top gun']"
9698,2026-04-01,rock bands,"['u2', 'pink floyd', 'green day', 'three doors down']"
9699,2026-04-01,beer brands,"['miller high life', 'red stripe', 'dos equis', 'blue moon']"
9700,2026-04-02,ends of liquor brands,"['cardi', 'eater', 'meson', 'migos']"
9701,2026-04-02,male animals,"['buck', 'drake', 'drone', 'stallion']"
9702,2026-04-02,opportunity,"['chance', 'moment', 'opening', 'window']"
9703,2026-04-02,support,"['back', 'champion', 'endorse', 'second']"
9704,2026-04-03,___ control,"['cruise', 'damage', 'ground', 'mission']"
9705,2026-04-03,cocktail glasses,"['collins', 'hurricane', 'rocks', 'zombie']"
9706,2026-04-03,hanker (for),"['jones', 'long', 'lust', 'thirst']"
9707,2026-04-03,catty,"['mean', 'petty', 'small', 'snide']"
9708,2026-04-04,___ camp,"['band', 'base', 'boot', 'summer']"
9709,2026-04-04,coastal landforms,"['bluff', 'cape', 'point', 'spit']"
9710,2026-04-04,obscure,"['cover', 'mask', 'screen', 'shield']"
9711,2026-04-04,"""let sleeping dogs lie""","['dogs', 'let', 'lie', 'sleeping']"
9712,2026-04-05,"starting with synonyms for ""slush""","['googol', 'mushroom', 'pasteurize', 'pulpit']"
9713,2026-04-05,things to flip,"['coin', 'light switch', 'pancake', 'the bird']"
9714,2026-04-05,parts of a sherlock holmes costume,"['deerstalker', 'magnifying glass', 'pipe', 'violin']"
9715,2026-04-05,atomic structure terms,"['electron', 'nucleus', 'orbit', 'shell']"
9716,2026-04-06,musicals with last letter changed,"['carouser', 'evite', 'olives', 'wicket']"
9717,2026-04-06,components of whac-a-mole,"['holes', 'mallet', 'mole', 'timer']"
9718,2026-04-06,interest,"['claim', 'concern', 'share', 'stake']"
9719,2026-04-06,events with dancing,"['ball', 'hoedown', 'hop', 'rave']"
9720,2026-04-07,___life,"['after', 'low', 'night', 'wild']"
9721,2026-04-07,words for unspecified choices,"['another', 'either', 'neither', 'one']"
9722,2026-04-07,on board,"['down', 'game', 'in', 'willing']"
9723,2026-04-07,competition,"['battle', 'clash', 'contest', 'match']"
9724,2026-04-08,eyewear in the singular,"['contact', 'goggle', 'shade', 'spectacle']"
9725,2026-04-08,kinds of bar apparatuses,"['monkey', 'parallel', 'pull-up', 'uneven']"
9726,2026-04-08,aesthetic,"['design', 'look', 'scheme', 'style']"
9727,2026-04-08,cohort member,"['associate', 'colleague', 'fellow', 'peer']"
9728,2026-04-09,"muscular, minus ""ed"" sound","['jack', 'rip', 'shred', 'yoke']"
9729,2026-04-09,zodiac symbols,"['archer', 'fish', 'goat', 'ram']"
9730,2026-04-09,ointment,"['balm', 'cream', 'paste', 'rub']"
9731,2026-04-09,gloomy,"['blue', 'dark', 'down', 'low']"
9732,2026-04-10,blue characters,"['blue', 'genie', 'gonzo', 'sonic']"
9733,2026-04-10,descriptors for swiss cheese,"['firm', 'holey', 'nutty', 'swiss']"
9734,2026-04-10,things that pop up,"['ejector seat', 'jack-in-the-box', 'pop-up book', 'toaster']"
9735,2026-04-10,peppers,"['bell pepper', 'carolina reaper', 'chipotle', 'pepperoncino']"
9736,2026-04-11,ending in bodies of water,"['bombay', 'chelsea', 'screwdriver', 'snowflake']"
9737,2026-04-11,structural supports,"['beam', 'brace', 'column', 'strut']"
9738,2026-04-11,benefactor,"['angel', 'champion', 'patron', 'sponsor']"
9739,2026-04-11,found in the trunk of a car,"['ice scraper', 'jack', 'jumper cables', 'spare tire']"
9740,2026-04-12,___ doll,"['paper', 'rag', 'russian', 'troll']"
9741,2026-04-12,emit,"['cast', 'project', 'radiate', 'shed']"
9742,2026-04-12,perspective,"['angle', 'position', 'stance', 'take']"
9743,2026-04-12,pants features,"['belt loop', 'cuff', 'fly', 'pocket']"
9744,2026-04-13,they have caps,"['baseball player', 'camera lens', 'mushroom', 'pen']"
9745,2026-04-13,tv show title surnames,"['house', 'lasso', 'montana', 'soprano']"
9746,2026-04-13,accessories for a magician,"['cape', 'handkerchief', 'magic wand', 'rabbit']"
9747,2026-04-13,seen outside a theater,"['box office', 'marquee', 'ticket line', 'velvet rope']"
9748,2026-04-14,free___,"['lance', 'mason', 'style', 'way']"
9749,2026-04-14,tilt,"['lean', 'list', 'pitch', 'tip']"
9750,2026-04-14,boxing terms,"['bell', 'gloves', 'ring', 'round']"
9751,2026-04-14,things stored by a browser,"['bookmark', 'cache', 'cookie', 'history']"
9752,2026-04-15,shapes of chess pieces,"['castle', 'crown', 'horse', 'miter']"
9753,2026-04-15,oversimplistic,"['facile', 'flip', 'shallow', 'trite']"
9754,2026-04-15,tedious undertaking,"['chore', 'grind', 'hassle', 'trial']"
9755,2026-04-15,graduation gear,"['cap', 'diploma', 'gown', 'tassel']"
9756,2026-04-16,training ___,"['bra', 'camp', 'day', 'wheels']"
9757,2026-04-16,features of a catwoman costume,"['bodysuit', 'claws', 'mask', 'whip']"
9758,2026-04-16,thermostat settings,"['auto', 'cool', 'fan', 'heat']"
9759,2026-04-16,tease,"['needle', 'rib', 'ride', 'roast']"
9760,2026-04-17,second halves of drink names,"['soda', 'stormy', 'tan', 'tonic']"
9761,2026-04-17,parts of a piano,"['hammer', 'key', 'pedal', 'string']"
9762,2026-04-17,prevailing,"['common', 'dominant', 'general', 'popular']"
9763,2026-04-17,vegetable parts,"['bulb', 'leaf', 'root', 'stem']"
9764,2026-04-18,starting with soda brands,"['crushworthy', 'fantagraphics', 'frescade', 'pepsinogen']"
9765,2026-04-18,unexpected winner,"['dark horse', 'long shot', 'sleeper', 'underdog']"
9766,2026-04-18,basic electricity terms,"['ac', 'dc', 'power', 'voltage']"
9767,2026-04-18,look at with awe,"['goggle', 'marvel', 'stare', 'wonder']"
9768,2026-04-19,last words of candy brands in the singular,"['cap', 'dud', 'kid', 'mint']"
9769,2026-04-19,cards in texas hold 'em,"['flop', 'hole', 'river', 'turn']"
9770,2026-04-19,dress measurements,"['bust', 'hips', 'length', 'waist']"
9771,2026-04-19,cheeky,"['arch', 'fresh', 'sassy', 'wise']"
9772,2026-04-20,___ monday,"['blue', 'cyber', 'manic', 'meatless']"
9773,2026-04-20,associated with black widow spiders,"['cannibalism', 'hourglass', 'venom', 'web']"
9774,2026-04-20,fishing gear,"['bait', 'hook', 'net', 'rod']"
9775,2026-04-20,mass of smoke,"['billow', 'cloud', 'plume', 'puff']"
9776,2026-04-21,starts of one-word james bond movie titles,"['gold', 'moon', 'octopus', 'thunder']"
9777,2026-04-21,kinds of bags,"['crossbody', 'hobo', 'messenger', 'saddle']"
9778,2026-04-21,balderdash,"['baloney', 'bilge', 'bull', 'bunk']"
9779,2026-04-21,amble (in),"['breeze', 'mosey', 'stroll', 'waltz']"
9780,2026-04-22,pick-up ___,"['artist', 'game', 'sticks', 'truck']"
9781,2026-04-22,words pronounced different ways as proper nouns,"['herb', 'nice', 'polish', 'reading']"
9782,2026-04-22,wallop,"['deck', 'punch', 'slug', 'sock']"
9783,2026-04-22,pottery equipment,"['clay', 'glaze', 'kiln', 'wheel']"
9784,2026-04-23,starting with four-letter '80s bands,"['asiago', 'devote', 'totoro', 'whammy']"
9785,2026-04-23,words in a planetary mnemonic,"['educated', 'mother', 'my', 'very']"
9786,2026-04-23,kinds of fiction,"['historical', 'literary', 'pulp', 'science']"
9787,2026-04-23,border,"['flank', 'neighbor', 'skirt', 'touch']"
9788,2026-04-24,"what ""cab"" might refer to","['cabin', 'calloway', 'red wine', 'taxi']"
9789,2026-04-24,they have blades,"['grass', 'helicopter', 'ice skates', 'lawn mower']"
9790,2026-04-24,associated with octopuses,"['arms', 'ink', 'intelligence', 'suction cups']"
9791,2026-04-24,pizza ingredients,"['cheese', 'dough', 'pepperoni', 'tomato sauce']"
9792,2026-04-25,"starting with synonyms for ""throw""","['cast iron', 'chuck e. cheese', 'hurly-burly', 'pitchfork']"
9793,2026-04-25,old timey slang for law enforcement,"['copper', 'dick', 'flatfoot', 'gumshoe']"
9794,2026-04-25,"masses, in idioms","['crowd', 'haystack', 'million', 'ocean']"
9795,2026-04-25,body coverings,"['enamel', 'hair', 'nail', 'skin']"
9796,2026-04-26,things with faces,"['building', 'cliff', 'clock', 'polyhedron']"
9797,2026-04-26,"characters in ""dick and jane""","['dick', 'jane', 'mother', 'spot']"
9798,2026-04-26,vocal characteristics,"['pitch', 'range', 'register', 'tone']"
9799,2026-04-26,stipulation,"['catch', 'caveat', 'fine print', 'strings']"
9800,2026-04-27,ending in nba players,"['raging bull', 'regina king', 'roe buck', 'rotary clipper']"
9801,2026-04-27,"""the simpsons"" characters","['radioactive man', 'ralph wiggum', 'reverend lovejoy', 'rod flanders']"
9802,2026-04-27,classic films,"['rain man', 'rear window', 'reservoir dogs', 'roman holiday']"
9803,2026-04-27,salad ingredients,"['ranch dressing', 'red onion', 'roasted chicken', 'romaine lettuce']"
9804,2026-04-28,sun___,"['dial', 'flower', 'screen', 'tan']"
9805,2026-04-28,"things that come in ""books""","['check', 'coupon', 'match', 'stamp']"
9806,2026-04-28,laundry day verbs,"['dry', 'fold', 'sort', 'wash']"
9807,2026-04-28,entreaty,"['appeal', 'bid', 'call', 'request']"
9808,2026-04-29,standing ___,"['joke', 'orders', 'ovation', 'room']"
9809,2026-04-29,kinds of puppets,"['hand', 'shadow', 'sock', 'string']"
9810,2026-04-29,sound like thunder,"['boom', 'clap', 'roll', 'rumble']"
9811,2026-04-29,step in a process,"['level', 'phase', 'round', 'stage']"
9812,2026-04-30,homophones of possessive adjectives,"['hour', 'hur', 'there', 'yore']"
9813,2026-04-30,"what ""t"" might stand for","['tesla', 'time', 'true', 'tyrannosaurus']"
9814,2026-04-30,"remove, as an item from a list, with ""off""","['check', 'cross', 'mark', 'tick']"
9815,2026-04-30,unnerve,"['alarm', 'disturb', 'shake', 'shock']"
9816,2026-05-01,numbers with first letter changed,"['hive', 'mix', 'pour', 'wight']"
9817,2026-05-01,features of a bird's head,"['beak', 'comb', 'crest', 'wattle']"
9818,2026-05-01,translucent golden things,"['ale', 'amber', 'citrine', 'honey']"
9819,2026-05-01,make glossy,"['buff', 'polish', 'shine', 'wax']"
9820,2026-05-02,starting with newspaper names,"['globetrotter', 'heraldry', 'post-it', 'times tables']"
9821,2026-05-02,u.s. cabinet departments,"['education', 'interior', 'state', 'treasury']"
9822,2026-05-02,staged performances,"['ballet', 'musical', 'opera', 'play']"
9823,2026-05-02,clairvoyant,"['extrasensory', 'mental', 'psychic', 'telepathic']"
9824,2026-05-03,gestures made with the index and middle fingers,"['air quotes', 'bunny ears', 'fingers crossed', 'peace']"
9825,2026-05-03,famous revolutions in history,"['french', 'green', 'industrial', 'sexual']"
9826,2026-05-03,associated with 1960s counterculture,"['acid', 'commune', 'free love', 'hippie']"
9827,2026-05-03,home structures,"['garage', 'house', 'porch', 'shed']"
9828,2026-05-04,starting with familiar names for kinds of dogs,"['chowder', 'doodlebug', 'labubu', 'pitter-patter']"
9829,2026-05-04,things with knobs,"['control panel', 'etch a sketch', 'radio', 'stove']"
9830,2026-05-04,pellet-filled things,"['beanie baby', 'desiccant packet', 'eye pillow', 'hacky sack']"
9831,2026-05-04,tender-hearted person,"['marshmallow', 'softie', 'sweetheart', 'teddy bear']"
9832,2026-05-05,starting with units in competitions,"['gamelan', 'matchstick', 'pointer', 'setback']"
9833,2026-05-05,kinds of knots,"['bend', 'bowline', 'hitch', 'sheepshank']"
9834,2026-05-05,involuntary actions,"['blink', 'hiccup', 'shiver', 'sneeze']"
9835,2026-05-05,glimmer,"['flicker', 'hint', 'suggestion', 'whiff']"
9836,2026-05-06,flag designs,"['horizontal trisection', 'circle', 'vertical trisection', 'horizontal bisection']"
9837,2026-05-06,seen in a bowling alley,"['scorecard', 'bowling ball', 'bowling pins', 'lane']"
9838,2026-05-06,ways to fasten things,"['zipper', 'button', 'laces', 'buckle']"
9839,2026-05-06,found in a casino,"['slot machine', 'cards', 'dice', 'chips']"
9840,2026-05-07,controlled with up/down buttons,"['car window', 'channel', 'elevator', 'volume']"
9841,2026-05-07,commit a basketball infraction,"['carry', 'double-dribble', 'goaltend', 'travel']"
9842,2026-05-07,multitude,"['drove', 'host', 'mass', 'pack']"
9843,2026-05-07,fishing gear,"['fly', 'hook', 'line', 'net']"
9844,2026-05-08,"ending in candy brands minus ""s""","['burger king whopper', 'film nerd', 'memento', ""pitcher's mound""]"
9845,2026-05-08,"unexpected places to be ""out of""","['left field', 'nowhere', 'the blue', 'thin air']"
9846,2026-05-08,five-sided things,"['home plate', 'jeans back pocket', 'school crossing sign', 'the pentagon']"
9847,2026-05-08,canoodling,"['first base', 'making out', 'necking', 'tonsil hockey']"
9848,2026-05-09,___ piece,"['conversation', 'period', 'puff', 'think']"
9849,2026-05-09,strings tied in knots,"['friendship bracelet', 'macramé', 'quipu', 'shoelaces']"
9850,2026-05-09,things worn around the neck,"['boa', 'chain', 'lanyard', 'tie']"
9851,2026-05-09,units of tv programs,"['episode', 'franchise', 'season', 'series']"
9852,2026-05-10,"what ""spring"" might refer to","['coil', 'fountain', 'leap', 'season']"
9853,2026-05-10,verbs in making a mojito,"['garnish', 'muddle', 'pour', 'stir']"
9854,2026-05-10,destined,"['bound', 'certain', 'fated', 'sure']"
9855,2026-05-10,music player buttons,"['play', 'repeat', 'shuffle', 'skip']"
9856,2026-05-11,body parts surrounded by two letters,"['elegy', 'karma', 'keyed', 'shandy']"
9857,2026-05-11,detective movies,"['chinatown', 'knives out', 'seven', 'vertigo']"
9858,2026-05-11,kinds of schemes,"['color', 'ponzi', 'pyramid', 'rhyme']"
9859,2026-05-11,"move stealthily, with ""in""","['creep', 'slip', 'sneak', 'steal']"
9860,2026-05-12,currencies plus a letter,"['franci', 'rando', 'realm', 'wonk']"
9861,2026-05-12,"""long"" things","['distance', 'division', 'johns', 'weekend']"
9862,2026-05-12,"""saint"" cities","['monica', 'paulo', 'petersburg', 'salvador']"
9863,2026-05-12,substantial book,"['opus', 'tome', 'volume', 'work']"
9864,2026-05-13,jelly ___,"['bean', 'belly', 'donut', 'roll']"
9865,2026-05-13,smartphone photo editing options,"['adjust', 'crop', 'filters', 'markup']"
9866,2026-05-13,pretext,"['argument', 'basis', 'cause', 'grounds']"
9867,2026-05-13,long sandwich,"['grinder', 'hero', 'hoagie', 'sub']"
9868,2026-05-14,phrases whose second words include their first word,"['air cairo', 'all hallows', 'arm warmer', 'the others']"
9869,2026-05-14,bad things to do in modern dating,"['breadcrumb', 'catfish', 'ghost', 'love bomb']"
9870,2026-05-14,cellphone modes,"['do not disturb', 'ring', 'silent', 'vibrate']"
9871,2026-05-14,premonition,"['gut feeling', 'hunch', 'intuition', 'sixth sense']"
9872,2026-05-15,"homophones of kinds of dogs, familiarly","['ciao', 'palm', 'peek', 'pitt']"
9873,2026-05-15,non-palindromic words in a famous palindrome,"['able', 'elba', 'saw', 'was']"
9874,2026-05-15,multi-time nba mvps,"['bird', 'curry', 'james', 'jordan']"
9875,2026-05-15,"navigate through, as a river","['cross', 'ford', 'traverse', 'wade']"
9876,2026-05-16,"ending in synonyms for ""asap""","['bassoon', 'belfast', 'nesquick', 'thermostat']"
9877,2026-05-16,music performance directions,"['allegro', 'forte', 'largo', 'piano']"
9878,2026-05-16,mess around (with),"['fiddle', 'mess', 'play', 'tinker']"
9879,2026-05-16,glassware,"['coupe', 'flute', 'stein', 'tumbler']"
9880,2026-05-17,"""school"" modifiers","['grade', 'grammar', 'high', 'primary']"
9881,2026-05-17,tea-making verbs,"['boil', 'pour', 'steep', 'strain']"
9882,2026-05-17,swindle,"['fleece', 'hose', 'squeeze', 'stiff']"
9883,2026-05-17,conduit,"['duct', 'line', 'main', 'pipe']"
9884,2026-05-18,fruit anagrams,"['cheap', 'earp', 'lump', 'wiki']"
9885,2026-05-18,mlb player,"['padre', 'red', 'royal', 'twin']"
9886,2026-05-18,rupture,"['blow', 'crack', 'pop', 'split']"
9887,2026-05-18,homophones,"['pair', 'pare', 'pear', 'père']"
9888,2026-05-19,fish minus a letter,"['founder', 'salon', 'surgeon', 'trot']"
9889,2026-05-19,judy blume books,"['blubber', 'deenie', 'forever', 'superfudge']"
9890,2026-05-19,modify deceptively,"['alter', 'cook', 'doctor', 'fudge']"
9891,2026-05-19,things babies do,"['babble', 'cry', 'nurse', 'teethe']"
9892,2026-05-20,"""___ day"" movies","['groundhog', 'independence', 'the longest', 'training']"
9893,2026-05-20,music theory concepts,"['interval', 'key', 'mode', 'scale']"
9894,2026-05-20,potency,"['concentration', 'force', 'intensity', 'might']"
9895,2026-05-20,stove knob settings,"['high', 'medium', 'off', 'simmer']"
9896,2026-05-21,___ mustard,"['colonel', 'honey', 'hot', 'yellow']"
9897,2026-05-21,tennis scoring terms,"['advantage', 'deuce', 'forty', 'love']"
9898,2026-05-21,things associated with butts,"['caboose', 'can', 'moon', 'peach']"
9899,2026-05-21,kinds of pies,"['chess', 'pecan', 'pumpkin', 'shoofly']"
9900,2026-05-22,starting with name homophones,"['carry-on', 'el niño', 'loosey-goosey', 'tailor-made']"
9901,2026-05-22,places with conveyor belts,"['assembly line', 'baggage claim', 'checkout lane', 'revolving sushi bar']"
9902,2026-05-22,the way things are done,"['convention', 'custom', 'social norm', 'unwritten rule']"
9903,2026-05-22,reach back out,"['check in', 'follow up', 'reconnect', 'touch base']"
9904,2026-05-23,"words after ""the"" in ""star wars"" movie titles","['empire', 'force', 'last', 'phantom']"
9905,2026-05-23,marvel characters,"['daredevil', 'hawkeye', 'nightcrawler', 'wolverine']"
9906,2026-05-23,more readily,"['first', 'preferably', 'rather', 'sooner']"
9907,2026-05-23,hairdos,"['beehive', 'bouffant', 'chignon', 'pompadour']"
9908,2026-05-24,possessive adjectives plus a letter,"['herb', 'hiss', 'itsy', 'mya']"
9909,2026-05-24,objects used in ritual performances,"['drum', 'mask', 'rattle', 'staff']"
9910,2026-05-24,labor protest actions,"['march', 'picket', 'rally', 'strike']"
9911,2026-05-24,farm fixtures,"['coop', 'pen', 'shed', 'stable']"
9912,2026-05-25,eye___,"['ball', 'brow', 'lash', 'lid']"
9913,2026-05-25,texting abbreviations,"['atm', 'cya', 'lol', 'tia']"
9914,2026-05-25,tiny bit,"['jot', 'scrap', 'shred', 'whit']"
9915,2026-05-25,common promo items,"['cap', 'pin', 'shirt', 'sticker']"
9916,2026-05-26,anagrams,"['enlist', 'listen', 'silent', 'tinsel']"
9917,2026-05-26,'80s comedies,"['airplane', 'big', 'clue', 'twins']"
9918,2026-05-26,matter at hand,"['concern', 'focus', 'point', 'subject']"
9919,2026-05-26,championship awards,"['cup', 'medal', 'pennant', 'ring']"
9920,2026-05-27,"ending in the ""little women"" march sisters","['banjo', 'macbeth', 'monogamy', 'nutmeg']"
9921,2026-05-27,homophones of ways of looking,"['aye', 'lear', 'pier', 'stair']"
9922,2026-05-27,classic board games,"['battleship', 'operation', 'othello', 'trouble']"
9923,2026-05-27,small community,"['commune', 'hamlet', 'township', 'village']"
9924,2026-05-28,ski ___,"['jump', 'lift', 'lodge', 'slope']"
9925,2026-05-28,parts of a courtroom,"['bar', 'bench', 'podium', 'stand']"
9926,2026-05-28,fourth estate,"['media', 'news', 'papers', 'press']"
9927,2026-05-28,get low,"['duck', 'hunch', 'squat', 'stoop']"
9928,2026-05-29,"what ""pa"" might refer to","['father', 'pennsylvania', 'protactinium', 'public address']"
9929,2026-05-29,kinds of rooms in a mansion,"['billiard', 'drawing', 'powder', 'reading']"
9930,2026-05-29,sources of distinctive smells,"['ammonia', 'bo', 'durian', 'wet dog']"
9931,2026-05-29,oceans,"['arctic', 'atlantic', 'indian', 'pacific']"
9932,2026-05-30,song of the year nominees at the first grammy awards,"['fever', 'gigi', 'volare', 'witchcraft']"
9933,2026-05-30,typographical symbols,"['brace', 'caret', 'pipe', 'tilde']"
9934,2026-05-30,sensible,"['clear', 'lucid', 'right', 'sound']"
9935,2026-05-30,"""in your dreams""","['impossible', 'never', 'no way', 'sorry']"
9936,2026-05-31,"kinds of wood plus ""s""","['sash', 'soak', 'spine', 'steak']"
9937,2026-05-31,slang for a sailor,"['jack', 'salt', 'sea dog', 'tar']"
9938,2026-05-31,billiards terms,"['break', 'cue', 'pocket', 'rack']"
9939,2026-05-31,things that are yellow,"['butter', 'pikachu', 'rubber duck', 'school bus']"
9940,2026-06-01,___ ring,"['key', 'onion', 'tree', 'wedding']"
9941,2026-06-01,subjects in tennessee williams titles,"['streetcar', 'cat', 'menagerie', 'tattoo']"
9942,2026-06-01,old-timey lounging accessories,"['newspaper', 'pipe', 'robe', 'slippers']"
9943,2026-06-01,room features,"['ceiling', 'door', 'wall', 'window']"
9944,2026-06-02,ending in modal auxiliary verbs,"['cape may', 'free will', 'grape must', 'tin can']"
9945,2026-06-02,heraldic achievements,"['coat of arms', 'crest', 'helmet', 'shield']"
9946,2026-06-02,british potato dishes,"['bubble and squeak', 'chips', 'jacket potato', 'mash']"
9947,2026-06-02,clandestine,"['cloak-and-dagger', 'covert', 'hush-hush', 'top secret']"
9948,2026-06-03,disney princesses minus last letter,"['arie', 'bell', 'moan', 'ray']"
9949,2026-06-03,savory stuffed pastries,"['empanada', 'fatayer', 'pasty', 'samosa']"
9950,2026-06-03,gummy bear descriptors,"['colorful', 'gummy', 'sugary', 'ursine']"
9951,2026-06-03,kinds of rice,"['brown', 'jasmine', 'sticky', 'sushi']"
9952,2026-06-04,ghost ___,"['kitchen', 'pepper', 'town', 'writer']"
9953,2026-06-04,starts of classic hip-hop groups,"['beastie', 'public', 'run', 'salt']"
9954,2026-06-04,esprit,"['gusto', 'panache', 'verve', 'vinegar']"
9955,2026-06-04,painting media,"['acrylic', 'gouache', 'oil', 'tempera']"
9956,2026-06-05,ending in methods of transportation,"['incubus', 'oscar', 'quatrain', 'situationship']"
9957,2026-06-05,demi moore movies,"['disclosure', 'ghost', 'striptease', 'the substance']"
9958,2026-06-05,bit of cereal,"['cluster', 'flake', 'loop', 'puff']"
9959,2026-06-05,associated with hansel and gretel,"['breadcrumb', 'forest', 'oven', 'witch']"
9960,2026-06-06,___ table,"['dinner', 'drafting', 'round', 'times']"
9961,2026-06-06,kinds of lizards,"['basilisk', 'dragon', 'monitor', 'skink']"
9962,2026-06-06,"indicate, as emotions","['betray', 'display', 'express', 'register']"
9963,2026-06-06,pillar,"['pole', 'post', 'shaft', 'stake']"
9964,2026-06-07,music genre suffixes,"['core', 'pop', 'step', 'wave']"
9965,2026-06-07,demolish,"['gut', 'level', 'total', 'trash']"
9966,2026-06-07,speak,"['express', 'state', 'utter', 'voice']"
9967,2026-06-07,"translucent, as fabric","['gauzy', 'gossamer', 'sheer', 'thin']"
9968,2026-06-08,"""the ___ man"" movies","['elephant', 'invisible', 'omega', 'running']"
9969,2026-06-08,things that can be spiked,"['mohawk', 'punch', 'sea urchin', 'volleyball']"
9970,2026-06-08,slang for head,"['coconut', 'dome', 'melon', 'pate']"
9971,2026-06-08,landforms by water,"['delta', 'island', 'isthmus', 'peninsula']"
9972,2026-06-09,slang for musical instruments,"['axe', 'bone', 'keys', 'skins']"
9973,2026-06-09,things represented in superscript,"['asterisk', 'degree', 'exponent', 'trademark']"
9974,2026-06-09,things you're not supposed to reveal,"['password', 'secret', 'spoiler', 'surprise']"
9975,2026-06-09,symbols of innocence,"['angel', 'babe', 'dove', 'lamb']"
9976,2026-06-10,counted in document word counts,"['character', 'line', 'page', 'word']"
9977,2026-06-10,parts of a theater,"['catwalk', 'pit', 'stage', 'wings']"
9978,2026-06-10,gross things that form on wet surfaces,"['crust', 'film', 'scum', 'skin']"
9979,2026-06-10,technique,"['fashion', 'manner', 'method', 'way']"
9980,2026-06-11,payment apps minus a letter,"['elle', 'papal', 'strip', 'veno']"
9981,2026-06-11,homophones of suvs,"['broncho', 'forerunner', 'trouper', 'uconn']"
9982,2026-06-11,things with horns,"['brass band', 'devil', 'rhino', 'viking helmet']"
9983,2026-06-11,parts of a workout routine,"['balance', 'cardio', 'stretching', 'weights']"
9984,2026-06-12,starting with parts of a river,"['bank teller', 'bed head', 'delta airlines', 'mouth guard']"
9985,2026-06-12,"starting with synonyms for ""repeat""","['copy editor', 'echo park', 'mirror selfie', 'quote unquote']"
9986,2026-06-12,starting with animal group names,"['murder mystery', 'pack rat', 'pride rock', 'school days']"
9987,2026-06-12,starting with incantations,"['charm bracelet', 'curse word', 'hex key', 'spell checker']"
9988,2026-06-13,"words before ""story"" in movie titles","['christmas', 'neverending', 'toy', 'west side']"
9989,2026-06-13,used in movie practical effects,"['makeup', 'miniature', 'prosthetic', 'puppet']"
9990,2026-06-13,enduring song,"['classic', 'hit', 'oldie', 'standard']"
9991,2026-06-13,seen at a tea service,"['saucer', 'spoon', 'teacup', 'tongs']"
9992,2026-06-14,"what ""ma"" might refer to","['massachusetts', 'master of arts', 'milliampere', 'mother']"
9993,2026-06-14,"featured in ""alice's adventures in wonderland""","['caterpillar', 'pocket watch', 'rabbit hole', 'tea party']"
9994,2026-06-14,things that spin,"['globe', 'grindstone', 'gyroscope', 'roulette wheel']"
9995,2026-06-14,classic slapstick props,"['banana peel', 'cream pie', 'rubber chicken', 'seltzer bottle']"
9996,2026-06-15,flowers,"['anemone', 'larkspur', 'monkshood', 'phlox']"
9997,2026-06-15,chinese zodiac animals,"['dog', 'dragon', 'horse', 'snake']"
9998,2026-06-15,get ready for a night out,"['accessorize', 'change', 'primp', 'shower']"
9999,2026-06-15,staying power,"['legs', 'momentum', 'stamina', 'traction']"
10000,2026-06-16,"what ""hoops"" might refer to","['basketball', 'earrings', 'red tape', 'rhythmic gymnastics gear']"
10001,2026-06-16,"rare things, idiomatically","['black swan', 'blue moon', 'perfect storm', 'unicorn']"
10002,2026-06-16,attendants,"['court', 'entourage', 'retinue', 'suite']"
10003,2026-06-16,creamy salad dressings,"['blue cheese', 'caesar', 'green goddess', 'ranch']"
10004,2026-06-17,"starting with synonyms for ""ilk""","['classic', 'kindle', 'sortie', 'typeface']"
10005,2026-06-17,figures in greek myth,"['calliope', 'echo', 'iris', 'nemesis']"
10006,2026-06-17,bodily words for attitude,"['cheek', 'lip', 'mouth', 'nerve']"
10007,2026-06-17,alcove,"['cavity', 'niche', 'nook', 'recess']"
10008,2026-06-18,tools minus last two letters,"['hamm', 'jigs', 'plie', 'wren']"
10009,2026-06-18,peace activists,"['gandhi', 'king', 'mandela', 'tutu']"
10010,2026-06-18,demeanor,"['attitude', 'bearing', 'carriage', 'presence']"
10011,2026-06-18,fitness class types,"['aerobics', 'barre', 'bootcamp', 'pilates']"
10012,2026-06-19,"ending in synonyms for ""aggregate""","['coincidentally', 'dim sum', 'teetotal', 'viscount']"
10013,2026-06-19,starting with magazines,"['fortune cookie', 'people person', 'spinderella', 'time machine']"
10014,2026-06-19,things a beginner might learn on the piano,"['chopsticks', 'für elise', 'heart and soul', 'the entertainer']"
10015,2026-06-19,umami-rich foods,"['miso paste', 'parmesan', 'soy sauce', 'vegemite']"
10016,2026-06-20,words repeated in hit song titles,"[""jumpin'"", 'louie', 'new york', 'rebel']"
10017,2026-06-20,kinds of chairs,"['beanbag', 'recliner', 'rocker', 'stool']"
10018,2026-06-20,endorse,"['back', 'bolster', 'champion', 'support']"
10019,2026-06-20,"featuring silent and pronounced ""k""s","['jackknife', 'knapsack', 'knicks', 'knock-knock']"
10020,2026-06-21,starting with kinds of insults,"['barbados', 'diggity', 'dissect', 'slapdash']"
10021,2026-06-21,nbc sitcoms,"['community', 'friends', 'scrubs', 'wings']"
10022,2026-06-21,bowls over,"['floors', 'rocks', 'stuns', 'surprises']"
10023,2026-06-21,precipitation,"['drizzle', 'rain', 'showers', 'sprinkles']"
10024,2026-06-22,starting with explosive onomatopoeia,"['bangkok', 'boomer', 'popsicle', 'powder']"
10025,2026-06-22,pronunciation descriptors,"['short', 'silent', 'soft', 'stressed']"
10026,2026-06-22,multiplication indicators,"['by', 'times', 'x', '●']"
10027,2026-06-22,dominant,"['alpha', 'head', 'lead', 'primary']"
10028,2026-06-23,things with mantles/mantels,"['earth', 'emperor', 'fireplace', 'yankees']"
10029,2026-06-23,content sorting options online,"['featured', 'popular', 'recent', 'trending']"
10030,2026-06-23,in a monopoly box,"['deed', 'hotel', 'money', 'token']"
10031,2026-06-23,dance styles,"['foxtrot', 'modern', 'swing', 'tap']"
10032,2026-06-24,rhyming compound words,"['chick flick', 'helter skelter', 'humpty dumpty', 'mumbo jumbo']"
10033,2026-06-24,red characters,"['clifford', 'deadpool', 'kool-aid man', 'mr. krabs']"
10034,2026-06-24,classic wedding gifts,"['china', 'luggage', 'money', 'toaster']"
10035,2026-06-24,prog bands,"['genesis', 'king crimson', 'pink floyd', 'rush']"
10036,2026-06-25,starting with bird homophones,"['cranium', 'croquette', 'ductile', 'hockey']"
10037,2026-06-25,hazardous elemental metals,"['francium', 'lead', 'mercury', 'polonium']"
10038,2026-06-25,tightly packed,"['compact', 'compressed', 'dense', 'squashed']"
10039,2026-06-25,computer peripherals,"['microphone', 'monitor', 'printer', 'trackpad']"
10040,2026-06-26,colors plus a letter,"['bronzer', 'pinky', 'redo', 'tang']"
10041,2026-06-26,areas of low ground,"['dale', 'dell', 'gorge', 'hollow']"
10042,2026-06-26,various amounts of wood,"['board', 'log', 'splinter', 'tree']"
10043,2026-06-26,crunchy snack item,"['chip', 'cracker', 'nut', 'pretzel']"
10044,2026-06-27,ending in horse gaits,"['decanter', 'envelope', 'firewalk', 'foxtrot']"
10045,2026-06-27,commonly striped things,"['barber pole', 'billiard ball', 'credit card', 'crosswalk']"
10046,2026-06-27,components of a fashion show,"['catwalk', 'collection', 'designer', 'model']"
10047,2026-06-27,monopoly squares,"['boardwalk', 'income tax', 'short line', 'water works']"
10048,2026-06-28,they have boards,"['chess', 'corporation', 'darts', 'surfer']"
10049,2026-06-28,accessories for a guitarist,"['capo', 'pick', 'slide', 'strap']"
10050,2026-06-28,signals to commence,"['begin', 'go', 'now', 'start']"
10051,2026-06-28,high-quality,"['choice', 'fine', 'prime', 'select']"
10052,2026-06-29,ending in parts of a tree,"['embark', 'groot', 'nudibranch', 'strunk']"
10053,2026-06-29,parts of a speaker,"['cabinet', 'cone', 'magnet', 'woofer']"
10054,2026-06-29,consume with gusto,"['crush', 'guzzle', 'inhale', 'snarf']"
10055,2026-06-29,old timey troublemakers,"['miscreant', 'rogue', 'ruffian', 'scoundrel']"
10056,2026-06-30,"what ""draft"" might refer to","['breeze', 'on tap', 'recruit', 'sketch']"
10057,2026-06-30,common recyclables,"['bottle', 'box', 'can', 'newspaper']"
10058,2026-06-30,participate in some winter olympics,"['curl', 'luge', 'skate', 'ski']"
10059,2026-06-30,dividing structures,"['fence', 'gate', 'hedge', 'wall']"
10060,2026-07-01,starting with countries,"['dominican republic', 'guinea-bissau', 'indianapolis', 'nigeria']"
10061,2026-07-01,places in cocktail names,"['cuba', 'long island', 'moscow', 'singapore']"
10062,2026-07-01,best picture winners/nominees,"['casablanca', 'chicago', 'fargo', 'munich']"
10063,2026-07-01,things named after places,"['champagne', 'china', 'cologne', 'limerick']"
10064,2026-07-02,starting with sports venues,"['court jester', 'diamond ring', 'field mouse', 'track record']"
10065,2026-07-02,starting with nicknames,"['billy goat', 'dan dan noodles', 'rich text', 'tom-tom']"
10066,2026-07-02,old-timey names for things we still use,"['looking glass', 'spectacles', 'talkie', 'water closet']"
10067,2026-07-02,they impersonate other things,"['copycat', 'mime', 'mockingbird', 't-1000']"
10068,2026-07-03,"what things pronounced ""t"" might refer to","['golf accessory', 'gossip', 'hot drink', 'shirt']"
10069,2026-07-03,bad things to give someone,"['cold shoulder', 'dirty look', 'hard time', 'runaround']"
10070,2026-07-03,retro expressions of approval,"['cool beans', 'far out', 'groovy', 'right on']"
10071,2026-07-03,positive feelings,"['bliss', 'felicity', 'happiness', 'warm fuzzies']"
10072,2026-07-04,sweet ___,"['dreams', 'nothings', 'pea', 'spot']"
10073,2026-07-04,tropical drinks,"['hurricane', 'painkiller', 'scorpion', 'zombie']"
10074,2026-07-04,kinds of poems,"['ballad', 'epic', 'ode', 'villanelle']"
10075,2026-07-04,persist,"['continue', 'last', 'linger', 'stay']"
10076,2026-07-05,"what ""w"" might stand for","['tungsten', 'west', 'win', 'with']"
10077,2026-07-05,amex card types,"['centurion', 'gold', 'green', 'platinum']"
10078,2026-07-05,payment methods,"['card', 'cash', 'check', 'wire']"
10079,2026-07-05,granola ingredients,"['honey', 'nuts', 'oats', 'seeds']"
10080,2026-07-06,starting with dating apps,"['bumblebee', 'grind rail', 'matcha', 'tinderbox']"
10081,2026-07-06,acme products used by wile e. coyote,"['earthquake pills', 'iron bird seed', 'rocket skates', 'tnt']"
10082,2026-07-06,science fair model subjects,"['atom', 'dna', 'solar system', 'volcano']"
10083,2026-07-06,stunning news,"['bombshell', 'revelation', 'shocker', 'thunderbolt']"
10084,2026-07-07,"ending in ""sesame street"" characters","['bernie', 'colbert', 'discount', 'san anselmo']"
10085,2026-07-07,___ twist,"['french', 'lemon', 'oliver', 'plot']"
10086,2026-07-07,student-athlete designations,"['all-american', 'jock', 'letterman', 'team captain']"
10087,2026-07-07,rooms in clue,"['conservatory', 'hall', 'kitchen', 'study']"
10088,2026-07-08,house of ___,"['cards', 'lords', 'wax', 'worship']"
10089,2026-07-08,guitar-playing techniques,"['pick', 'pluck', 'strum', 'tap']"
10090,2026-07-08,motif,"['drift', 'plot', 'theme', 'thread']"
10091,2026-07-08,cut into thin pieces,"['grate', 'plane', 'shave', 'sliver']"
10092,2026-07-09,pontiac models,"['firebird', 'g6', 'grand prix', 'trans am']"
10093,2026-07-09,kinds of rugs,"['persian', 'prayer', 'shag', 'throw']"
10094,2026-07-09,music publications,"['billboard', 'pitchfork', 'rolling stone', 'spin']"
10095,2026-07-09,non-alcoholic designators,"['na', 'spirit-free', 'virgin', 'zero-proof']"
10096,2026-07-10,starting with baseball calls,"['ball gown', 'outkast', 'safe mode', 'strike a pose']"
10097,2026-07-10,'80s synth-pop bands,"['depeche mode', 'erasure', 'new order', 'pet shop boys']"
10098,2026-07-10,dessert menu descriptors,"['decadent', 'fresh-baked', 'molten', 'à la mode']"
10099,2026-07-10,smartphone settings,"['airplane mode', 'do not disturb', 'hotspot', 'location services']"
10100,2026-07-11,double letters appearing in that letter's alphabetical position,"['aardvark', 'bocce', 'ebbing', 'twiddle']"
10101,2026-07-11,"""toy story"" characters","['bo peep', 'jessie', 'slinky', 'woody']"
10102,2026-07-11,"undisturbed, as water","['calm', 'flat', 'glassy', 'still']"
10103,2026-07-11,circus equipment,"['cannon', 'stilts', 'trapeze', 'unicycle']"
10104,2026-07-12,starts of u.s. capitals,"['den', 'mad', 'pho', 'sac']"
10105,2026-07-12,verbs in a college life slogan,"['party', 'repeat', 'sleep', 'study']"
10106,2026-07-12,bit of fruit-flavored candy,"['dot', 'nerd', 'runt', 'spree']"
10107,2026-07-12,reproductive part of fruit,"['pip', 'pit', 'seed', 'stone']"
10108,2026-07-13,starting with smooches,"['bussin', 'kisser', 'peckish', 'smackdown']"
10109,2026-07-13,fictional cats,"['figaro', 'puss', 'salem', 'tom']"
10110,2026-07-13,things with handles,"['bucket', 'drawer', 'mug', 'umbrella']"
10111,2026-07-13,interrogate,"['examine', 'grill', 'pump', 'question']"
10112,2026-07-14,symbolized with arrows,"['recycling', 'shuffle', 'this side up', 'u-turn']"
10113,2026-07-14,kinds of baskets,"['easter', 'grocery', 'laundry', 'picnic']"
10114,2026-07-14,edit menu options,"['copy', 'cut', 'delete', 'paste']"
10115,2026-07-14,contract,"['agreement', 'bargain', 'deal', 'understanding']"
10116,2026-07-15,"words before ""room"" to indicate extra space","['breathing', 'elbow', 'head', 'wiggle']"
10117,2026-07-15,kinds of sports,"['extreme', 'motor', 'racket', 'water']"
10118,2026-07-15,things with laces,"['baseball glove', 'corset', 'football', 'shoe']"
10119,2026-07-15,terms for the legal system,"['bar', 'bench', 'court', 'tribunal']"
10120,2026-07-16,starting with tiny marks,"['dot matrix', 'period piece', 'point break', 'spot remover']"
10121,2026-07-16,associated with precision,"['bullseye', 'clockwork', 'laser', 'needle']"
10122,2026-07-16,shades of black,"['charcoal', 'ink', 'jet', 'pitch']"
10123,2026-07-16,skincare products,"['clay mask', 'eye cream', 'peel', 'toner']"
10124,2026-07-17,ending in parts of a car,"['plot spoiler', 'robin hood', 'satires', 'tree trunk']"
10125,2026-07-17,four groups of four,"['cardinal directions', 'classical elements', 'seasons', 'suits']"
10126,2026-07-17,seen in an arcade,"['crane game', 'pinball', 'tickets', 'tokens']"
10127,2026-07-17,grand finale,"['epilogue', 'farewell', 'last dance', 'swan song']"
10128,2026-07-18,"words after ""pop""","['culture', 'fly', 'quiz', 'tart']"
10129,2026-07-18,things tracked in video games,"['health', 'lives', 'score', 'time']"
10130,2026-07-18,belief,"['attitude', 'mind', 'opinion', 'view']"
10131,2026-07-18,commit a basketball violation,"['carry', 'double dribble', 'goaltend', 'travel']"
10132,2026-07-19,___ face expressions,"['game', 'long', 'poker', 'straight']"
10133,2026-07-19,things toilets do,"['drain', 'flush', 'refill', 'swirl']"
10134,2026-07-19,digital coupling verbs,"['connect', 'join', 'pair', 'sync']"
10135,2026-07-19,circuit components,"['breaker', 'fuse', 'relay', 'switch']"
10136,2026-07-20,starting with alcoholic beverages,"['alexa', 'meadow', 'portobello', 'sakes']"
10137,2026-07-20,associated with pearls,"['bubble tea', 'oyster', 'swine', 'wisdom']"
10138,2026-07-20,things to click,"['button', 'icon', 'link', 'menu']"
10139,2026-07-20,announce,"['blare', 'herald', 'sound', 'trumpet']"
10140,2026-07-21,tele___,"['gram', 'kinesis', 'prompter', 'vision']"
10141,2026-07-21,elements of a musical,"['book', 'lyrics', 'music', 'orchestration']"
10142,2026-07-21,software downloads,"['app', 'driver', 'extension', 'plugin']"
10143,2026-07-21,kinds of tops,"['crop', 'halter', 'tank', 'tube']"
10144,2026-07-22,features of a zebra,"['hooves', 'mane', 'tail', 'white stripes']"
10145,2026-07-22,platform-specific posts,"['pins', 'snaps', 'tweets', 'vines']"
10146,2026-07-22,on a golf scorecard,"['hole', 'par', 'score', 'strokes']"
10147,2026-07-22,symptoms of an allergic reaction,"['hives', 'itching', 'rash', 'redness']"
10148,2026-07-23,ending in geometry terms,"['appoint', 'deplane', 'feline', 'jangle']"
10149,2026-07-23,parts of an airport,"['apron', 'hangar', 'runway', 'terminal']"
10150,2026-07-23,in an anxious state,"['excited', 'febrile', 'frenetic', 'intense']"
10151,2026-07-23,spherical things,"['baseball', 'globe', 'marble', 'orange']"
10152,2026-07-24,homophones of religious roles,"['canter', 'fryer', 'llama', 'none']"
10153,2026-07-24,"bring to mind, as a memory","['jog', 'prompt', 'refresh', 'spark']"
10154,2026-07-24,outcomes for a batter,"['home run', 'single', 'strikeout', 'walk']"
10155,2026-07-24,talk at length,"['babble', 'drone', 'ramble', 'yak']"
10156,2026-07-25,strip ___,"['club', 'mall', 'poker', 'steak']"
10157,2026-07-25,african currencies,"['kwanza', 'leone', 'naira', 'rand']"
10158,2026-07-25,"start to cry, with ""up""","['choke', 'mist', 'tear', 'well']"
10159,2026-07-25,spanish relatives,"['abuela', 'hijo', 'madre', 'primo']"
10160,2026-07-26,"what ""shell"" might refer to","['carapace', 'gas station', 'pastry crust', 'rowing boat']"
10161,2026-07-26,expressions for rain,"['april showers', 'liquid sunshine', 'scotch mist', 'wet weather']"
10162,2026-07-26,outmoded consumer tech,"['blackberry', 'discman', 'dvd player', 'plasma tv']"
10163,2026-07-26,baby milestones,"['crawling', 'first words', 'rolling over', 'solid food']"
10164,2026-07-27,icons on a shopping site,"['bell', 'cart', 'heart', 'magnifying glass']"
10165,2026-07-27,kinds of shifts,"['doppler', 'graveyard', 'paradigm', 'stick']"
10166,2026-07-27,long tapered things,"['carrot', 'icicle', 'knitting needle', 'stalactite']"
10167,2026-07-27,gymnastics apparatus,"['beam', 'horse', 'rings', 'vault']"
10168,2026-07-28,starting with palindromic names,"['annapolis', 'bobsled', 'everest', 'ottoman']"
10169,2026-07-28,"shoe brands starting with ""c""","['camper', 'clarks', 'converse', 'crocs']"
10170,2026-07-28,how do you like them apples,"['empire', 'fuji', 'gala', 'honeycrisp']"
10171,2026-07-28,command,"['captain', 'direct', 'head', 'lead']"
10172,2026-07-29,___boards in a classroom,"['black', 'chalk', 'cork', 'white']"
10173,2026-07-29,units of wisdom,"['gem', 'nugget', 'pearl', 'word']"
10174,2026-07-29,nondescript,"['basic', 'mid', 'plain', 'vanilla']"
10175,2026-07-29,fasteners,"['nail', 'rivet', 'screw', 'staple']"
10176,2026-07-30,"on the ___, to mean ""precise""","['dot', 'mark', 'money', 'nose']"
10177,2026-07-30,cruise lines,"['carnival', 'celebrity', 'princess', 'viking']"
10178,2026-07-30,activities with multiple balls,"['beer pong', 'bingo', 'juggling', 'pool']"
10179,2026-07-30,virtuous,"['fair', 'good', 'just', 'right']"
10180,2026-07-31,starting with merriments,"['cheerios', 'fungus', 'gleek', 'joystick']"
10181,2026-07-31,fruits plus starting letter,"['dapple', 'jdate', 'slime', 'spear']"
10182,2026-07-31,super mario figures,"['dinosaur', 'mushroom', 'plumber', 'princess']"
10183,2026-07-31,construct,"['fashion', 'model', 'mold', 'shape']"
10184,2026-08-01,starting with bread shapes,"['boulevard', 'bundle', 'loafer', 'rolls-royce']"
10185,2026-08-01,perform some hole machining operations,"['bore', 'countersink', 'drill', 'ream']"
10186,2026-08-01,oscar-winning actors since 2010,"['bale', 'jordan', 'phoenix', 'waltz']"
10187,2026-08-01,bedding,"['comforter', 'sham', 'sheet', 'throw']"
10188,2026-08-02,u.s. airport codes plus starting letter,"['asea', 'flax', 'lord', 'olga']"
10189,2026-08-02,___ mode,"['airplane', 'beast', 'dark', 'à la']"
10190,2026-08-02,by means of,"['by', 'per', 'through', 'via']"
10191,2026-08-02,filler words,"['actually', 'like', 'so', 'well']"
10192,2026-08-03,"starting with synonyms for ""pester""","['bug fix', 'nag champa', 'needless', 'tea set']"
10193,2026-08-03,"""y"" is the only vowel","['fly by', 'myrrh', 'nsync', 'rhythm']"
10194,2026-08-03,shades of green,"['forest', 'hunter', 'mint', 'sage']"
10195,2026-08-03,road less traveled,"['alley', 'backstreet', 'byway', 'lane']"
10196,2026-08-04,v-shaped things,"['angle bracket', 'chevron', 'goose formation', 'peace sign']"
10197,2026-08-04,things with pedals,"['piano', 'sewing machine', 'swan boat', 'unicycle']"
10198,2026-08-04,iconic nyc sights,"['bodega', 'pigeon', 'subway station', 'taxi cab']"
10199,2026-08-04,long cylindrical things,"['cigarette', 'foam roller', 'pool noodle', 'pretzel rod']"
10200,2026-08-05,"what ""stock"" might refer to","['broth', 'cattle', 'investment', 'merchandise']"
10201,2026-08-05,house styles,"['cape cod', 'mission', 'ranch', 'tudor']"
10202,2026-08-05,jeans brands,"['diesel', 'gap', 'lucky', 'wrangler']"
10203,2026-08-05,navigate,"['drive', 'maneuver', 'pilot', 'steer']"
10204,2026-08-06,places with nets,"['barclays center', 'fishing boat', 'hockey rink', 'tennis court']"
10205,2026-08-06,iconic roman landmarks,"['colosseum', 'pantheon', 'spanish steps', 'trevi fountain']"
10206,2026-08-06,places with lanes,"['bowling alley', 'freeway', 'supermarket', 'swimming pool']"
10207,2026-08-06,classic wooden toys,"['alphabet blocks', 'cup-and-ball', ""jacob's ladder"", 'lincoln logs']"
10208,2026-08-07,starting with male animals,"['buckyball', 'jackpot', 'rambo', 'tomatillo']"
10209,2026-08-07,parts of an elevator,"['buttons', 'cables', 'motor', 'shaft']"
10210,2026-08-07,cold things,"['liquid nitrogen', 'refrigerator', 'snow', 'sundae']"
10211,2026-08-07,components of a candle,"['fragrance', 'jar', 'wax', 'wick']"
10212,2026-08-08,safety ___,"['belt', 'goggles', 'pin', 'razor']"
10213,2026-08-08,words abbreviated with letters as homophones,"['cutie', 'easy', 'effects', 'i owe you']"
10214,2026-08-08,convey,"['couch', 'express', 'frame', 'phrase']"
10215,2026-08-08,quaint expressions of excitement,"['hot dog', 'hurrah', 'whoopee', 'yahoo']"
10216,2026-08-09,things people try to get out of,"['bad dream', 'escape room', 'jury duty', 'labyrinth']"
10217,2026-08-09,movie subgenres,"['buddy cop', 'neo-noir', 'space opera', 'spaghetti western']"
10218,2026-08-09,classic children's books,"['caps for sale', 'corduroy', 'goodnight moon', 'madeline']"
10219,2026-08-09,take a different approach,"['change tack', 'course-correct', 'recalibrate', 'shift gears']"
10220,2026-08-10,famous goatees,"['billy goat', 'colonel sanders', 'doctor strange', 'the devil']"
10221,2026-08-10,sections on an invoice,"['balance due', 'bill to', 'order number', 'unit price']"
10222,2026-08-10,ways to receive event tickets,"['mail delivery', 'mobile ticket', 'print-at-home', 'will call']"
10223,2026-08-10,haphazardly,"['any old how', 'at random', 'helter-skelter', 'willy-nilly']"
10224,2026-08-11,homophones of facial features,"['aye', 'hare', 'knows', 'tung']"
10225,2026-08-11,words in an auctioneer's chant,"['going', 'once', 'sold', 'twice']"
10226,2026-08-11,basic cable channels,"['bet', 'bravo', 'history', 'usa']"
10227,2026-08-11,doomed,"['done', 'sunk', 'through', 'toast']"
10228,2026-08-12,starting with affirmative responses,"['fine print', 'goodbye', 'great white', 'okayama']"
10229,2026-08-12,nbc sitcom surnames,"['benes', 'bing', 'lemon', 'scott']"
10230,2026-08-12,kinds of frogs,"['bull', 'green', 'poison dart', 'tree']"
10231,2026-08-12,"hold onto, as a feeling","['foster', 'harbor', 'maintain', 'nurse']"
10232,2026-08-13,"""cold"" things, in idioms","['comfort', 'feet', 'shoulder', 'turkey']"
10233,2026-08-13,airline status perks,"['checked bags', 'lounge', 'miles', 'upgrade']"
10234,2026-08-13,move slowly (up to),"['creep', 'ease', 'edge', 'inch']"
10235,2026-08-13,persevere,"['carry on', 'continue', 'make it', 'persist']"
10236,2026-08-14,triangle logos,"['bass ale', 'citgo', 'delta airlines', 'google drive']"
10237,2026-08-14,comic book artist's tools,"['bristol board', 'dip pen', 'india ink', 'straightedge']"
10238,2026-08-14,places where everyone thinks the same ways,"['bubble', 'echo chamber', 'hivemind', 'silo']"
10239,2026-08-14,black-and-yellow,"['bumblebee', 'caution tape', 'charlie brown', 'wolverine']"
10240,2026-08-15,ending in synonyms for follow secretly,"['beanstalk', 'eyeshadow', 'hightail', 'soundtrack']"
10241,2026-08-15,ending in units of length,"['chamomile', 'grinch', 'hotfoot', 'lanyard']"
10242,2026-08-15,segment,"['leg', 'phase', 'stage', 'stretch']"
10243,2026-08-15,exhausted,"['beat', 'fried', 'spent', 'worn out']"
10244,2026-08-16,descriptors for our human ancestors,"['from neander', 'handy', 'upright', 'wise']"
10245,2026-08-16,family relationship modifiers,"['grand', 'great', 'half', 'step']"
10246,2026-08-16,participant,"['actor', 'agent', 'party', 'player']"
10247,2026-08-16,musical performance,"['concert', 'gig', 'set', 'show']"
10248,2026-08-17,starting with pets,"['birdie', 'cattle', 'dogie', 'fisheye']"
10249,2026-08-17,first names of country music legends,"['dolly', 'johnny', 'patsy', 'willie']"
10250,2026-08-17,spreadsheet features,"['formula', 'function', 'macro', 'script']"
10251,2026-08-17,video call platforms,"['huddle', 'meet', 'teams', 'zoom']"
10252,2026-08-18,things that are gritty,"['cowboy coffee', 'film noir', 'flyers mascot', 'sandpaper']"
10253,2026-08-18,things that are orange,"['basketball', 'orangutan', 'sweet potato', 'traffic cone']"
10254,2026-08-18,pjs,"['petroleum jelly', 'poetic justice', 'practical joke', 'private jet']"
10255,2026-08-18,seen at a movie premiere,"['limousine', 'paparazzi', 'red carpet', 'velvet rope']"
10256,2026-08-19,homophones of cgi-animated films,"['ants', 'cocoa', 'rheo', 'seoul']"
10257,2026-08-19,"words before ""ball"" in sport names","['base', 'basket', 'foot', 'pickle']"
10258,2026-08-19,conceal,"['blanket', 'hide', 'mask', 'obscure']"
10259,2026-08-19,piece of cake,"['breeze', 'cinch', 'picnic', 'snap']"
10260,2026-08-20,starting with chinese zodiac animals,"['dragonfly', 'oxford', 'pigment', 'ratchet']"
10261,2026-08-20,similarly shaped typographical marks,"['apostrophe', 'cedilla', 'comma', 'okina']"
10262,2026-08-20,kinds of numbers,"['atomic', 'serial', 'social security', 'telephone']"
10263,2026-08-20,kinds of pizza,"['diavola', 'hawaiian', 'meat lovers', 'white']"
10264,2026-08-21,once in a ___,"['blue moon', 'generation', 'lifetime', 'while']"
10265,2026-08-21,___ kids,"['comeback', 'karate', 'sundance', 'wimpy']"
10266,2026-08-21,calls to begin a performance,"['action', 'curtain up', 'places', 'showtime']"
10267,2026-08-21,things most animals need,"['nutrition', 'oxygen', 'sleep', 'water']"
10268,2026-08-22,___ girls of pop culture,"['gilmore', 'golden', 'mean', 'spice']"
10269,2026-08-22,garden hose settings,"['cone', 'jet', 'mist', 'shower']"
10270,2026-08-22,kinds of melon,"['bitter', 'musk', 'water', 'winter']"
10271,2026-08-22,carpentry tools,"['chisel', 'hammer', 'plane', 'saw']"
10272,2026-08-23,household stain removers,"['baking soda', 'club soda', 'hydrogen peroxide', 'vinegar']"
10273,2026-08-23,made with potatoes,"['home fries', 'potato battery', 'vischyssoise', 'vodka']"
10274,2026-08-23,double vowels,"['antifreeze', 'bazaar', 'skiing', 'vacuum']"
10275,2026-08-23,potentially explosive things,"['powder keg', 'time bomb', 'tinderbox', 'volcano']"
10276,2026-08-24,letter homophone plus tennis term,"['beset', 'deserve', 'ex-love', 'eyelet']"
10277,2026-08-24,pro-wrestling lingo,"['face', 'heel', 'jobber', 'kayfabe']"
10278,2026-08-24,principal,"['arch', 'chief', 'main', 'prime']"
10279,2026-08-24,fish,"['mullet', 'pike', 'sole', 'tang']"
10280,2026-08-25,ending in ice cream orders,"['harlem shake', 'inside scoop', 'lickety-split', 'traffic cone']"
10281,2026-08-25,"stephen king film adaptations, with ""the""","['green mile', 'long walk', 'running man', 'shawshank redemption']"
10282,2026-08-25,sci-fi phenomena,"['hyperspace', 'parallel universe', 'teleportation', 'time warp']"
10283,2026-08-25,surface-level,"['cosmetic', 'one-dimensional', 'skin-deep', 'superficial']"
10284,2026-08-26,key ___,"['chain', 'largo', 'lime', 'signature']"
10285,2026-08-26,"what ""p"" might stand for","['page', 'park', 'phosphorus', 'piano']"
10286,2026-08-26,knack,"['forte', 'gift', 'strength', 'talent']"
10287,2026-08-26,"""there you have it!""","['behold', 'presto', 'shazam', 'voilà']"
10288,2026-08-27,music genre plus starting letter,"['brock', 'nemo', 'spunk', 'wrap']"
10289,2026-08-27,shades of gray,"['ash', 'dove', 'pewter', 'slate']"
10290,2026-08-27,moved to tears,"['choked up', 'emotional', 'misty', 'overcome']"
10291,2026-08-27,electric things,"['electric eel', 'lightning', 'live wire', 'pikachu']"
10292,2026-08-28,top of the ___,"['hour', 'line', 'morning', 'pops']"
10293,2026-08-28,modern add-ons/combining forms,"['bro', 'coded', 'era', 'maxxing']"
10294,2026-08-28,palindromes,"['mom', 'noon', 'sis', 'top spot']"
10295,2026-08-28,bedtime parting words,"['night', 'rest easy', 'sleep tight', 'sweet dreams']"
10296,2026-08-29,starting with figures from greek myth,"['at last', 'herald', 'hydrant', 'tritone']"
10297,2026-08-29,keyboard keys,"['control', 'escape', 'shift', 'space']"
10298,2026-08-29,kinds of salad,"['chopped', 'greek', 'house', 'wedge']"
10299,2026-08-29,under the hood of a car,"['alternator', 'battery', 'engine', 'radiator']"
10300,2026-08-30,words on an old west wanted poster,"['alias', 'outlaw', 'reward', 'wanted']"
10301,2026-08-30,brands with bunny rabbit mascots,"['cadbury', 'energizer', 'playboy', 'trix']"
10302,2026-08-30,wine accessories,"['aerator', 'corkscrew', 'decanter', 'stopper']"
10303,2026-08-30,exercise facilities,"['gymnasium', 'health club', 'rec center', 'ymca']"
10304,2026-08-31,___ bowl,"['dust', 'poke', 'salad', 'super']"
10305,2026-08-31,historical sovereign titles,"['caliph', 'khan', 'pharaoh', 'shogun']"
10306,2026-08-31,warnings on a shipping box,"['fragile', 'heavy', 'perishable', 'this side up']"
10307,2026-08-31,things that come in tubes,"['lipstick', 'poster', 'tennis balls', 'toothpaste']"
10308,2026-09-01,starting with words of intention,"['aimee mann', 'hope diamond', 'planetarium', 'wishy-washy']"
10309,2026-09-01,private investigators of fiction,"['hercule poirot', 'mike hammer', 'sam spade', 'sherlock holmes']"
10310,2026-09-01,"long, skinny things often seen together","['arrow', 'golf club', 'pick-up stick', 'spaghetto']"
10311,2026-09-01,"""i promise!""","['cross my heart', 'for real', 'on god', 'pinky swear']"
10312,2026-09-02,___ dogs (that aren't dogs),"['corn', 'prairie', 'salty', 'top']"
10313,2026-09-02,___ dogs (that are dogs),"['hunting', 'rescue', 'sausage', 'sheep']"
10314,2026-09-02,things in a violin case,"['bow', 'mute', 'rosin', 'shoulder rest']"
10315,2026-09-02,flabbergast,"['dazzle', 'floor', 'stun', 'wow']"
10316,2026-09-03,spreadsheet functions,"['average', 'count', 'max', 'sum']"
10317,2026-09-03,toy car brands,"['hot wheels', 'matchbox', 'micro machines', 'tonka']"
10318,2026-09-03,shades of red,"['carmine', 'cinnabar', 'maroon', 'vermillion']"
10319,2026-09-03,two shakes of a lamb's tail,"['blink', 'flash', 'heartbeat', 'trice']"
10320,2026-09-04,accessories inside starting and ending letters,"['cringy', 'opine', 'stied', ""that's""]"
10321,2026-09-04,kinds of eels,"['conger', 'gulper', 'moray', 'ribbon']"
10322,2026-09-04,food whose name is two foods,"['cake donut', 'candy corn', 'cherry tomato', 'pizza pie']"
10323,2026-09-04,spherical things,"['bowling ball', 'eye', 'moon', 'orange']"
10324,2026-09-05,desserts minus last letter,"['cobble', 'pi', 'tar', 'tort']"
10325,2026-09-05,___head,"['bobble', 'hammer', 'jug', 'sleepy']"
10326,2026-09-05,bird onomatopoeia,"['coo', 'gobble', 'honk', 'warble']"
10327,2026-09-05,move unsteadily,"['sway', 'toddle', 'totter', 'wobble']"
10328,2026-09-06,ending with ways to carve a surface,"['court scribe', ""director's cut"", 'pizza slice', 'sat score']"
10329,2026-09-06,abbreviations followed by redundant word,"['atm machine', 'lcd display', 'pin number', 'upc code']"
10330,2026-09-06,places to insert something into on a computer,"['card slot', 'headphone jack', 'optical drive', 'usb port']"
10331,2026-09-06,unrestricted permission,"['blank check', 'carte blanche', 'free reign', 'full authority']"
10332,2026-09-07,starting with disney characters,"['plutonium', 'scar tissue', 'stitch marker', 'trampoline']"
10333,2026-09-07,associated with pine trees,"['car air freshener', 'christmas', 'needles', 'turpentine']"
10334,2026-09-07,parts of a bra,"['cup', 'hook', 'strap', 'underwire']"
10335,2026-09-07,quite the saga,"['fabrication', 'fish story', 'tall tale', 'yarn']"
10336,2026-09-08,candy bars plus a letter,"['doves', 'marsh', 'skort', 'twixt']"
10337,2026-09-08,___ heart,"['artichoke', 'purple', 'sacred', 'take to']"
10338,2026-09-08,features of a mime costume,"['beret', 'gloves', 'stripes', 'suspenders']"
10339,2026-09-08,classic american performance cars,"['corvette', 'firebird', 'mustang', 'viper']"
10340,2026-09-09,"words before ""force""","['brute', 'electromagnetic', 'g', 'task']"
10341,2026-09-09,horror movies,"['arachnophobia', 'halloween', 'it', 'saw']"
10342,2026-09-09,"words with ""small"" prefixes","['microbrewery', 'minivan', 'nanotechnology', 'picosecond']"
10343,2026-09-09,hard to understand,"['bewildering', 'esoteric', 'incomprehensible', 'opaque']"
10344,2026-09-10,"ending in synonyms for ""happening now""","['adult contemporary', 'alternating current', 'represent', 'sextant']"
10345,2026-09-10,bruce springsteen classics,"['atlantic city', 'badlands', 'born to run', 'thunder road']"
10346,2026-09-10,what you might see sticking out of a window,"['air conditioner', 'catio', 'clothesline', 'flower box']"
10347,2026-09-10,chemical elements,"['actinium', 'krypton', 'lead', 'sulfur']"
10348,2026-09-11,things that are pushed metaphorically,"['agenda', 'envelope', 'limits', 'luck']"
10349,2026-09-11,ways to practice self-care,"['exercise', 'journal', 'meditate', 'unplug']"
10350,2026-09-11,internalize,"['absorb', 'digest', 'process', 'take in']"
10351,2026-09-11,people hired for an event,"['band', 'florist', 'photographer', 'planner']"
10352,2026-09-12,___ alert,"['nerd', 'red', 'spoiler', 'weather']"
10353,2026-09-12,things that blink,"['cursor', 'eyelids', 'smoke detector', 'turn signal']"
10354,2026-09-12,people in an online forum,"['lurker', 'poster', 'spammer', 'troll']"
10355,2026-09-12,ways to personalize a car,"['bumper sticker', 'fuzzy dice', 'hood ornament', 'vanity plate']"
10356,2026-09-13,ending in elevated landforms,"['doublespeak', 'heathcliff', 'paramount', 'porridge']"
10357,2026-09-13,words that sound like two letters,"['empty', 'excess', 'kewpie', 'odie']"
10358,2026-09-13,u.s. presidents,"['cleveland', 'garfield', 'grant', 'madison']"
10359,2026-09-13,lacking in firmness,"['droopy', 'flaccid', 'sagging', 'slack']"
10360,2026-09-14,___grass,"['blue', 'crab', 'lemon', 'wheat']"
10361,2026-09-14,common single-use plastic items,"['bag', 'cutlery', 'stirrer', 'straw']"
10362,2026-09-14,informant,"['canary', 'rat', 'snitch', 'stoolie']"
10363,2026-09-14,waterbirds,"['coot', 'goose', 'loon', 'teal']"
10364,2026-09-15,things that appear at the end,"['caboose', 'december', 'dessert', 'epilogue']"
10365,2026-09-15,undercover operative,"['asset', 'mole', 'plant', 'sleeper']"
10366,2026-09-15,parts of a whistling kettle,"['handle', 'lid', 'spout', 'whistle']"
10367,2026-09-15,instruct,"['coach', 'direct', 'guide', 'train']"
10368,2026-09-16,sausages plus a letter,"['borat', 'clink', 'frank-n-furter', 'widener']"
10369,2026-09-16,poets' middle names,"['barrett', 'carlos', 'st. vincent', 'wadsworth']"
10370,2026-09-16,starting with u.s. coins,"['dimension', 'nickelodeon', 'pennywise', 'quarterback']"
10371,2026-09-16,ending in metal elements,"['latin', 'long john silver', 'marigold', 'steam iron']"
10372,2026-09-17,love ___,"['handles', 'language', 'tap', 'triangle']"
10373,2026-09-17,"hugh jackman movies, with ""the""","['fountain', 'prestige', 'sheep detectives', 'wolverine']"
10374,2026-09-17,things that are underground,"['mine shaft', 'sewer line', 'subway station', 'well']"
10375,2026-09-17,elasticity,"['bounce', 'flexibility', 'give', 'spring']"
10376,2026-09-18,___case,"['brief', 'pillow', 'stair', 'upper']"
10377,2026-09-18,parts of a flight,"['boarding', 'cruise', 'landing', 'takeoff']"
10378,2026-09-18,assortments of food/drink,"['flight', 'medley', 'platter', 'sampler']"
10379,2026-09-18,segment of a process,"['phase', 'round', 'stage', 'step']"
10380,2026-09-19,starting with abbreviated math functions,"['cos lettuce', 'log cabin', 'sin city', 'tan line']"
10381,2026-09-19,associated with swinging london in the 1960s,"['carnaby street', 'miniskirt', 'mod', 'twiggy']"
10382,2026-09-19,features of a kid's drawing,"['house', 'stick figure', 'sun', 'tree']"
10383,2026-09-19,widen one's scope,"['branch out', 'diversify', 'expand', 'grow']"
10384,2026-09-20,___boards you ride on,"['hover', 'skate', 'snow', 'surf']"
10385,2026-09-20,vampire movies,"['blade', 'near dark', 'sinners', 'twilight']"
10386,2026-09-20,associated with kentucky,"['bluegrass', 'bourbon', 'derby', 'fried chicken']"
10387,2026-09-20,round flat things,"['blu-ray', 'coaster', 'sand dollar', 'tortilla']"
10388,2026-09-21,starts of composers' names,"['beet', 'brah', 'chop', 'viva']"
10389,2026-09-21,chess verbs,"['capture', 'castle', 'check', 'mate']"
10390,2026-09-21,ways to attract fish,"['chum', 'fly', 'spinner', 'worm']"
10391,2026-09-21,email buttons,"['compose', 'drafts', 'sent', 'spam']"
10392,2026-09-22,beverages with acute accents removed,"['cafe', 'patron', 'rose', 'the']"
10393,2026-09-22,options on a multiple choice survey,"['agree', 'disagree', 'neutral', 'other']"
10394,2026-09-22,embellishment,"['accent', 'detail', 'flourish', 'touch']"
10395,2026-09-22,demonstratives,"['that', 'these', 'this', 'those']"
10396,2026-09-23,"ending in synonyms for ""term""","['bitcoin', 'record label', 'rub-a-dub', 'suriname']"
10397,2026-09-23,things that come in cans,"['condensed milk', 'paint', 'shaving cream', 'spam']"
10398,2026-09-23,website hurdles,"['age verification', 'captcha', 'cookie consent', 'paywall']"
10399,2026-09-23,things you grab before leaving the house,"['keys', 'phone', 'sunglasses', 'wallet']"
10400,2026-09-24,anagrams,"['beer hat', 'breathe', 'herb tea', 'the bear']"
10401,2026-09-24,featuring pointing,"['creation of adam', 'foam finger', ""i'm with stupid shirt"", 'uncle sam']"
10402,2026-09-24,things with spring/s,"['bobblehead', 'pogo stick', 'snakes in a can', 'trampoline']"
10403,2026-09-24,parts of a vampire costume,"['cape', 'face paint', 'fake blood', 'fangs']"
10404,2026-09-25,taxonomic ranks plus a letter,"['border', 'classy', 'foamily', 'genius']"
10405,2026-09-25,famous dans,"['aykroyd', 'levy', 'rather', 'savage']"
10406,2026-09-25,parts of a mechanical clock,"['escapement', 'pendulum', 'ratchet', 'spring']"
10407,2026-09-25,luxe,"['bougie', 'fancy', 'posh', 'swank']"
10408,2026-09-26,"""cool"" things, in expressions","['beans', 'cat', 'cucumber', 'customer']"
10409,2026-09-26,features of wood,"['burl', 'grain', 'knots', 'rings']"
10410,2026-09-26,things done to a dress shirt at the laundry,"['fold', 'press', 'starch', 'wash']"
10411,2026-09-26,breath fresheners,"['gum', 'mint', 'mouthwash', 'spray']"
10412,2026-09-27,ending in chinese dynasties,"['bbqing', 'homing', 'lohan', 'wu-tang']"
10413,2026-09-27,telecom,"['carrier', 'network', 'operator', 'provider']"
10414,2026-09-27,restaurant seating options,"['banquette', 'booth', 'chair', 'stool']"
10415,2026-09-27,sculpture media,"['bronze', 'clay', 'marble', 'plaster']"
10416,2026-09-28,three letters plus repeated trigrams,"['arkansans', 'chihuahua', 'possesses', 'springing']"
10417,2026-09-28,dodge models,"['challenger', 'charger', 'durango', 'viper']"
10418,2026-09-28,oyster condiments,"['horseradish', 'lemon', 'mignonette', 'tabasco']"
10419,2026-09-28,things with stalks,"['bamboo', 'celery', 'corn', 'wheat']"
10420,2026-09-29,phrases hiding greek letters,"['freeze tag', 'home game', 'model tank', 'oral phase']"
10421,2026-09-29,first words of pixar films,"['finding', 'inside', 'monsters', 'toy']"
10422,2026-09-29,river features,"['delta', 'drainage basin', 'mouth', 'stream bed']"
10423,2026-09-29,secluded,"['hidden', 'remote', 'secret', 'tucked away']"
10424,2026-09-30,starting with month abbreviations,"['decent', 'novelty', 'octopussy', 'septum']"
10425,2026-09-30,gangster movies,"['bugsy', 'casino', 'donnie brasco', 'scarface']"
10426,2026-09-30,things that are shaken (not stirred),"['etch a sketch', 'martini', 'spray paint', 'tambourine']"
10427,2026-09-30,securities,"['bond', 'future', 'option', 'stock']"
10428,2026-10-01,starts of nyt print puzzles,"['acro', 'cross', 'ken', 'sud']"
10429,2026-10-01,"2000s indie rock bands, with ""the""","['decemberists', 'national', 'shins', 'walkmen']"
10430,2026-10-01,dress shirt measurements,"['chest', 'neck', 'sleeve', 'waist']"
10431,2026-10-01,put,"['place', 'position', 'situate', 'stick']"
10432,2026-10-02,prime ___,"['number', 'real estate', 'rib', 'time']"
10433,2026-10-02,customary,"['common', 'routine', 'standard', 'stock']"
10434,2026-10-02,fingers,"['index', 'little', 'middle', 'ring']"
10435,2026-10-02,finance,"['back', 'bankroll', 'fund', 'support']"
10436,2026-10-03,ending in fantasy creatures,"['diet sprite', 'merv griffin', 'ny giant', 'river phoenix']"
10437,2026-10-03,starting with u.s. museums,"['broad bean', 'getty images', 'met halfway', 'whitney houston']"
10438,2026-10-03,ending in musicals,"['elbow grease', 'fat cats', 'linda hamilton', 'something wicked']"
10439,2026-10-03,"starting with terms for ""toilet""","['can opener', 'head waiter', 'john denver', 'w.c. fields']"
10440,2026-10-04,silent ___,"['auction', 'film', 'partner', 'treatment']"
10441,2026-10-04,parts of a judge costume,"['collar', 'gavel', 'robe', 'wig']"
10442,2026-10-04,table tennis needs,"['ball', 'net', 'paddle', 'table']"
10443,2026-10-04,considerable amount,"['bunch', 'heap', 'lot', 'stack']"
10444,2026-10-05,ending in ways to temporarily acquire,"['parent', 'please', 'sapphire', 'sloan']"
10445,2026-10-05,kinds of boards,"['advisory', 'chess', 'ironing', 'message']"
10446,2026-10-05,adjectives for mature content,"['explicit', 'graphic', 'strong', 'suggestive']"
10447,2026-10-05,calm,"['content', 'peaceful', 'placid', 'serene']"
10448,2026-10-06,ending in talents,"['catskill', 'knickknack', 'pianoforte', 'stability']"
10449,2026-10-06,___ inn hotels,"['comfort', 'days', 'hampton', 'holiday']"
10450,2026-10-06,kinds of chairs,"['adirondack', 'eames', 'windsor', 'wingback']"
10451,2026-10-06,"financial firms, for short","['berkshire', 'citi', 'goldman', 'merrill']"
